{"type": "FeatureCollection", "features": [{"type": "Feature", "id": 1, "geometry": {"type": "Polygon", "coordinates": [[[-106.623455, 31.914039], [-106.63589, 31.871519], [-106.581354, 31.813911], [-106.528252, 31.783153], [-106.484652, 31.747814], [-106.467652, 31.759613], [-106.41795, 31.752014], [-106.370149, 31.710715], [-106.339938, 31.669757], [-106.303546, 31.620418], [-106.280821, 31.562067], [-106.236814, 31.513381], [-106.175685, 31.456284], [-106.080268, 31.398707], [-106.004936, 31.392463], [-105.996439, 31.387845], [-105.953953, 31.364754], [-105.938462, 31.31874], [-105.869363, 31.288639], [-105.794396, 31.202245], [-105.773267, 31.166902], [-105.709501, 31.13638], [-105.627359, 31.09855], [-105.579552, 31.035401], [-105.55744, 30.990234], [-105.488036, 30.943283], [-105.399618, 30.888946], [-105.394251, 30.852984], [-105.314872, 30.816966], [-105.218669, 30.801572], [-105.160162, 30.757064], [-105.098291, 30.718919], [-105.062343, 30.686308], [-105.001249, 30.672588], [-104.980763, 30.628817], [-104.97208, 30.610265], [-104.924805, 30.604837], [-104.889385, 30.535149], [-104.869881, 30.45865], [-104.85953, 30.390418], [-104.824323, 30.370471], [-104.761643, 30.301153], [-104.740457, 30.259459], [-104.702797, 30.211741], [-104.692103, 30.107309], [-104.704007, 30.024215], [-104.685488, 29.989948], [-104.672336, 29.911117], [-104.619048, 29.84445], [-104.565697, 29.770467], [-104.53977, 29.676079], [-104.45231, 29.603665], [-104.371184, 29.543068], [-104.308822, 29.524342], [-104.22909, 29.481055], [-104.181282, 29.42627], [-104.143701, 29.383283], [-104.055605, 29.330915], [-103.975244, 29.296022], [-103.856902, 29.281857], [-103.793882, 29.259243], [-103.789043, 29.257507], [-103.724752, 29.191475], [-103.660212, 29.170939], [-103.592369, 29.150265], [-103.524622, 29.121003], [-103.463205, 29.066827], [-103.362007, 29.018919], [-103.281199, 28.982143], [-103.22781, 28.991537], [-103.126757, 28.982129], [-103.100377, 29.026882], [-103.076364, 29.085727], [-103.035692, 29.103034], [-102.995697, 29.161224], [-102.917814, 29.190702], [-102.871356, 29.24163], [-102.891031, 29.287118], [-102.871866, 29.352098], [-102.824573, 29.399563], [-102.830979, 29.444272], [-102.808701, 29.522324], [-102.77754, 29.556502], [-102.738437, 29.621934], [-102.693475, 29.676512], [-102.677201, 29.738266], [-102.612888, 29.748187], [-102.55109, 29.752363], [-102.512696, 29.780308], [-102.468955, 29.779822], [-102.392915, 29.765574], [-102.369531, 29.8204], [-102.34987, 29.862322], [-102.318693, 29.872198], [-102.30139, 29.877679], [-102.227562, 29.843539], [-102.161683, 29.819492], [-102.115691, 29.792395], [-102.073655, 29.786931], [-102.021928, 29.802496], [-101.966176, 29.807348], [-101.875409, 29.794028], [-101.80945, 29.790166], [-101.761628, 29.778865], [-101.714233, 29.767665], [-101.654587, 29.765168], [-101.561578, 29.794663], [-101.503232, 29.764587], [-101.453508, 29.759676], [-101.400644, 29.738084], [-101.367206, 29.664046], [-101.30734, 29.640721], [-101.305541, 29.57793], [-101.254903, 29.520347], [-101.192728, 29.52029], [-101.137511, 29.473547], [-101.060159, 29.458666], [-100.995615, 29.363408], [-100.88685, 29.307853], [-100.848672, 29.271426], [-100.801876, 29.232836], [-100.795689, 29.227735], [-100.772657, 29.168497], [-100.72747, 29.129128], [-100.674664, 29.099782], [-100.671223, 29.083521], [-100.660216, 29.031502], [-100.647001, 28.957084], [-100.627214, 28.903739], [-100.576854, 28.836173], [-100.535838, 28.805893], [-100.533025, 28.763285], [-100.506709, 28.71675], [-100.500362, 28.661965], [-100.448656, 28.616779], [-100.397278, 28.575642], [-100.388868, 28.515753], [-100.368296, 28.477201], [-100.337067, 28.427156], [-100.320401, 28.362122], [-100.287562, 28.301098], [-100.267612, 28.250274], [-100.197518, 28.197005], [-100.174421, 28.179453], [-100.075482, 28.124887], [-100.028733, 28.073123], [-99.984931, 27.990734], [-99.932169, 27.967715], [-99.917469, 27.917978], [-99.904393, 27.875289], [-99.877848, 27.824381], [-99.844745, 27.778814], [-99.801659, 27.741776], [-99.758542, 27.717076], [-99.704609, 27.654959], [-99.624523, 27.63452], [-99.55682, 27.614341], [-99.530146, 27.580212], [-99.528328, 27.498901], [-99.497527, 27.500501], [-99.495112, 27.451523], [-99.487529, 27.412401], [-99.529662, 27.306056], [-99.487945, 27.294946], [-99.463317, 27.268442], [-99.460834, 27.262245], [-99.445246, 27.223346], [-99.429992, 27.159154], [-99.442131, 27.106844], [-99.446978, 27.026031], [-99.387375, 26.982404], [-99.361152, 26.928925], [-99.328908, 26.879765], [-99.268621, 26.843217], [-99.242452, 26.788266], [-99.208915, 26.724765], [-99.20053, 26.656447], [-99.176824, 26.569665], [-99.171412, 26.549852], [-99.105039, 26.500339], [-99.091643, 26.476981], [-99.110863, 26.426282], [-99.08201, 26.396514], [-99.032324, 26.412086], [-98.958333, 26.39406], [-98.890973, 26.357573], [-98.807356, 26.369425], [-98.77992, 26.326546], [-98.698864, 26.265623], [-98.654229, 26.235964], [-98.613473, 26.252032], [-98.593172, 26.242879], [-98.576196, 26.235225], [-98.5035, 26.214802], [-98.442544, 26.199155], [-98.386702, 26.157876], [-98.302987, 26.110054], [-98.248814, 26.073105], [-98.197054, 26.056157], [-98.149471, 26.055817], [-98.091046, 26.059173], [-98.080123, 26.0554], [-98.039247, 26.041279], [-98.010979, 26.063867], [-97.944353, 26.059625], [-97.871194, 26.058087], [-97.862266, 26.05775], [-97.795298, 26.055222], [-97.758845, 26.032135], [-97.697076, 26.023459], [-97.644018, 26.006618], [-97.582572, 25.937861], [-97.542964, 25.920039], [-97.496868, 25.880062], [-97.454734, 25.879341], [-97.422643, 25.840382], [-97.372871, 25.840121], [-97.360089, 25.868878], [-97.365983, 25.902451], [-97.338353, 25.923129], [-97.27717, 25.935442], [-97.206952, 25.960903], [-97.156615, 25.949026], [-97.145574, 25.971136], [-97.151929, 26.017657], [-97.158805, 26.082664], [-97.196942, 26.305869], [-97.227296, 26.411182], [-97.253808, 26.503168], [-97.287548, 26.600344], [-97.322757, 26.701751], [-97.366879, 26.885586], [-97.378704, 27.060049], [-97.358476, 27.234801], [-97.346858, 27.277963], [-97.336129, 27.317823], [-97.296064, 27.42718], [-97.257332, 27.510649], [-97.222999, 27.576612], [-97.212686, 27.596425], [-97.140861, 27.716693], [-97.090742, 27.785893], [-97.044853, 27.834471], [-97.043691, 27.836537], [-97.003332, 27.908312], [-96.886466, 28.030739], [-96.852078, 28.059826], [-96.792165, 28.110502], [-96.719634, 28.164599], [-96.632017, 28.222826], [-96.442856, 28.317671], [-96.390383, 28.38182], [-96.37854, 28.38987], [-96.328824, 28.423664], [-96.194419, 28.502229], [-96.000689, 28.588243], [-95.812511, 28.664947], [-95.684096, 28.734046], [-95.588808, 28.783174], [-95.507044, 28.824741], [-95.439601, 28.859027], [-95.382397, 28.866353], [-95.297154, 28.934078], [-95.191398, 29.023095], [-95.125141, 29.067326], [-95.115057, 29.075557], [-95.026226, 29.148069], [-94.803702, 29.279242], [-94.722537, 29.331451], [-94.731054, 29.369146], [-94.670396, 29.430785], [-94.59486, 29.467908], [-94.500814, 29.505372], [-94.370823, 29.555651], [-94.354129, 29.562108], [-94.161556, 29.636593], [-94.056513, 29.671168], [-93.961874, 29.682218], [-93.861298, 29.679012], [-93.837978, 29.690624], [-93.863211, 29.724064], [-93.890828, 29.761678], [-93.929215, 29.802957], [-93.872453, 29.851655], [-93.852316, 29.872096], [-93.830381, 29.894364], [-93.807822, 29.954554], [-93.741085, 30.021576], [-93.70619, 30.05232], [-93.703947, 30.054296], [-93.702443, 30.112726], [-93.703771, 30.173941], [-93.713366, 30.225266], [-93.711069, 30.243976], [-93.707197, 30.275518], [-93.760335, 30.329929], [-93.74534, 30.397027], [-93.73818, 30.402552], [-93.702672, 30.429952], [-93.710124, 30.506405], [-93.729202, 30.544847], [-93.684336, 30.592591], [-93.685128, 30.625206], [-93.629911, 30.679945], [-93.617695, 30.738484], [-93.56931, 30.802974], [-93.558624, 30.869429], [-93.554582, 30.877475], [-93.530943, 30.92454], [-93.549848, 30.967124], [-93.539533, 31.008504], [-93.531226, 31.051684], [-93.540285, 31.128874], [-93.535104, 31.18562], [-93.552504, 31.184826], [-93.60061, 31.182631], [-93.60245, 31.182547], [-93.613949, 31.259381], [-93.675447, 31.301046], [-93.668153, 31.375109], [-93.69761, 31.428415], [-93.749483, 31.468696], [-93.725932, 31.504098], [-93.787694, 31.52735], [-93.834931, 31.586217], [-93.816845, 31.622515], [-93.803426, 31.700692], [-93.853397, 31.805473], [-93.878259, 31.844282], [-93.909564, 31.89315], [-93.977468, 31.926425], [-94.029435, 31.979693], [-94.04184, 31.992408], [-94.042688, 32.137962], [-94.042703, 32.196071], [-94.042746, 32.363565], [-94.042795, 32.392289], [-94.04309, 32.564267], [-94.043058, 32.693036], [-94.043033, 32.797482], [-94.043009, 32.881095], [-94.042971, 33.019225], [-94.042726, 33.160297], [-94.042953, 33.271247], [-94.043074, 33.330504], [-94.042995, 33.43583], [-94.043435, 33.551431], [-94.072677, 33.57224], [-94.143031, 33.577731], [-94.183402, 33.592218], [-94.213612, 33.570628], [-94.238875, 33.576728], [-94.303749, 33.564492], [-94.338429, 33.567088], [-94.354172, 33.556458], [-94.388059, 33.565517], [-94.419064, 33.577223], [-94.485882, 33.637873], [-94.528935, 33.621846], [-94.572879, 33.669892], [-94.630593, 33.673407], [-94.714872, 33.707267], [-94.73194, 33.720837], [-94.766153, 33.748037], [-94.841641, 33.739437], [-94.902283, 33.776295], [-94.939567, 33.810509], [-94.981657, 33.85229], [-95.046575, 33.862571], [-95.095009, 33.904822], [-95.149469, 33.936342], [-95.155915, 33.938488], [-95.2264, 33.96196], [-95.25363, 33.929716], [-95.283452, 33.877752], [-95.310457, 33.873849], [-95.352345, 33.867795], [-95.447377, 33.868856], [-95.525329, 33.885493], [-95.556922, 33.927026], [-95.603664, 33.927201], [-95.669985, 33.90585], [-95.737515, 33.895973], [-95.789647, 33.872443], [-95.820603, 33.858471], [-95.844886, 33.860428], [-95.887498, 33.863862], [-95.935332, 33.875105], [-96.063931, 33.841529], [-96.151637, 33.831952], [-96.173032, 33.800566], [-96.22903, 33.748027], [-96.277276, 33.769741], [-96.307396, 33.735011], [-96.363142, 33.694221], [-96.379668, 33.715537], [-96.403514, 33.746295], [-96.436462, 33.780056], [-96.502294, 33.773466], [-96.523871, 33.81812], [-96.572945, 33.819104], [-96.592934, 33.830922], [-96.59012, 33.880671], [-96.594682, 33.883025], [-96.659904, 33.916672], [-96.682111, 33.876651], [-96.71243, 33.831639], [-96.776774, 33.841982], [-96.794284, 33.868892], [-96.850601, 33.847217], [-96.897202, 33.90296], [-96.905261, 33.947225], [-96.934351, 33.945595], [-96.944625, 33.945019], [-96.952321, 33.944588], [-96.988753, 33.918474], [-96.985575, 33.886528], [-97.055846, 33.855747], [-97.078598, 33.812762], [-97.08786, 33.774105], [-97.09108, 33.735121], [-97.149402, 33.721973], [-97.20566, 33.80983], [-97.166637, 33.847317], [-97.206149, 33.914286], [-97.246188, 33.90035], [-97.318251, 33.865127], [-97.372949, 33.81946], [-97.444201, 33.823779], [-97.451477, 33.870936], [-97.484151, 33.913895], [-97.486513, 33.917], [-97.558278, 33.897105], [-97.561251, 33.899067], [-97.596163, 33.922112], [-97.609099, 33.968099], [-97.67178, 33.991376], [-97.759842, 33.925216], [-97.803481, 33.880196], [-97.865773, 33.849399], [-97.951223, 33.87843], [-97.951914, 33.891232], [-97.953703, 33.924379], [-97.94758, 33.991059], [-98.005675, 33.99597], [-98.082847, 34.002418], [-98.099104, 34.048645], [-98.099336, 34.104301], [-98.123385, 34.154546], [-98.138494, 34.141212], [-98.169128, 34.114177], [-98.22529, 34.127251], [-98.318758, 34.146427], [-98.364031, 34.157115], [-98.398449, 34.128462], [-98.414434, 34.08508], [-98.423541, 34.081955], [-98.475074, 34.064275], [-98.528208, 34.094967], [-98.577144, 34.148968], [-98.610208, 34.156183], [-98.648081, 34.164447], [-98.69008, 34.133161], [-98.73724, 34.130998], [-98.806818, 34.155907], [-98.872237, 34.160452], [-98.940228, 34.203692], [-98.952333, 34.204676], [-99.002924, 34.208788], [-99.058808, 34.201262], [-99.131561, 34.209358], [-99.189519, 34.214318], [-99.211608, 34.313976], [-99.221616, 34.325379], [-99.275348, 34.386605], [-99.350415, 34.437089], [-99.394964, 34.442105], [-99.42044, 34.38047], [-99.470977, 34.396477], [-99.47503, 34.396877], [-99.584488, 34.407679], [-99.600034, 34.374694], [-99.69647, 34.381042], [-99.76489, 34.435272], [-99.818194, 34.487846], [-99.842072, 34.506939], [-99.929342, 34.57672], [-99.997638, 34.561143], [-100.000389, 34.560515], [-100.000391, 34.746366], [-100.000392, 35.029936], [-100.000393, 35.182708], [-100.000397, 35.42237], [-100.000401, 35.619121], [-100.000405, 35.881239], [-100.000408, 36.055683], [-100.000415, 36.499708], [-100.003771, 36.499708], [-100.311027, 36.499694], [-100.546154, 36.499511], [-100.592623, 36.499475], [-100.884183, 36.499688], [-100.954161, 36.499536], [-101.085165, 36.49925], [-101.623924, 36.499534], [-101.826574, 36.49966], [-102.032348, 36.500072], [-102.162472, 36.500332], [-103.002443, 36.500403], [-103.041933, 36.500445], [-103.040833, 36.055237], [-103.041366, 35.739439], [-103.041563, 35.622493], [-103.042627, 35.183163], [-103.04272, 35.144741], [-103.042748, 34.954148], [-103.042778, 34.747367], [-103.043081, 34.619788], [-103.043955, 34.379561], [-103.043859, 34.312756], [-103.043845, 34.302654], [-103.043525, 34.079388], [-103.047355, 33.824681], [-103.052619, 33.570605], [-103.05262, 33.57058], [-103.056504, 33.38842], [-103.060112, 33.219231], [-103.063478, 32.959112], [-103.064898, 32.849364], [-103.064838, 32.726956], [-103.06477, 32.587988], [-103.064705, 32.522198], [-103.064431, 32.145011], [-103.064431, 32.087056], [-103.064432, 32.000523], [-103.32651, 32.000375], [-103.722891, 32.000171], [-103.980223, 32.000038], [-104.02453, 32.000015], [-104.643535, 32.000448], [-104.847749, 32.00047], [-104.918366, 32.000477], [-105.154003, 32.000502], [-105.750537, 32.002211], [-105.997981, 32.00198], [-106.200709, 32.00179], [-106.377183, 32.001245], [-106.513996, 32.000823], [-106.618496, 32.0005], [-106.630124, 31.971263], [-106.623455, 31.914039]]]}, "properties": {"OBJECTID": 1, "NAME": "Texas", "ABBR": "TX", "Shape_Length": 45.047435829785, "Shape_Area": 65.77859530662137}}, {"type": "Feature", "id": 2, "geometry": {"type": "MultiPolygon", "coordinates": [[[[-118.593981, 33.467203], [-118.563454, 33.434386], [-118.482621, 33.369919], [-118.46538, 33.326061], [-118.37478, 33.32007], [-118.325256, 33.29908], [-118.286273, 33.351468], [-118.370335, 33.40929], [-118.484797, 33.487488], [-118.593981, 33.467203]]], [[[-118.594045, 33.035956], [-118.64159, 33.017134], [-118.581525, 32.931677], [-118.48792, 32.844595], [-118.425646, 32.8006], [-118.353516, 32.821967], [-118.446783, 32.895429], [-118.540081, 32.980938], [-118.594045, 33.035956]]], [[[-119.578954, 33.278633], [-119.545884, 33.233411], [-119.464737, 33.215437], [-119.429571, 33.228172], [-119.427183, 33.266028], [-119.510501, 33.307274], [-119.578954, 33.278633]]], [[[-119.916228, 34.058356], [-119.876928, 34.023532], [-119.87337, 33.98038], [-119.79595, 33.962934], [-119.721218, 33.959588], [-119.662837, 33.985894], [-119.554484, 33.997825], [-119.487732, 33.99652], [-119.391599, 33.994641], [-119.363077, 34.000553], [-119.364226, 34.050799], [-119.442666, 34.054161], [-119.470749, 34.054001], [-119.566712, 34.053457], [-119.739484, 34.049304], [-119.857316, 34.071303], [-119.916228, 34.058356]]], [[[-120.368291, 34.07647], [-120.454147, 34.028086], [-120.364853, 33.991786], [-120.200097, 33.956909], [-120.179061, 33.927999], [-120.121829, 33.895717], [-120.049694, 33.914568], [-119.973703, 33.942486], [-119.984328, 33.983953], [-120.055119, 34.037734], [-120.135865, 34.026092], [-120.242493, 34.057177], [-120.368291, 34.07647]]], [[[-124.387037, 40.504959], [-124.409605, 40.438081], [-124.365371, 40.37486], [-124.353138, 40.33143], [-124.363428, 40.260979], [-124.343084, 40.243984], [-124.258419, 40.184282], [-124.187888, 40.130547], [-124.139966, 40.116355], [-124.0871, 40.078447], [-124.068922, 40.021312], [-124.035918, 40.013324], [-124.025219, 40.001304], [-123.954966, 39.922378], [-123.907678, 39.863033], [-123.851728, 39.832046], [-123.829559, 39.723076], [-123.792673, 39.684127], [-123.782336, 39.621491], [-123.766489, 39.552808], [-123.814704, 39.446543], [-123.825345, 39.360819], [-123.799005, 39.27136], [-123.765905, 39.193662], [-123.721519, 39.125332], [-123.690754, 39.021298], [-123.732906, 38.954999], [-123.710554, 38.913235], [-123.65986, 38.872534], [-123.638651, 38.84387], [-123.572001, 38.798194], [-123.540936, 38.767661], [-123.514797, 38.741971], [-123.441787, 38.699749], [-123.349625, 38.59681], [-123.331912, 38.565547], [-123.24981, 38.51105], [-123.166441, 38.474952], [-123.085585, 38.39053], [-123.06845, 38.335215], [-123.053517, 38.29939], [-123.004135, 38.297017], [-123.00316, 38.29571], [-122.986332, 38.273169], [-122.987162, 38.237543], [-122.953642, 38.175675], [-122.960902, 38.112967], [-123.011546, 38.003443], [-122.974403, 37.992434], [-122.939724, 38.031913], [-122.856586, 38.016722], [-122.797418, 37.976662], [-122.754619, 37.935532], [-122.702653, 37.893825], [-122.678487, 37.906609], [-122.601303, 37.875131], [-122.537298, 37.830333], [-122.483496, 37.826733], [-122.418483, 37.852726], [-122.448426, 37.893415], [-122.486388, 37.921886], [-122.488678, 37.966719], [-122.453008, 37.996172], [-122.499478, 38.03217], [-122.491296, 38.108092], [-122.488513, 38.109099], [-122.397594, 38.142009], [-122.393601, 38.143454], [-122.301817, 38.105147], [-122.269333, 38.060379], [-122.262874, 38.051478], [-122.321719, 38.010315], [-122.368904, 38.007953], [-122.367595, 37.978173], [-122.425271, 37.955677], [-122.378722, 37.905196], [-122.334543, 37.908796], [-122.328728, 37.893837], [-122.303944, 37.830092], [-122.333724, 37.809802], [-122.312987, 37.777249], [-122.252465, 37.755134], [-122.249823, 37.726411], [-122.213787, 37.6987], [-122.163062, 37.667938], [-122.162816, 37.667278], [-122.152918, 37.640776], [-122.144409, 37.581871], [-122.112011, 37.528856], [-122.129213, 37.521327], [-122.168462, 37.504148], [-122.244385, 37.558145], [-122.360232, 37.592506], [-122.393203, 37.707536], [-122.38984, 37.708336], [-122.361762, 37.715015], [-122.356797, 37.72951], [-122.376475, 37.738563], [-122.385336, 37.790729], [-122.398152, 37.805635], [-122.465409, 37.800884], [-122.511996, 37.771135], [-122.500691, 37.708138], [-122.496797, 37.686438], [-122.496798, 37.665626], [-122.496799, 37.612141], [-122.518101, 37.576143], [-122.516702, 37.521345], [-122.493802, 37.492346], [-122.446, 37.461546], [-122.4437, 37.435946], [-122.409271, 37.37481], [-122.401336, 37.337014], [-122.418465, 37.248526], [-122.397078, 37.187254], [-122.344042, 37.144104], [-122.322984, 37.115465], [-122.294323, 37.105146], [-122.284895, 37.101752], [-122.260494, 37.072553], [-122.206193, 37.013954], [-122.105989, 36.955956], [-122.027187, 36.951155], [-121.951683, 36.971455], [-121.906481, 36.968955], [-121.862279, 36.931557], [-121.812745, 36.850054], [-121.791557, 36.815191], [-121.796839, 36.777548], [-121.814475, 36.682863], [-121.860617, 36.611141], [-121.923879, 36.634564], [-121.97044, 36.582759], [-121.941613, 36.485607], [-121.903208, 36.393608], [-121.888504, 36.302815], [-121.826438, 36.241865], [-121.779864, 36.227412], [-121.680158, 36.165823], [-121.622022, 36.0997], [-121.574615, 36.025161], [-121.531889, 36.014373], [-121.486213, 35.970353], [-121.462277, 35.885623], [-121.406836, 35.844628], [-121.347067, 35.795191], [-121.332462, 35.783111], [-121.314645, 35.713315], [-121.272335, 35.666716], [-121.166725, 35.635404], [-121.114253, 35.571725], [-121.003372, 35.460715], [-120.98424, 35.457908], [-120.955876, 35.453748], [-120.88477, 35.430201], [-120.862146, 35.360768], [-120.879583, 35.294189], [-120.896803, 35.247882], [-120.846687, 35.204434], [-120.756099, 35.160464], [-120.714198, 35.176003], [-120.675087, 35.153066], [-120.6358, 35.12381], [-120.629596, 35.078367], [-120.633583, 35.03309], [-120.650318, 34.975171], [-120.670848, 34.90412], [-120.610279, 34.858185], [-120.626333, 34.738077], [-120.614865, 34.730714], [-120.601983, 34.6921], [-120.645752, 34.58104], [-120.622588, 34.554022], [-120.581306, 34.556964], [-120.550105, 34.542799], [-120.511434, 34.522958], [-120.451438, 34.447099], [-120.295064, 34.470628], [-120.141178, 34.47341], [-120.050695, 34.461656], [-119.971964, 34.444646], [-119.873983, 34.4088], [-119.835783, 34.415801], [-119.785883, 34.416002], [-119.709079, 34.395402], [-119.684678, 34.408302], [-119.616874, 34.421], [-119.536969, 34.3955], [-119.477959, 34.378842], [-119.461048, 34.374069], [-119.375792, 34.321123], [-119.313046, 34.275694], [-119.270156, 34.252908], [-119.264599, 34.236109], [-119.257055, 34.213309], [-119.227755, 34.161733], [-119.109796, 34.094571], [-119.069971, 34.090475], [-118.954734, 34.048172], [-118.944492, 34.046744], [-118.854665, 34.03422], [-118.805126, 34.001244], [-118.744964, 34.032108], [-118.679378, 34.03326], [-118.603584, 34.039053], [-118.519526, 34.027514], [-118.51729, 34.025296], [-118.460623, 33.969116], [-118.41272, 33.883918], [-118.394319, 33.80432], [-118.428419, 33.77472], [-118.396618, 33.735922], [-118.354717, 33.732322], [-118.333307, 33.721189], [-118.317217, 33.712823], [-118.258699, 33.703746], [-118.231938, 33.7153], [-118.183712, 33.736123], [-118.13271, 33.753222], [-118.115089, 33.743808], [-118.088908, 33.729822], [-118.000605, 33.654324], [-117.927103, 33.605526], [-117.840301, 33.573528], [-117.8142, 33.552229], [-117.739092, 33.493311], [-117.726498, 33.483432], [-117.715361, 33.460561], [-117.645594, 33.440733], [-117.596201, 33.38697], [-117.595892, 33.386634], [-117.547705, 33.365496], [-117.445595, 33.268522], [-117.362584, 33.168442], [-117.31529, 33.093509], [-117.280782, 33.012348], [-117.263716, 32.939546], [-117.254482, 32.900151], [-117.256182, 32.859452], [-117.262917, 32.849354], [-117.273882, 32.851452], [-117.282182, 32.839552], [-117.280983, 32.822252], [-117.254982, 32.786953], [-117.255181, 32.700056], [-117.246081, 32.669357], [-117.196779, 32.688856], [-117.168878, 32.671957], [-117.136676, 32.618759], [-117.132051, 32.585606], [-117.124874, 32.534161], [-116.857166, 32.557464], [-116.853168, 32.55779], [-116.627062, 32.576266], [-116.540655, 32.583752], [-116.106188, 32.618583], [-116.046632, 32.623358], [-115.465176, 32.667105], [-115.000814, 32.699681], [-114.719644, 32.718768], [-114.705728, 32.741586], [-114.667504, 32.734231], [-114.615736, 32.741284], [-114.570686, 32.747422], [-114.540272, 32.774834], [-114.531757, 32.782508], [-114.468982, 32.84516], [-114.463138, 32.901889], [-114.476651, 32.923633], [-114.481326, 32.972069], [-114.511354, 33.02346], [-114.517504, 33.024721], [-114.575172, 33.036547], [-114.628304, 33.031057], [-114.670814, 33.037989], [-114.706186, 33.10534], [-114.67937, 33.159524], [-114.678108, 33.230305], [-114.674502, 33.255602], [-114.723271, 33.288084], [-114.707974, 33.323426], [-114.70736, 33.376633], [-114.725294, 33.405053], [-114.673913, 33.418304], [-114.635195, 33.422731], [-114.629158, 33.43355], [-114.597295, 33.490658], [-114.52461, 33.552236], [-114.529197, 33.606655], [-114.525213, 33.661588], [-114.505004, 33.693027], [-114.496577, 33.71916], [-114.504875, 33.76047], [-114.520477, 33.827783], [-114.50565, 33.864281], [-114.50872, 33.900645], [-114.534999, 33.928504], [-114.50958, 33.957269], [-114.454819, 34.010973], [-114.435516, 34.04262], [-114.430103, 34.078936], [-114.428038, 34.092792], [-114.405953, 34.111545], [-114.348064, 34.134463], [-114.292817, 34.16673], [-114.229726, 34.186933], [-114.178061, 34.239974], [-114.139066, 34.259543], [-114.140829, 34.303133], [-114.140941, 34.305924], [-114.172856, 34.344984], [-114.264329, 34.401334], [-114.335384, 34.450043], [-114.378864, 34.450381], [-114.378235, 34.516526], [-114.422394, 34.580716], [-114.465258, 34.691207], [-114.490983, 34.724853], [-114.576464, 34.815305], [-114.634394, 34.872895], [-114.629781, 34.943045], [-114.633499, 35.001862], [-114.804261, 35.139694], [-114.948166, 35.255223], [-115.043824, 35.332017], [-115.16008, 35.424134], [-115.303755, 35.538212], [-115.404549, 35.61761], [-115.647695, 35.809363], [-115.648044, 35.809634], [-115.846126, 35.963558], [-115.892987, 35.999972], [-116.093613, 36.15581], [-116.375887, 36.372567], [-116.488245, 36.459102], [-117.000907, 36.847699], [-117.166013, 36.971213], [-117.244929, 37.030249], [-117.680622, 37.353404], [-117.833516, 37.464944], [-118.022193, 37.602588], [-118.428008, 37.89623], [-118.500971, 37.949024], [-118.949686, 38.268945], [-119.155829, 38.413409], [-119.279275, 38.499919], [-119.330379, 38.535515], [-119.585419, 38.713156], [-119.587692, 38.714739], [-119.904328, 38.933329], [-120.001027, 38.999579], [-120.001988, 39.067501], [-120.002628, 39.112695], [-120.003377, 39.165632], [-120.005155, 39.291263], [-120.004809, 39.31648], [-120.003042, 39.445051], [-120.001753, 39.538857], [-119.999949, 39.722412], [-119.997647, 39.95651], [-119.997137, 40.126368], [-119.996168, 40.321255], [-119.997546, 40.720997], [-119.999244, 40.865904], [-119.999879, 41.183979], [-119.998293, 41.61877], [-119.999289, 41.874896], [-119.999181, 41.994545], [-120.181576, 41.994593], [-120.501082, 41.99379], [-120.692233, 41.993682], [-120.879939, 41.993489], [-121.035209, 41.993328], [-121.251113, 41.997575], [-121.439624, 41.997085], [-121.447554, 41.997195], [-121.675362, 42.000356], [-121.846726, 42.003075], [-122.101936, 42.005771], [-122.289541, 42.007769], [-122.289763, 42.00777], [-122.501149, 42.008465], [-122.800094, 42.004076], [-123.045268, 42.003054], [-123.145973, 42.009252], [-123.231015, 42.004975], [-123.347576, 41.999113], [-123.434784, 42.001646], [-123.519127, 41.999178], [-123.657012, 41.995142], [-123.822052, 41.995626], [-124.001202, 41.996151], [-124.211619, 41.998465], [-124.203416, 41.940969], [-124.219606, 41.846437], [-124.245041, 41.792305], [-124.191054, 41.736084], [-124.15426, 41.728806], [-124.143493, 41.709289], [-124.116051, 41.628854], [-124.082001, 41.547766], [-124.067488, 41.464741], [-124.06309, 41.439584], [-124.092298, 41.2877], [-124.122691, 41.189731], [-124.164002, 41.13868], [-124.154527, 41.087164], [-124.125462, 41.048509], [-124.118161, 40.989268], [-124.176729, 40.843623], [-124.301369, 40.659648], [-124.387037, 40.504959]]]]}, "properties": {"OBJECTID": 2, "NAME": "California", "ABBR": "CA", "Shape_Length": 40.75592171821018, "Shape_Area": 41.730153146917026}}, {"type": "Feature", "id": 3, "geometry": {"type": "Polygon", "coordinates": [[[-89.54444, 36.574517], [-89.571487, 36.538094], [-89.539238, 36.497941], [-89.417299, 36.49904], [-89.3452, 36.50135], [-89.211415, 36.505637], [-88.964477, 36.502198], [-88.834595, 36.501987], [-88.827184, 36.501975], [-88.81677, 36.501958], [-88.516364, 36.501471], [-88.511926, 36.501464], [-88.489082, 36.501291], [-88.127383, 36.498547], [-88.053356, 36.500003], [-88.050471, 36.50006], [-88.033807, 36.55174], [-88.055743, 36.630482], [-88.070537, 36.678125], [-88.011797, 36.677032], [-87.849572, 36.663708], [-87.853209, 36.633254], [-87.694191, 36.636845], [-87.641155, 36.638043], [-87.347801, 36.641447], [-87.335984, 36.641584], [-87.115009, 36.644149], [-87.060831, 36.644778], [-86.813042, 36.647654], [-86.763296, 36.648728], [-86.606399, 36.652114], [-86.562073, 36.640754], [-86.551297, 36.637992], [-86.507776, 36.652452], [-86.411501, 36.648247], [-86.20557, 36.639254], [-86.081949, 36.633855], [-85.975718, 36.628645], [-85.873862, 36.623649], [-85.788561, 36.621719], [-85.731867, 36.620436], [-85.488358, 36.615001], [-85.436409, 36.618011], [-85.295817, 36.626157], [-85.290632, 36.626457], [-85.276293, 36.626165], [-85.096133, 36.62249], [-84.974873, 36.61459], [-84.943953, 36.612576], [-84.785404, 36.603382], [-84.785345, 36.603379], [-84.77846, 36.603218], [-84.499942, 36.596685], [-84.261326, 36.592749], [-84.227336, 36.592188], [-84.227198, 36.592187], [-83.987846, 36.589607], [-83.987615, 36.589599], [-83.930765, 36.587701], [-83.894425, 36.586488], [-83.690718, 36.582588], [-83.675417, 36.600821], [-83.614517, 36.63399], [-83.527116, 36.665992], [-83.460959, 36.666138], [-83.436512, 36.666192], [-83.386103, 36.686596], [-83.236403, 36.726894], [-83.136399, 36.743095], [-83.114697, 36.796095], [-83.075594, 36.850596], [-83.012591, 36.847296], [-82.895449, 36.882152], [-82.883758, 36.897137], [-82.865196, 36.92093], [-82.869187, 36.974189], [-82.815752, 37.007203], [-82.750719, 37.024114], [-82.722258, 37.057955], [-82.726298, 37.111859], [-82.56528, 37.195908], [-82.558182, 37.199613], [-82.553643, 37.201458], [-82.449168, 37.243915], [-82.355347, 37.265227], [-82.314374, 37.296314], [-82.309419, 37.300073], [-82.201749, 37.375115], [-81.968301, 37.537805], [-82.064422, 37.544523], [-82.141559, 37.595173], [-82.226115, 37.653099], [-82.296122, 37.686181], [-82.320679, 37.745973], [-82.32736, 37.76224], [-82.369977, 37.801756], [-82.398469, 37.843062], [-82.418694, 37.872382], [-82.48756, 37.916982], [-82.479424, 37.93857], [-82.464991, 37.976866], [-82.549411, 38.06307], [-82.626186, 38.134842], [-82.598868, 38.201014], [-82.584698, 38.24052], [-82.5818, 38.248599], [-82.571881, 38.315788], [-82.597983, 38.344916], [-82.593677, 38.421816], [-82.618478, 38.477096], [-82.664125, 38.507726], [-82.675728, 38.515511], [-82.72485, 38.557607], [-82.800116, 38.56319], [-82.811546, 38.572377], [-82.851318, 38.604341], [-82.869596, 38.678185], [-82.871196, 38.718385], [-82.889197, 38.756084], [-82.943151, 38.743288], [-83.01182, 38.730065], [-83.030339, 38.716875], [-83.042342, 38.708327], [-83.112376, 38.671692], [-83.128977, 38.640238], [-83.172651, 38.620259], [-83.239519, 38.628595], [-83.264272, 38.613139], [-83.286518, 38.599248], [-83.320535, 38.62272], [-83.376306, 38.66148], [-83.440408, 38.669368], [-83.533343, 38.702112], [-83.626926, 38.679394], [-83.642998, 38.64328], [-83.646966, 38.641841], [-83.679488, 38.630043], [-83.705862, 38.638044], [-83.772164, 38.658157], [-83.783624, 38.695648], [-83.834019, 38.716015], [-83.852089, 38.75144], [-83.904379, 38.767291], [-83.928458, 38.77459], [-83.978818, 38.787111], [-84.051646, 38.771404], [-84.052614, 38.771614], [-84.135092, 38.789492], [-84.212908, 38.805714], [-84.22616, 38.829771], [-84.233269, 38.842678], [-84.23231, 38.874715], [-84.232136, 38.88049], [-84.288169, 38.955796], [-84.29726, 38.989701], [-84.321212, 39.020594], [-84.326544, 39.027471], [-84.400945, 39.04637], [-84.432946, 39.083969], [-84.445247, 39.114469], [-84.462047, 39.121768], [-84.480948, 39.116768], [-84.493748, 39.102468], [-84.506523, 39.101774], [-84.550849, 39.099368], [-84.607933, 39.073246], [-84.622052, 39.078342], [-84.677252, 39.098268], [-84.711934, 39.130686], [-84.714053, 39.132667], [-84.750754, 39.147366], [-84.820162, 39.105487], [-84.860694, 39.078147], [-84.897176, 39.052414], [-84.877575, 39.03127], [-84.84945, 39.00093], [-84.832622, 38.961467], [-84.877767, 38.920364], [-84.864332, 38.913802], [-84.830477, 38.897263], [-84.786411, 38.882227], [-84.798706, 38.859232], [-84.803252, 38.85073], [-84.812882, 38.786094], [-84.856909, 38.790231], [-84.96254, 38.778042], [-85.021057, 38.758535], [-85.071933, 38.741574], [-85.146866, 38.695434], [-85.187283, 38.687616], [-85.201765, 38.697448], [-85.23867, 38.722501], [-85.275459, 38.741179], [-85.332646, 38.734824], [-85.340958, 38.7339], [-85.400486, 38.735987], [-85.448867, 38.713375], [-85.438747, 38.659326], [-85.436175, 38.598299], [-85.431421, 38.586293], [-85.415605, 38.546348], [-85.432986, 38.52412], [-85.433141, 38.523921], [-85.474359, 38.504081], [-85.498871, 38.468249], [-85.587763, 38.450502], [-85.62163, 38.417096], [-85.634449, 38.378407], [-85.646206, 38.342923], [-85.683566, 38.295476], [-85.750967, 38.267877], [-85.794506, 38.27796], [-85.816169, 38.282976], [-85.839669, 38.239777], [-85.894769, 38.188476], [-85.895918, 38.179926], [-85.905169, 38.111077], [-85.9224, 38.028686], [-85.951731, 38.014949], [-85.976033, 38.003567], [-85.997357, 37.991233], [-86.033391, 37.970389], [-86.095771, 38.008937], [-86.206444, 38.021883], [-86.278661, 38.098516], [-86.321279, 38.147425], [-86.387221, 38.124639], [-86.433575, 38.087155], [-86.434051, 38.08677], [-86.471908, 38.046225], [-86.488058, 38.043673], [-86.52183, 38.038334], [-86.525179, 37.968235], [-86.509373, 37.902894], [-86.599853, 37.906761], [-86.61522, 37.852864], [-86.646715, 37.864919], [-86.658379, 37.869383], [-86.722252, 37.892655], [-86.779998, 37.956529], [-86.810918, 37.997157], [-86.813585, 37.996074], [-86.875879, 37.970777], [-86.927752, 37.934963], [-86.977747, 37.925706], [-87.01032, 37.919675], [-87.043054, 37.875056], [-87.057841, 37.827464], [-87.105619, 37.767638], [-87.137507, 37.807271], [-87.180068, 37.841382], [-87.255255, 37.867333], [-87.270393, 37.87543], [-87.304063, 37.89344], [-87.33177, 37.90826], [-87.41859, 37.94477], [-87.448706, 37.933862], [-87.486352, 37.920225], [-87.551282, 37.925425], [-87.608484, 37.898801], [-87.625856, 37.851926], [-87.681638, 37.855924], [-87.713163, 37.88305], [-87.72364, 37.892065], [-87.808018, 37.875198], [-87.872545, 37.921006], [-87.921749, 37.907892], [-87.925399, 37.899599], [-87.938133, 37.870658], [-87.903809, 37.817769], [-87.935866, 37.78971], [-87.970267, 37.781863], [-88.028036, 37.799231], [-88.059594, 37.742615], [-88.132347, 37.697149], [-88.160068, 37.654339], [-88.132437, 37.57529], [-88.131628, 37.572975], [-88.072247, 37.528833], [-88.066254, 37.504138], [-88.062299, 37.487844], [-88.157067, 37.466944], [-88.281673, 37.452603], [-88.358442, 37.404867], [-88.358482, 37.404879], [-88.416139, 37.421294], [-88.4186, 37.421994], [-88.465867, 37.400554], [-88.486953, 37.339603], [-88.514667, 37.290955], [-88.471759, 37.220162], [-88.424782, 37.149908], [-88.444611, 37.098608], [-88.476133, 37.06823], [-88.483809, 37.068087], [-88.490487, 37.067963], [-88.531582, 37.067199], [-88.561064, 37.084015], [-88.611446, 37.112752], [-88.693989, 37.141162], [-88.753074, 37.154708], [-88.835057, 37.196493], [-88.927899, 37.226361], [-88.931751, 37.2276], [-88.933516, 37.227519], [-89.000974, 37.224408], [-89.058042, 37.188774], [-89.099053, 37.140974], [-89.168093, 37.074225], [-89.166626, 37.072117], [-89.128905, 37.017915], [-89.132921, 36.982064], [-89.098849, 36.957857], [-89.103141, 36.944768], [-89.120478, 36.891903], [-89.14768, 36.847155], [-89.155897, 36.789133], [-89.155991, 36.7863], [-89.156996, 36.755975], [-89.202517, 36.716625], [-89.165494, 36.662433], [-89.175656, 36.651326], [-89.199142, 36.625656], [-89.227325, 36.569382], [-89.278941, 36.577706], [-89.324664, 36.624039], [-89.327326, 36.623953], [-89.3787, 36.622299], [-89.407912, 36.562352], [-89.479352, 36.56626], [-89.54444, 36.574517]]]}, "properties": {"OBJECTID": 3, "NAME": "Kentucky", "ABBR": "KY", "Shape_Length": 20.348339824869644, "Shape_Area": 10.665631206307046}}, {"type": "Feature", "id": 4, "geometry": {"type": "Polygon", "coordinates": [[[-85.60517, 34.984685], [-85.59517, 34.924178], [-85.582817, 34.860442], [-85.561429, 34.750086], [-85.53441, 34.623797], [-85.526899, 34.588692], [-85.513049, 34.523953], [-85.502476, 34.474533], [-85.463145, 34.286197], [-85.429504, 34.125101], [-85.421078, 34.080819], [-85.398876, 33.964134], [-85.386675, 33.901708], [-85.360536, 33.767963], [-85.338121, 33.653121], [-85.314052, 33.529811], [-85.304948, 33.482763], [-85.294351, 33.427999], [-85.2366, 33.12955], [-85.232445, 33.108081], [-85.186122, 32.870144], [-85.184404, 32.861323], [-85.160967, 32.826678], [-85.124538, 32.751636], [-85.114254, 32.730453], [-85.088537, 32.657964], [-85.076077, 32.608074], [-85.069852, 32.583152], [-85.007104, 32.523874], [-85.001135, 32.510161], [-84.999791, 32.507073], [-84.971835, 32.442849], [-84.981155, 32.379046], [-84.98347, 32.363192], [-85.0081, 32.336683], [-84.955708, 32.305916], [-84.891845, 32.263404], [-84.919946, 32.230854], [-84.930131, 32.219057], [-84.997769, 32.185451], [-85.058753, 32.136024], [-85.047067, 32.087395], [-85.051415, 32.062262], [-85.063595, 31.991863], [-85.067833, 31.967364], [-85.114035, 31.893366], [-85.141835, 31.839267], [-85.129164, 31.780284], [-85.125445, 31.762975], [-85.118934, 31.73267], [-85.125534, 31.694971], [-85.058173, 31.620233], [-85.057964, 31.570846], [-85.041885, 31.54469], [-85.051686, 31.519546], [-85.071625, 31.46839], [-85.066009, 31.431369], [-85.092491, 31.362887], [-85.087933, 31.321654], [-85.088834, 31.308654], [-85.089778, 31.295032], [-85.108196, 31.258597], [-85.10752, 31.186457], [-85.035619, 31.108198], [-85.021112, 31.07547], [-85.011396, 31.053552], [-85.002503, 31.000688], [-85.006066, 30.977045], [-84.983761, 30.93699], [-84.935702, 30.878709], [-84.934287, 30.834039], [-84.918154, 30.772088], [-84.864697, 30.711548], [-84.863468, 30.711503], [-84.813001, 30.709656], [-84.474523, 30.692789], [-84.380758, 30.688833], [-84.285519, 30.684815], [-84.124997, 30.678043], [-84.083757, 30.675949], [-84.007458, 30.672076], [-83.820977, 30.662609], [-83.743733, 30.658533], [-83.611708, 30.651566], [-83.499955, 30.645669], [-83.35772, 30.637144], [-83.309351, 30.634245], [-83.136623, 30.623892], [-83.131435, 30.623581], [-82.877315, 30.609022], [-82.689533, 30.597895], [-82.584009, 30.591642], [-82.459796, 30.584282], [-82.459584, 30.58427], [-82.418988, 30.580922], [-82.21861, 30.564401], [-82.22943, 30.52082], [-82.200968, 30.474433], [-82.210321, 30.424583], [-82.180046, 30.368616], [-82.143309, 30.363384], [-82.094712, 30.360772], [-82.050986, 30.368374], [-82.040769, 30.37015], [-82.042014, 30.403259], [-82.028235, 30.447391], [-82.018384, 30.531182], [-82.015731, 30.601704], [-82.049532, 30.65555], [-82.041837, 30.69238], [-82.03267, 30.75068], [-81.994995, 30.78608], [-81.94319, 30.827443], [-81.905982, 30.821413], [-81.902357, 30.820826], [-81.868627, 30.792762], [-81.808546, 30.790022], [-81.763387, 30.773827], [-81.732241, 30.749641], [-81.668286, 30.74465], [-81.633276, 30.729609], [-81.561713, 30.715603], [-81.528284, 30.723365], [-81.507221, 30.722942], [-81.444127, 30.70972], [-81.460064, 30.769918], [-81.440133, 30.821375], [-81.405156, 30.908209], [-81.408487, 30.977724], [-81.412521, 30.99084], [-81.420477, 31.016709], [-81.40127, 31.072787], [-81.402099, 31.125389], [-81.368244, 31.13654], [-81.30496, 31.206179], [-81.282845, 31.244336], [-81.264381, 31.294605], [-81.260961, 31.303916], [-81.279341, 31.351133], [-81.258619, 31.404431], [-81.213496, 31.462824], [-81.177257, 31.51708], [-81.174836, 31.539603], [-81.173082, 31.555914], [-81.133496, 31.623354], [-81.139397, 31.699923], [-81.135302, 31.710571], [-81.130637, 31.722698], [-81.07706, 31.761262], [-81.036876, 31.812727], [-81.00032, 31.85675], [-80.941362, 31.91299], [-80.91121, 31.943775], [-80.848444, 31.988285], [-80.843133, 32.024232], [-80.88552, 32.034606], [-80.943229, 32.05783], [-81.006748, 32.101158], [-81.038268, 32.084475], [-81.113337, 32.113211], [-81.119364, 32.177148], [-81.147598, 32.227176], [-81.153534, 32.237693], [-81.128037, 32.276303], [-81.133035, 32.3348], [-81.173477, 32.384909], [-81.194934, 32.411495], [-81.194832, 32.465092], [-81.27493, 32.544164], [-81.284242, 32.547117], [-81.328756, 32.561234], [-81.386905, 32.598971], [-81.397109, 32.605593], [-81.393821, 32.653497], [-81.412673, 32.739089], [-81.41312, 32.744268], [-81.420623, 32.831229], [-81.464072, 32.89782], [-81.499569, 32.943728], [-81.502033, 33.015119], [-81.54397, 33.044406], [-81.601658, 33.084694], [-81.615959, 33.089345], [-81.658436, 33.103158], [-81.755138, 33.151556], [-81.762509, 33.197272], [-81.763538, 33.203654], [-81.846539, 33.241752], [-81.846504, 33.247259], [-81.846139, 33.303849], [-81.93274, 33.343547], [-81.920124, 33.410759], [-81.926339, 33.462943], [-81.990941, 33.494241], [-82.016585, 33.529097], [-82.028242, 33.54494], [-82.106244, 33.595643], [-82.11465, 33.59791], [-82.161912, 33.610649], [-82.199751, 33.657617], [-82.215942, 33.687761], [-82.239102, 33.730879], [-82.324484, 33.82004], [-82.431154, 33.867058], [-82.512954, 33.936976], [-82.556839, 33.94536], [-82.563, 33.956561], [-82.591859, 34.009025], [-82.595029, 34.013524], [-82.642801, 34.081319], [-82.715377, 34.148172], [-82.735984, 34.215469], [-82.744986, 34.244868], [-82.774632, 34.288373], [-82.780312, 34.296708], [-82.823424, 34.358879], [-82.842001, 34.399773], [-82.873835, 34.471515], [-82.92577, 34.481809], [-82.991392, 34.472987], [-82.995094, 34.47249], [-83.048293, 34.493261], [-83.050577, 34.49506], [-83.096862, 34.531531], [-83.102878, 34.537438], [-83.154581, 34.588205], [-83.221406, 34.609954], [-83.277964, 34.64486], [-83.338694, 34.682009], [-83.340043, 34.686334], [-83.349612, 34.717017], [-83.353242, 34.728655], [-83.320066, 34.759623], [-83.32387, 34.789719], [-83.284816, 34.82305], [-83.252586, 34.85349], [-83.201187, 34.88466], [-83.140625, 34.924922], [-83.124382, 34.955247], [-83.10861, 35.000666], [-83.322772, 34.995881], [-83.482877, 34.990881], [-83.549185, 34.98881], [-83.619989, 34.986599], [-83.936431, 34.987491], [-83.93665, 34.987492], [-84.005341, 34.987656], [-84.129451, 34.987954], [-84.321873, 34.988415], [-84.509056, 34.98804], [-84.621487, 34.988336], [-84.727438, 34.988027], [-84.775842, 34.987944], [-84.810482, 34.987885], [-84.861318, 34.987798], [-84.976978, 34.987227], [-84.979858, 34.987212], [-85.045187, 34.98689], [-85.26506, 34.985084], [-85.277561, 34.984982], [-85.363924, 34.983383], [-85.384972, 34.982994], [-85.474343, 34.98368], [-85.60517, 34.984685]]]}, "properties": {"OBJECTID": 4, "NAME": "Georgia", "ABBR": "GA", "Shape_Length": 17.28844371904225, "Shape_Area": 14.682547000067832}}, {"type": "Feature", "id": 5, "geometry": {"type": "MultiPolygon", "coordinates": [[[[-86.934282, 45.421157], [-86.956204, 45.352014], [-86.899897, 45.295193], [-86.867749, 45.353073], [-86.805874, 45.412911], [-86.835755, 45.450196], [-86.934282, 45.421157]]], [[[-90.776928, 47.024332], [-90.767992, 47.002335], [-90.712039, 46.985268], [-90.679453, 46.95604], [-90.637131, 46.906732], [-90.549111, 46.915469], [-90.524063, 46.935672], [-90.51163, 46.961415], [-90.544882, 47.017391], [-90.560943, 47.037021], [-90.650429, 47.054686], [-90.740187, 47.036113], [-90.776928, 47.024332]]], [[[-92.886705, 45.644156], [-92.887937, 45.639014], [-92.881144, 45.573417], [-92.801511, 45.562862], [-92.756914, 45.557507], [-92.728031, 45.52566], [-92.686801, 45.472279], [-92.646776, 45.437937], [-92.658494, 45.396066], [-92.698975, 45.336382], [-92.748275, 45.296067], [-92.761876, 45.284946], [-92.766099, 45.21003], [-92.76694, 45.195119], [-92.740517, 45.113404], [-92.78972, 45.075562], [-92.802919, 45.065411], [-92.761912, 45.022475], [-92.75081, 44.941575], [-92.767031, 44.861985], [-92.767125, 44.861523], [-92.768582, 44.854376], [-92.805295, 44.768369], [-92.792368, 44.758992], [-92.731631, 44.714931], [-92.696499, 44.689444], [-92.618033, 44.612878], [-92.549287, 44.577712], [-92.399288, 44.5583], [-92.361525, 44.558943], [-92.316941, 44.539284], [-92.314078, 44.538022], [-92.291012, 44.485472], [-92.245372, 44.454259], [-92.232479, 44.445442], [-92.111092, 44.413956], [-92.084536, 44.404622], [-91.963607, 44.36212], [-91.916198, 44.318102], [-91.892705, 44.231113], [-91.854507, 44.197234], [-91.817309, 44.164243], [-91.719104, 44.128861], [-91.64788, 44.064117], [-91.57329, 44.026909], [-91.559223, 44.024217], [-91.440543, 44.001509], [-91.423576, 43.984305], [-91.357433, 43.917239], [-91.291009, 43.852741], [-91.287663, 43.847073], [-91.243962, 43.773054], [-91.257007, 43.725667], [-91.273259, 43.666631], [-91.252933, 43.600371], [-91.232819, 43.56485], [-91.217713, 43.500558], [-91.232283, 43.45096], [-91.21067, 43.41945], [-91.199415, 43.40304], [-91.207374, 43.373667], [-91.154813, 43.334834], [-91.107244, 43.313653], [-91.057917, 43.253976], [-91.087463, 43.221899], [-91.13418, 43.174413], [-91.17526, 43.134673], [-91.174942, 43.080268], [-91.174699, 43.038721], [-91.159091, 42.987486], [-91.155526, 42.975782], [-91.138007, 42.90378], [-91.098827, 42.864429], [-91.070723, 42.77551], [-91.017246, 42.719574], [-90.941574, 42.683852], [-90.896969, 42.674326], [-90.852504, 42.66483], [-90.743684, 42.645568], [-90.700863, 42.626453], [-90.672734, 42.576607], [-90.64285, 42.508489], [-90.437018, 42.507155], [-90.426384, 42.507186], [-90.223197, 42.507773], [-89.92649, 42.505795], [-89.926472, 42.505795], [-89.837601, 42.504918], [-89.493222, 42.501522], [-89.401423, 42.50045], [-89.365805, 42.500034], [-89.067447, 42.49655], [-89.042904, 42.496263], [-88.940391, 42.495448], [-88.776599, 42.494145], [-88.707427, 42.493595], [-88.707386, 42.493595], [-88.506918, 42.494891], [-88.471629, 42.495017], [-88.304698, 42.495616], [-88.216906, 42.495931], [-88.199389, 42.495763], [-87.800483, 42.491928], [-87.813279, 42.579228], [-87.81468, 42.644028], [-87.802021, 42.668319], [-87.78508, 42.700827], [-87.766681, 42.784904], [-87.821169, 42.842282], [-87.834885, 42.856725], [-87.842687, 42.944124], [-87.873429, 42.98563], [-87.89579, 43.015822], [-87.87019, 43.06442], [-87.900491, 43.125918], [-87.896585, 43.192143], [-87.896292, 43.197116], [-87.889213, 43.30766], [-87.840961, 43.420685], [-87.793245, 43.492791], [-87.791026, 43.543024], [-87.790141, 43.563062], [-87.70621, 43.67955], [-87.708191, 43.722903], [-87.700257, 43.767358], [-87.726413, 43.810453], [-87.736023, 43.873729], [-87.728586, 43.892217], [-87.698926, 43.965944], [-87.655189, 44.081902], [-87.600888, 44.131703], [-87.539946, 44.159698], [-87.507425, 44.210811], [-87.521761, 44.259965], [-87.545388, 44.321393], [-87.543333, 44.327521], [-87.498668, 44.460694], [-87.446969, 44.586282], [-87.401635, 44.631199], [-87.375498, 44.67552], [-87.318988, 44.771343], [-87.276036, 44.833188], [-87.206291, 44.885936], [-87.188381, 44.948085], [-87.13939, 45.012573], [-87.063163, 45.079324], [-87.045754, 45.134995], [-87.044176, 45.186954], [-86.978765, 45.227341], [-86.977786, 45.290692], [-87.017042, 45.299262], [-87.057633, 45.292846], [-87.108749, 45.257011], [-87.121615, 45.209791], [-87.175074, 45.173058], [-87.23823, 45.167267], [-87.264883, 45.081369], [-87.336463, 45.013538], [-87.393411, 44.934401], [-87.446483, 44.886117], [-87.515148, 44.869604], [-87.531005, 44.857445], [-87.581312, 44.851799], [-87.646306, 44.798747], [-87.720895, 44.724556], [-87.719786, 44.693254], [-87.737577, 44.67702], [-87.748415, 44.66713], [-87.761314, 44.653706], [-87.775166, 44.639289], [-87.86689, 44.608442], [-87.898894, 44.574143], [-87.943807, 44.529701], [-88.005524, 44.539224], [-88.041208, 44.572589], [-87.998722, 44.609296], [-88.002091, 44.664043], [-87.99758, 44.677672], [-87.9835, 44.720204], [-87.941459, 44.756088], [-87.90449, 44.818731], [-87.854687, 44.857779], [-87.838365, 44.873995], [-87.843439, 44.924363], [-87.812995, 44.954021], [-87.762645, 44.962761], [-87.696498, 44.974241], [-87.630304, 44.976873], [-87.625754, 45.045165], [-87.590214, 45.095272], [-87.648197, 45.106376], [-87.695061, 45.15053], [-87.741811, 45.197059], [-87.711486, 45.245232], [-87.667429, 45.316368], [-87.657355, 45.36876], [-87.706773, 45.383835], [-87.750934, 45.355045], [-87.80047, 45.353616], [-87.863495, 45.353028], [-87.856836, 45.393114], [-87.847435, 45.444185], [-87.805779, 45.473147], [-87.804209, 45.524684], [-87.787298, 45.574914], [-87.777677, 45.609212], [-87.824682, 45.653219], [-87.781013, 45.673942], [-87.805082, 45.703564], [-87.833056, 45.722761], [-87.879818, 45.754851], [-87.966976, 45.764029], [-87.995882, 45.795443], [-88.04852, 45.782557], [-88.057017, 45.784985], [-88.105524, 45.798847], [-88.135073, 45.821702], [-88.07395, 45.875601], [-88.115352, 45.922219], [-88.116863, 45.92282], [-88.178014, 45.947119], [-88.246313, 45.962991], [-88.309526, 45.959377], [-88.380189, 45.991662], [-88.40987, 45.979696], [-88.526679, 46.02083], [-88.593867, 46.01514], [-88.61307, 45.990635], [-88.657767, 45.989295], [-88.679139, 46.013546], [-88.683239, 46.014474], [-88.740001, 46.027316], [-88.811955, 46.021617], [-88.932775, 46.072116], [-88.991224, 46.096545], [-89.091637, 46.138513], [-89.638423, 46.243812], [-89.929133, 46.299924], [-90.120496, 46.33686], [-90.158248, 46.420493], [-90.214873, 46.499955], [-90.285714, 46.518854], [-90.331894, 46.553286], [-90.387235, 46.533671], [-90.418143, 46.566102], [-90.437603, 46.5615], [-90.505916, 46.589622], [-90.548586, 46.586245], [-90.565567, 46.5849], [-90.66328, 46.645334], [-90.737267, 46.692275], [-90.755294, 46.646297], [-90.794782, 46.624949], [-90.829038, 46.616074], [-90.898315, 46.583058], [-90.925237, 46.587496], [-90.955657, 46.592511], [-90.932633, 46.617304], [-90.915159, 46.658418], [-90.852711, 46.69959], [-90.880848, 46.739965], [-90.861053, 46.765639], [-90.798943, 46.823151], [-90.745312, 46.894262], [-90.806287, 46.938746], [-90.852847, 46.962566], [-90.924135, 47.001896], [-90.989382, 46.982282], [-90.984624, 46.92561], [-91.034525, 46.903061], [-91.087364, 46.879479], [-91.130482, 46.870016], [-91.167608, 46.844768], [-91.211654, 46.866832], [-91.256712, 46.836895], [-91.314822, 46.826833], [-91.360811, 46.798144], [-91.411806, 46.789648], [-91.511084, 46.757461], [-91.551349, 46.757484], [-91.574299, 46.757496], [-91.64551, 46.734741], [-91.820035, 46.690184], [-91.886971, 46.690219], [-91.961897, 46.682547], [-92.015298, 46.706477], [-92.050827, 46.710525], [-92.100263, 46.734454], [-92.143346, 46.731604], [-92.183099, 46.695249], [-92.2055, 46.664749], [-92.2922, 46.66325], [-92.292379, 46.495593], [-92.292767, 46.417228], [-92.293627, 46.244051], [-92.293838, 46.15733], [-92.294041, 46.074385], [-92.338247, 46.052157], [-92.351768, 46.015693], [-92.392689, 46.019548], [-92.449638, 46.00226], [-92.472769, 45.97296], [-92.54569, 45.970126], [-92.580573, 45.946258], [-92.656133, 45.92445], [-92.721136, 45.883813], [-92.759466, 45.835349], [-92.776504, 45.790022], [-92.826021, 45.736658], [-92.84075, 45.729405], [-92.869697, 45.71515], [-92.886705, 45.644156]]]]}, "properties": {"OBJECTID": 5, "NAME": "Wisconsin", "ABBR": "WI", "Shape_Length": 22.428839488592224, "Shape_Area": 16.512929545533595}}, {"type": "Feature", "id": 6, "geometry": {"type": "Polygon", "coordinates": [[[-124.552455, 42.840573], [-124.510031, 42.734751], [-124.448432, 42.689914], [-124.450754, 42.675803], [-124.413133, 42.657939], [-124.400932, 42.597523], [-124.399079, 42.539933], [-124.435119, 42.440168], [-124.425568, 42.351879], [-124.41057, 42.307436], [-124.410996, 42.250552], [-124.383647, 42.227165], [-124.361023, 42.180757], [-124.351549, 42.129801], [-124.314303, 42.067869], [-124.270478, 42.045558], [-124.211619, 41.998465], [-124.001202, 41.996151], [-123.822052, 41.995626], [-123.657012, 41.995142], [-123.519127, 41.999178], [-123.434784, 42.001646], [-123.347576, 41.999113], [-123.231015, 42.004975], [-123.145973, 42.009252], [-123.045268, 42.003054], [-122.800094, 42.004076], [-122.501149, 42.008465], [-122.289763, 42.00777], [-122.289541, 42.007769], [-122.101936, 42.005771], [-121.846726, 42.003075], [-121.675362, 42.000356], [-121.447554, 41.997195], [-121.439624, 41.997085], [-121.251113, 41.997575], [-121.035209, 41.993328], [-120.879939, 41.993489], [-120.692233, 41.993682], [-120.501082, 41.99379], [-120.181576, 41.994593], [-119.999181, 41.994545], [-119.725743, 41.996302], [-119.360136, 41.994098], [-119.324197, 41.993881], [-119.208293, 41.993183], [-119.001035, 41.993799], [-118.775882, 41.992698], [-118.501015, 41.995452], [-118.197382, 41.997], [-118.197202, 41.997001], [-117.87348, 41.998341], [-117.623744, 41.998473], [-117.403626, 41.999296], [-117.197811, 42.000386], [-117.02621, 41.999896], [-117.026564, 42.378563], [-117.026266, 42.807453], [-117.026665, 43.025134], [-117.026902, 43.596039], [-117.025677, 43.6803], [-117.02359, 43.823817], [-116.985558, 43.881191], [-116.976037, 43.895554], [-116.959884, 43.982931], [-116.937355, 44.029382], [-116.977364, 44.08537], [-116.897868, 44.152672], [-116.895944, 44.154301], [-116.902765, 44.179473], [-116.965511, 44.194132], [-116.971971, 44.235683], [-117.059365, 44.23725], [-117.12105, 44.277591], [-117.170355, 44.258896], [-117.216987, 44.288363], [-117.212009, 44.296457], [-117.192216, 44.328636], [-117.216924, 44.360169], [-117.24304, 44.39098], [-117.215085, 44.427168], [-117.225945, 44.479395], [-117.1672, 44.523437], [-117.142943, 44.557242], [-117.094981, 44.652017], [-117.062286, 44.727149], [-117.013815, 44.756847], [-116.931813, 44.787187], [-116.889309, 44.840536], [-116.865351, 44.870605], [-116.833645, 44.928982], [-116.858326, 44.978767], [-116.841327, 45.030913], [-116.783723, 45.076978], [-116.783142, 45.077719], [-116.754656, 45.113978], [-116.69606, 45.254685], [-116.69093, 45.26899], [-116.674661, 45.314348], [-116.588208, 45.442926], [-116.502769, 45.566614], [-116.463517, 45.615791], [-116.528285, 45.681479], [-116.535711, 45.734237], [-116.593017, 45.778547], [-116.665358, 45.782004], [-116.736282, 45.826185], [-116.787534, 45.84021], [-116.799218, 45.851052], [-116.859809, 45.90727], [-116.886857, 45.958623], [-116.916003, 45.995419], [-117.353942, 45.996355], [-117.479951, 45.997573], [-117.60344, 45.998766], [-117.717866, 45.999872], [-117.977671, 46.000174], [-117.996984, 46.000197], [-118.367804, 46.000628], [-118.677884, 46.000941], [-118.987143, 45.999861], [-118.987242, 45.999806], [-119.061476, 45.958533], [-119.126134, 45.932865], [-119.257164, 45.939932], [-119.36441, 45.921611], [-119.432153, 45.913215], [-119.487843, 45.906313], [-119.571598, 45.925462], [-119.600563, 45.919587], [-119.669891, 45.856873], [-119.802669, 45.847536], [-119.868168, 45.838232], [-119.965758, 45.824371], [-119.999519, 45.811691], [-120.070164, 45.785158], [-120.141366, 45.773158], [-120.210768, 45.725957], [-120.28217, 45.721256], [-120.403974, 45.699255], [-120.488561, 45.699918], [-120.505877, 45.700054], [-120.59118, 45.746553], [-120.634982, 45.745853], [-120.652531, 45.736175], [-120.689384, 45.715853], [-120.855688, 45.671551], [-120.895589, 45.642951], [-120.913949, 45.648072], [-120.943991, 45.656451], [-121.084947, 45.647899], [-121.122214, 45.616073], [-121.183855, 45.606447], [-121.215793, 45.671244], [-121.337784, 45.704955], [-121.423606, 45.693996], [-121.44071, 45.699079], [-121.52402, 45.723842], [-121.53312, 45.726547], [-121.668376, 45.705088], [-121.735118, 45.694045], [-121.811318, 45.706767], [-121.867181, 45.693283], [-121.900872, 45.662015], [-121.923764, 45.654355], [-121.951852, 45.644957], [-122.003704, 45.615936], [-122.101689, 45.583522], [-122.183709, 45.577702], [-122.249211, 45.550004], [-122.262639, 45.544327], [-122.331516, 45.548247], [-122.380316, 45.575946], [-122.438688, 45.56359], [-122.492273, 45.583286], [-122.643921, 45.609744], [-122.738124, 45.644143], [-122.756458, 45.662426], [-122.774526, 45.680442], [-122.766525, 45.728668], [-122.761466, 45.759168], [-122.79562, 45.810005], [-122.788101, 45.851013], [-122.785041, 45.867704], [-122.811525, 45.91273], [-122.814013, 45.960989], [-122.856173, 46.014474], [-122.904134, 46.083739], [-122.962696, 46.104822], [-123.004248, 46.133828], [-123.115919, 46.185273], [-123.166429, 46.188978], [-123.212508, 46.171102], [-123.280181, 46.144848], [-123.363759, 46.146249], [-123.371448, 46.146377], [-123.430862, 46.181832], [-123.427644, 46.229353], [-123.479659, 46.269136], [-123.547674, 46.259114], [-123.58622, 46.228659], [-123.660883, 46.216301], [-123.718164, 46.188994], [-123.757604, 46.213006], [-123.838816, 46.192216], [-123.91242, 46.179455], [-123.998067, 46.235332], [-124.041143, 46.197677], [-123.959205, 46.14168], [-123.929345, 46.041983], [-123.937486, 45.977311], [-123.993718, 45.946436], [-123.967645, 45.907812], [-123.961559, 45.837106], [-123.966293, 45.78309], [-123.968578, 45.757024], [-123.939463, 45.7088], [-123.93902, 45.661928], [-123.947571, 45.564883], [-123.976559, 45.489738], [-123.960572, 45.430783], [-123.97973, 45.347729], [-123.962902, 45.280223], [-123.972934, 45.216789], [-123.97544, 45.145481], [-124.009785, 45.047271], [-124.010112, 45.045004], [-124.023849, 44.94983], [-124.06317, 44.835338], [-124.074081, 44.798112], [-124.063421, 44.703182], [-124.065023, 44.632509], [-124.083615, 44.501128], [-124.084415, 44.415616], [-124.115214, 44.286491], [-124.114385, 44.276199], [-124.111068, 44.235076], [-124.12242, 44.104447], [-124.150281, 43.910855], [-124.160222, 43.863726], [-124.193469, 43.70609], [-124.219072, 43.610937], [-124.233548, 43.557135], [-124.28691, 43.436301], [-124.353346, 43.342672], [-124.400418, 43.302126], [-124.382474, 43.270172], [-124.395621, 43.223913], [-124.411404, 43.159858], [-124.436212, 43.071317], [-124.479896, 42.954328], [-124.480952, 42.9515], [-124.552455, 42.840573]]]}, "properties": {"OBJECTID": 6, "NAME": "Oregon", "ABBR": "OR", "Shape_Length": 24.56503796682171, "Shape_Area": 28.183009324216712}}, {"type": "Feature", "id": 7, "geometry": {"type": "Polygon", "coordinates": [[[-95.765653, 40.585215], [-95.757118, 40.525997], [-95.714299, 40.527215], [-95.712288, 40.523761], [-95.694734, 40.493609], [-95.684371, 40.463373], [-95.649426, 40.396156], [-95.641035, 40.366406], [-95.653737, 40.322589], [-95.598665, 40.309816], [-95.5533, 40.291165], [-95.54819, 40.264422], [-95.547878, 40.262791], [-95.547168, 40.259073], [-95.472556, 40.236085], [-95.481028, 40.188531], [-95.432173, 40.141032], [-95.394224, 40.10827], [-95.414742, 40.069827], [-95.382965, 40.027119], [-95.348785, 40.029304], [-95.308298, 40.000005], [-95.231122, 39.943791], [-95.142453, 39.895427], [-95.081542, 39.861725], [-95.018751, 39.897379], [-94.993382, 39.898572], [-94.951548, 39.90054], [-94.928474, 39.876351], [-94.878685, 39.826529], [-94.877865, 39.820707], [-94.871152, 39.773001], [-94.860379, 39.749537], [-94.899324, 39.724049], [-94.971086, 39.723153], [-94.971325, 39.686417], [-95.037472, 39.652912], [-95.044058, 39.613675], [-95.047173, 39.595124], [-95.076696, 39.576771], [-95.113565, 39.553948], [-95.091427, 39.533265], [-95.049853, 39.494422], [-94.982152, 39.440559], [-94.965755, 39.421689], [-94.94667, 39.399724], [-94.88898, 39.392439], [-94.908073, 39.32367], [-94.85708, 39.273832], [-94.825671, 39.241736], [-94.799671, 39.206025], [-94.792002, 39.201267], [-94.741945, 39.17021], [-94.680343, 39.18431], [-94.623941, 39.15661], [-94.601945, 39.15551], [-94.59194, 39.15501], [-94.607361, 39.113451], [-94.607538, 39.089791], [-94.607878, 39.044092], [-94.608341, 38.981813], [-94.608968, 38.847218], [-94.609463, 38.740707], [-94.609497, 38.738109], [-94.612873, 38.477609], [-94.612873, 38.477578], [-94.61278, 38.388725], [-94.612621, 38.237773], [-94.613937, 38.06006], [-94.614108, 38.037063], [-94.614472, 37.987806], [-94.617892, 37.682221], [-94.61788, 37.673117], [-94.617853, 37.653585], [-94.617518, 37.410916], [-94.617675, 37.364177], [-94.617761, 37.338425], [-94.618358, 37.160218], [-94.61811, 37.056803], [-94.617971, 36.998912], [-94.618314, 36.766567], [-94.617999, 36.667928], [-94.617822, 36.612611], [-94.617926, 36.499421], [-94.36121, 36.499607], [-94.077095, 36.498983], [-93.959197, 36.498724], [-93.866696, 36.498873], [-93.700178, 36.499142], [-93.584269, 36.498908], [-93.426996, 36.498592], [-93.31533, 36.498319], [-93.293074, 36.498265], [-93.125976, 36.497858], [-92.854015, 36.49803], [-92.838883, 36.49804], [-92.772341, 36.49809], [-92.564245, 36.498247], [-92.529143, 36.498172], [-92.350284, 36.497794], [-92.150313, 36.498147], [-92.120399, 36.4982], [-91.985809, 36.498438], [-91.67234, 36.499263], [-91.642596, 36.499342], [-91.450029, 36.497547], [-91.406878, 36.497145], [-91.404921, 36.497127], [-91.126544, 36.497804], [-91.01798, 36.498069], [-90.784035, 36.498469], [-90.765678, 36.498501], [-90.576185, 36.498413], [-90.494581, 36.498375], [-90.220755, 36.495944], [-90.153877, 36.495351], [-90.141405, 36.459881], [-90.131044, 36.415076], [-90.066142, 36.386279], [-90.063532, 36.356918], [-90.063986, 36.303045], [-90.114928, 36.265602], [-90.155934, 36.214081], [-90.189108, 36.199005], [-90.220431, 36.184771], [-90.235591, 36.139481], [-90.294498, 36.112956], [-90.339349, 36.047119], [-90.368724, 35.995819], [-90.289083, 35.99652], [-90.103848, 35.99815], [-89.959381, 35.999021], [-89.901189, 35.999372], [-89.733101, 36.000615], [-89.692443, 36.020514], [-89.680035, 36.082501], [-89.643026, 36.103627], [-89.592108, 36.135644], [-89.62381, 36.183135], [-89.627647, 36.185467], [-89.692636, 36.224966], [-89.678052, 36.248291], [-89.60238, 36.238113], [-89.554295, 36.277758], [-89.611825, 36.309095], [-89.60055, 36.342992], [-89.545037, 36.344278], [-89.522701, 36.344796], [-89.510386, 36.378363], [-89.542343, 36.42011], [-89.521027, 36.461941], [-89.539238, 36.497941], [-89.571487, 36.538094], [-89.54444, 36.574517], [-89.479352, 36.56626], [-89.407912, 36.562352], [-89.3787, 36.622299], [-89.327326, 36.623953], [-89.324664, 36.624039], [-89.278941, 36.577706], [-89.227325, 36.569382], [-89.199142, 36.625656], [-89.175656, 36.651326], [-89.165494, 36.662433], [-89.202517, 36.716625], [-89.156996, 36.755975], [-89.155991, 36.7863], [-89.155897, 36.789133], [-89.14768, 36.847155], [-89.120478, 36.891903], [-89.103141, 36.944768], [-89.098849, 36.957857], [-89.132921, 36.982064], [-89.195045, 36.989775], [-89.257614, 37.015503], [-89.308153, 37.028955], [-89.359462, 37.042613], [-89.384181, 37.103274], [-89.456111, 37.188127], [-89.470531, 37.253364], [-89.482895, 37.260958], [-89.517038, 37.281927], [-89.495166, 37.324802], [-89.474441, 37.334507], [-89.428191, 37.356165], [-89.425946, 37.407478], [-89.471207, 37.46648], [-89.512406, 37.529817], [-89.501797, 37.558903], [-89.497752, 37.569993], [-89.494057, 37.580123], [-89.506569, 37.625057], [-89.521954, 37.696482], [-89.591295, 37.723606], [-89.667999, 37.759491], [-89.687238, 37.796435], [-89.696565, 37.814344], [-89.782041, 37.855099], [-89.851054, 37.903987], [-89.923191, 37.870679], [-89.933102, 37.880106], [-89.974227, 37.919224], [-89.954916, 37.966654], [-90.008359, 37.970186], [-90.080965, 38.015435], [-90.126012, 38.050577], [-90.203897, 38.087372], [-90.218714, 38.094372], [-90.25249, 38.127578], [-90.252752, 38.127781], [-90.322359, 38.1816], [-90.363932, 38.236362], [-90.372525, 38.323361], [-90.349749, 38.377616], [-90.34025, 38.387102], [-90.288821, 38.43846], [-90.27132, 38.496059], [-90.261104, 38.51827], [-90.255305, 38.530877], [-90.248919, 38.544759], [-90.184516, 38.611558], [-90.181116, 38.659557], [-90.181347, 38.660016], [-90.195216, 38.687557], [-90.209916, 38.726057], [-90.166763, 38.772284], [-90.166415, 38.772656], [-90.117713, 38.805755], [-90.113333, 38.849313], [-90.191213, 38.890283], [-90.230342, 38.910867], [-90.27648, 38.919326], [-90.298717, 38.923402], [-90.395822, 38.960044], [-90.450976, 38.961402], [-90.46779, 38.961816], [-90.500123, 38.910415], [-90.555699, 38.870792], [-90.59536, 38.875057], [-90.65726, 38.920277], [-90.661589, 38.93471], [-90.676403, 38.984103], [-90.713635, 39.053984], [-90.681092, 39.100597], [-90.707908, 39.150867], [-90.72329, 39.22411], [-90.729966, 39.255901], [-90.840112, 39.340445], [-90.935294, 39.399488], [-90.937425, 39.40081], [-91.038276, 39.448443], [-91.064312, 39.49465], [-91.100314, 39.538702], [-91.148282, 39.545805], [-91.174239, 39.591982], [-91.182882, 39.59824], [-91.276147, 39.665766], [-91.305767, 39.686223], [-91.36776, 39.729036], [-91.364623, 39.758726], [-91.361578, 39.787555], [-91.39786, 39.821129], [-91.436058, 39.845517], [-91.428963, 39.907736], [-91.43685, 39.945251], [-91.437097, 39.946424], [-91.484071, 40.019339], [-91.49767, 40.078264], [-91.511963, 40.170448], [-91.506268, 40.200162], [-91.496964, 40.248711], [-91.492898, 40.26993], [-91.469663, 40.322416], [-91.419429, 40.378271], [-91.4981, 40.401933], [-91.519141, 40.432829], [-91.563851, 40.460995], [-91.608354, 40.500047], [-91.619006, 40.539091], [-91.671, 40.550944], [-91.685388, 40.578899], [-91.716662, 40.603748], [-91.729122, 40.613647], [-91.939299, 40.606157], [-91.943124, 40.606068], [-92.179787, 40.600536], [-92.350811, 40.597265], [-92.453752, 40.595295], [-92.63791, 40.590964], [-92.6867, 40.589816], [-92.714604, 40.58959], [-92.941602, 40.58775], [-93.097298, 40.583831], [-93.135809, 40.582861], [-93.345449, 40.580521], [-93.374394, 40.580404], [-93.556904, 40.579667], [-93.597359, 40.579503], [-93.774352, 40.577538], [-93.840937, 40.576798], [-94.015499, 40.574081], [-94.091092, 40.572904], [-94.232248, 40.572022], [-94.310732, 40.571531], [-94.471215, 40.570967], [-94.533886, 40.570746], [-94.632034, 40.571767], [-94.819986, 40.573721], [-94.914906, 40.574928], [-95.068929, 40.576887], [-95.202274, 40.578383], [-95.335596, 40.579878], [-95.373933, 40.58034], [-95.53319, 40.582256], [-95.765653, 40.585215]]]}, "properties": {"OBJECTID": 7, "NAME": "Missouri", "ABBR": "MO", "Shape_Length": 22.7159776491744, "Shape_Area": 18.603966064685203}}, {"type": "Feature", "id": 8, "geometry": {"type": "MultiPolygon", "coordinates": [[[[-76.023477, 37.289074], [-75.998649, 37.188746], [-75.97961, 37.100455], [-75.942401, 37.089614], [-75.8973, 37.118044], [-75.817389, 37.193444], [-75.795166, 37.247102], [-75.778819, 37.297184], [-75.735831, 37.335434], [-75.720741, 37.373137], [-75.658381, 37.451823], [-75.66542, 37.467301], [-75.672879, 37.483704], [-75.607826, 37.560714], [-75.614529, 37.609304], [-75.591955, 37.663186], [-75.5519, 37.74813], [-75.489272, 37.832465], [-75.439003, 37.869343], [-75.38064, 37.85171], [-75.338625, 37.894994], [-75.242268, 38.027217], [-75.624343, 37.994219], [-75.669713, 37.950804], [-75.757696, 37.90392], [-75.702916, 37.849667], [-75.735882, 37.816569], [-75.818127, 37.791706], [-75.812157, 37.74951], [-75.859264, 37.703119], [-75.898667, 37.635433], [-75.941184, 37.563847], [-75.945576, 37.549048], [-75.976493, 37.444886], [-75.987124, 37.368556], [-76.023477, 37.289074]]], [[[-83.614517, 36.63399], [-83.675417, 36.600821], [-83.472098, 36.599483], [-83.276304, 36.598194], [-82.984462, 36.595297], [-82.830437, 36.593768], [-82.609186, 36.595097], [-82.487242, 36.595829], [-82.29414, 36.59508], [-82.243389, 36.594883], [-82.173986, 36.594614], [-82.145577, 36.594567], [-81.934148, 36.59422], [-81.922648, 36.61622], [-81.826738, 36.614726], [-81.646904, 36.611925], [-81.677539, 36.588124], [-81.499835, 36.579827], [-81.353225, 36.576245], [-81.176715, 36.571933], [-81.061869, 36.567027], [-80.901729, 36.561758], [-80.901664, 36.561758], [-80.840216, 36.561936], [-80.704834, 36.562326], [-80.612192, 36.558223], [-80.440346, 36.550613], [-80.431608, 36.550226], [-80.295246, 36.54398], [-80.053458, 36.542647], [-80.027342, 36.542503], [-80.027272, 36.542502], [-79.714854, 36.54144], [-79.513651, 36.540755], [-79.51065, 36.540745], [-79.47006, 36.540843], [-79.343119, 36.54115], [-79.218458, 36.541452], [-79.187317, 36.541527], [-79.138339, 36.541645], [-78.942012, 36.54212], [-78.796277, 36.541767], [-78.734125, 36.541616], [-78.509968, 36.541072], [-78.45728, 36.541456], [-78.323721, 36.542429], [-78.132913, 36.543818], [-78.046211, 36.544205], [-77.899777, 36.544858], [-77.767106, 36.54545], [-77.749708, 36.545527], [-77.298772, 36.546046], [-77.190177, 36.546171], [-77.164325, 36.54616], [-77.071621, 36.54612], [-76.91732, 36.546053], [-76.91604, 36.546089], [-76.915734, 36.546097], [-76.738331, 36.550992], [-76.541968, 36.550792], [-76.491485, 36.55074], [-76.313305, 36.550558], [-76.313217, 36.550558], [-76.122352, 36.55056], [-76.026752, 36.55056], [-75.867046, 36.550761], [-75.890948, 36.63076], [-75.92175, 36.692058], [-75.961591, 36.800002], [-75.996254, 36.922054], [-76.043056, 36.927554], [-76.087957, 36.908654], [-76.17695, 36.928546], [-76.189961, 36.931454], [-76.267964, 36.964554], [-76.280974, 36.977751], [-76.304274, 37.001385], [-76.271264, 37.084551], [-76.293129, 37.114171], [-76.31109, 37.138502], [-76.343102, 37.186558], [-76.347192, 37.189652], [-76.394134, 37.225157], [-76.376939, 37.249499], [-76.362292, 37.270233], [-76.387772, 37.307677], [-76.437527, 37.379757], [-76.402948, 37.392608], [-76.39396, 37.395947], [-76.366753, 37.374502], [-76.275554, 37.309971], [-76.248462, 37.375143], [-76.250456, 37.421894], [-76.27349, 37.495329], [-76.289495, 37.536083], [-76.297962, 37.557644], [-76.28888, 37.587367], [-76.279449, 37.618233], [-76.329122, 37.670984], [-76.325301, 37.682581], [-76.31286, 37.720346], [-76.310309, 37.794857], [-76.25136, 37.83308], [-76.236727, 37.889182], [-76.316954, 37.934937], [-76.427489, 37.977046], [-76.492, 38.01723], [-76.510696, 38.039497], [-76.535921, 38.06954], [-76.600939, 38.110092], [-76.613941, 38.148595], [-76.684894, 38.156505], [-76.749687, 38.162122], [-76.838797, 38.163484], [-76.910834, 38.197081], [-76.962313, 38.214083], [-76.957798, 38.243191], [-76.990257, 38.273943], [-76.996794, 38.279155], [-77.026306, 38.302693], [-77.020949, 38.329281], [-77.048139, 38.360153], [-77.093715, 38.352809], [-77.162694, 38.346002], [-77.265297, 38.333173], [-77.284349, 38.351644], [-77.31729, 38.383584], [-77.322624, 38.467139], [-77.312607, 38.501935], [-77.295276, 38.562133], [-77.246706, 38.635225], [-77.224148, 38.635186], [-77.130202, 38.635025], [-77.132503, 38.673824], [-77.085787, 38.705289], [-77.079501, 38.709523], [-77.053201, 38.709923], [-77.041, 38.737922], [-77.040675, 38.7467], [-77.039242, 38.785344], [-77.039008, 38.791653], [-77.039069, 38.84128], [-77.039101, 38.86812], [-77.090202, 38.904219], [-77.119761, 38.934351], [-77.119791, 38.934384], [-77.146603, 38.964218], [-77.180038, 38.966431], [-77.202504, 38.967918], [-77.249805, 38.985917], [-77.248405, 39.026917], [-77.310707, 39.052016], [-77.33004, 39.05596], [-77.342994, 39.058603], [-77.359704, 39.062012], [-77.462619, 39.076256], [-77.481281, 39.105666], [-77.519931, 39.120933], [-77.521224, 39.161065], [-77.485973, 39.185673], [-77.459885, 39.21869], [-77.460068, 39.218851], [-77.496608, 39.251053], [-77.553116, 39.279276], [-77.588237, 39.301963], [-77.666133, 39.317016], [-77.677698, 39.317949], [-77.719522, 39.321322], [-77.778071, 39.229313], [-77.809128, 39.168575], [-77.82816, 39.132337], [-77.828304, 39.13243], [-78.032844, 39.264411], [-78.033186, 39.264632], [-78.033188, 39.264633], [-78.187373, 39.363997], [-78.229132, 39.390672], [-78.34709, 39.46602], [-78.337136, 39.409177], [-78.340483, 39.3535], [-78.401816, 39.276762], [-78.404983, 39.238014], [-78.4287, 39.187225], [-78.413946, 39.158423], [-78.508135, 39.088638], [-78.532269, 39.052772], [-78.561714, 39.009015], [-78.620456, 38.982609], [-78.68162, 38.925848], [-78.772796, 38.89375], [-78.82117, 38.83099], [-78.869279, 38.762999], [-78.999017, 38.840082], [-79.023056, 38.798621], [-79.057256, 38.761421], [-79.088058, 38.690123], [-79.092958, 38.659525], [-79.15436, 38.606526], [-79.201462, 38.527829], [-79.228426, 38.479749], [-79.231623, 38.474049], [-79.297761, 38.416446], [-79.311299, 38.418462], [-79.370305, 38.427252], [-79.476641, 38.457236], [-79.542573, 38.553225], [-79.649078, 38.591523], [-79.669131, 38.510891], [-79.691091, 38.463752], [-79.689678, 38.431447], [-79.734603, 38.356736], [-79.804096, 38.31393], [-79.787545, 38.273306], [-79.797017, 38.267276], [-79.850327, 38.233337], [-79.916177, 38.184394], [-79.938955, 38.111627], [-79.961985, 38.063615], [-79.971234, 38.044333], [-80.036239, 37.967927], [-80.055815, 37.951886], [-80.131934, 37.889507], [-80.199636, 37.827514], [-80.218619, 37.783298], [-80.258146, 37.720619], [-80.290037, 37.686144], [-80.292261, 37.683739], [-80.224306, 37.623999], [-80.223389, 37.623192], [-80.282443, 37.585488], [-80.291647, 37.536512], [-80.399883, 37.462321], [-80.464823, 37.426151], [-80.469572, 37.429033], [-80.544839, 37.474702], [-80.664974, 37.414222], [-80.770085, 37.37237], [-80.836449, 37.424362], [-80.857362, 37.421136], [-80.858151, 37.421014], [-80.865151, 37.419934], [-80.883251, 37.38394], [-80.835482, 37.334831], [-80.919262, 37.30617], [-80.980849, 37.30086], [-80.996016, 37.299552], [-81.112599, 37.278504], [-81.225107, 37.234881], [-81.36216, 37.337694], [-81.42795, 37.271022], [-81.483563, 37.250611], [-81.533074, 37.223421], [-81.560629, 37.20667], [-81.678607, 37.202474], [-81.739059, 37.239504], [-81.744007, 37.242535], [-81.774751, 37.274854], [-81.849953, 37.285234], [-81.896005, 37.331974], [-81.933605, 37.389224], [-81.936954, 37.419927], [-81.984895, 37.454322], [-81.932283, 37.511968], [-81.968301, 37.537805], [-82.201749, 37.375115], [-82.309419, 37.300073], [-82.314374, 37.296314], [-82.355347, 37.265227], [-82.449168, 37.243915], [-82.553643, 37.201458], [-82.558182, 37.199613], [-82.56528, 37.195908], [-82.726298, 37.111859], [-82.722258, 37.057955], [-82.750719, 37.024114], [-82.815752, 37.007203], [-82.869187, 36.974189], [-82.865196, 36.92093], [-82.883758, 36.897137], [-82.895449, 36.882152], [-83.012591, 36.847296], [-83.075594, 36.850596], [-83.114697, 36.796095], [-83.136399, 36.743095], [-83.236403, 36.726894], [-83.386103, 36.686596], [-83.436512, 36.666192], [-83.460959, 36.666138], [-83.527116, 36.665992], [-83.614517, 36.63399]]]]}, "properties": {"OBJECTID": 8, "NAME": "Virginia", "ABBR": "VI", "Shape_Length": 24.338085835246254, "Shape_Area": 10.77652788560002}}, {"type": "Feature", "id": 9, "geometry": {"type": "Polygon", "coordinates": [[[-90.300703, 35.028799], [-90.309303, 34.9957], [-89.795193, 34.994299], [-89.724322, 34.994193], [-89.706613, 34.994167], [-89.644058, 34.994073], [-89.43496, 34.99376], [-89.352685, 34.994003], [-89.198294, 34.994457], [-89.026546, 34.994963], [-89.017133, 34.994974], [-88.823056, 34.995214], [-88.786618, 34.995259], [-88.469882, 34.99604], [-88.380498, 34.995799], [-88.363536, 34.995753], [-88.258116, 34.99547], [-88.200069, 34.995641], [-88.202964, 35.008035], [-88.000037, 35.005946], [-87.984921, 35.005917], [-87.851891, 35.005663], [-87.688711, 35.004279], [-87.62503, 35.003739], [-87.606103, 35.003526], [-87.224059, 34.999237], [-87.216688, 34.999155], [-87.210764, 34.999056], [-86.836291, 34.99281], [-86.783653, 34.991932], [-86.783633, 34.991932], [-86.467803, 34.990699], [-86.318766, 34.991085], [-86.311279, 34.991105], [-85.863951, 34.987037], [-85.60517, 34.984685], [-85.474343, 34.98368], [-85.384972, 34.982994], [-85.363924, 34.983383], [-85.277561, 34.984982], [-85.26506, 34.985084], [-85.045187, 34.98689], [-84.979858, 34.987212], [-84.976978, 34.987227], [-84.861318, 34.987798], [-84.810482, 34.987885], [-84.775842, 34.987944], [-84.727438, 34.988027], [-84.621487, 34.988336], [-84.509056, 34.98804], [-84.321873, 34.988415], [-84.286603, 35.205765], [-84.283224, 35.226584], [-84.223722, 35.269085], [-84.17852, 35.240686], [-84.097512, 35.247389], [-84.029109, 35.292131], [-84.023514, 35.29579], [-84.038085, 35.34837], [-84.00759, 35.371668], [-84.021786, 35.407425], [-83.973175, 35.452589], [-83.958922, 35.457906], [-83.953236, 35.460028], [-83.916805, 35.473619], [-83.848506, 35.519266], [-83.77174, 35.562125], [-83.662916, 35.567807], [-83.653163, 35.568316], [-83.587831, 35.56697], [-83.498339, 35.562988], [-83.452435, 35.602925], [-83.42158, 35.611193], [-83.347266, 35.660481], [-83.297158, 35.657757], [-83.264748, 35.703096], [-83.256146, 35.715131], [-83.255355, 35.716237], [-83.198271, 35.725501], [-83.161541, 35.76337], [-83.097197, 35.776074], [-83.048534, 35.787713], [-82.978418, 35.782617], [-82.966654, 35.795453], [-82.937441, 35.827327], [-82.899722, 35.874609], [-82.910612, 35.926937], [-82.893755, 35.933864], [-82.860728, 35.947437], [-82.816134, 35.923993], [-82.787469, 35.95217], [-82.779401, 35.992518], [-82.725069, 36.018211], [-82.628369, 36.062112], [-82.605707, 36.037206], [-82.595529, 36.026019], [-82.610889, 35.974449], [-82.557878, 35.953908], [-82.508011, 35.98202], [-82.464562, 36.006515], [-82.416941, 36.072977], [-82.409462, 36.083416], [-82.346861, 36.115216], [-82.297659, 36.133517], [-82.265694, 36.127621], [-82.220257, 36.153827], [-82.211255, 36.159019], [-82.140851, 36.136223], [-82.12715, 36.104424], [-82.081153, 36.105699], [-82.080147, 36.105727], [-82.028744, 36.124329], [-81.960105, 36.228138], [-81.934373, 36.264723], [-81.918448, 36.287365], [-81.908141, 36.30202], [-81.833206, 36.347346], [-81.768981, 36.341049], [-81.70597, 36.338503], [-81.725376, 36.389746], [-81.734316, 36.413349], [-81.695315, 36.467919], [-81.699966, 36.536836], [-81.677539, 36.588124], [-81.646904, 36.611925], [-81.826738, 36.614726], [-81.922648, 36.61622], [-81.934148, 36.59422], [-82.145577, 36.594567], [-82.173986, 36.594614], [-82.243389, 36.594883], [-82.29414, 36.59508], [-82.487242, 36.595829], [-82.609186, 36.595097], [-82.830437, 36.593768], [-82.984462, 36.595297], [-83.276304, 36.598194], [-83.472098, 36.599483], [-83.675417, 36.600821], [-83.690718, 36.582588], [-83.894425, 36.586488], [-83.930765, 36.587701], [-83.987615, 36.589599], [-83.987846, 36.589607], [-84.227198, 36.592187], [-84.227336, 36.592188], [-84.261326, 36.592749], [-84.499942, 36.596685], [-84.77846, 36.603218], [-84.785345, 36.603379], [-84.785404, 36.603382], [-84.943953, 36.612576], [-84.974873, 36.61459], [-85.096133, 36.62249], [-85.276293, 36.626165], [-85.290632, 36.626457], [-85.295817, 36.626157], [-85.436409, 36.618011], [-85.488358, 36.615001], [-85.731867, 36.620436], [-85.788561, 36.621719], [-85.873862, 36.623649], [-85.975718, 36.628645], [-86.081949, 36.633855], [-86.20557, 36.639254], [-86.411501, 36.648247], [-86.507776, 36.652452], [-86.551297, 36.637992], [-86.562073, 36.640754], [-86.606399, 36.652114], [-86.763296, 36.648728], [-86.813042, 36.647654], [-87.060831, 36.644778], [-87.115009, 36.644149], [-87.335984, 36.641584], [-87.347801, 36.641447], [-87.641155, 36.638043], [-87.694191, 36.636845], [-87.853209, 36.633254], [-87.849572, 36.663708], [-88.011797, 36.677032], [-88.070537, 36.678125], [-88.055743, 36.630482], [-88.033807, 36.55174], [-88.050471, 36.50006], [-88.053356, 36.500003], [-88.127383, 36.498547], [-88.489082, 36.501291], [-88.511926, 36.501464], [-88.516364, 36.501471], [-88.81677, 36.501958], [-88.827184, 36.501975], [-88.834595, 36.501987], [-88.964477, 36.502198], [-89.211415, 36.505637], [-89.3452, 36.50135], [-89.417299, 36.49904], [-89.539238, 36.497941], [-89.521027, 36.461941], [-89.542343, 36.42011], [-89.510386, 36.378363], [-89.522701, 36.344796], [-89.545037, 36.344278], [-89.60055, 36.342992], [-89.611825, 36.309095], [-89.554295, 36.277758], [-89.60238, 36.238113], [-89.678052, 36.248291], [-89.692636, 36.224966], [-89.627647, 36.185467], [-89.62381, 36.183135], [-89.592108, 36.135644], [-89.643026, 36.103627], [-89.680035, 36.082501], [-89.692443, 36.020514], [-89.733101, 36.000615], [-89.68693, 35.947723], [-89.652285, 35.921469], [-89.649124, 35.904722], [-89.647276, 35.894927], [-89.72264, 35.873725], [-89.729523, 35.847639], [-89.723432, 35.809389], [-89.797059, 35.782655], [-89.86388, 35.747599], [-89.915497, 35.754924], [-89.956595, 35.695493], [-89.898922, 35.650911], [-89.876554, 35.62666], [-89.932506, 35.607872], [-89.94476, 35.560315], [-89.958504, 35.54171], [-90.037621, 35.550336], [-90.045811, 35.49654], [-90.02207, 35.457382], [-90.045312, 35.415442], [-90.070555, 35.423298], [-90.11251, 35.41016], [-90.087909, 35.363277], [-90.12187, 35.304542], [-90.1666, 35.274595], [-90.097953, 35.24999], [-90.093291, 35.203289], [-90.099783, 35.16448], [-90.090616, 35.118293], [-90.160064, 35.128836], [-90.181393, 35.091407], [-90.197152, 35.050737], [-90.265302, 35.040299], [-90.300703, 35.028799]]]}, "properties": {"OBJECTID": 9, "NAME": "Tennessee", "ABBR": "TN", "Shape_Length": 20.707556491673934, "Shape_Area": 10.892137177914538}}, {"type": "Feature", "id": 10, "geometry": {"type": "Polygon", "coordinates": [[[-94.043058, 32.693036], [-94.04309, 32.564267], [-94.042795, 32.392289], [-94.042746, 32.363565], [-94.042703, 32.196071], [-94.042688, 32.137962], [-94.04184, 31.992408], [-94.029435, 31.979693], [-93.977468, 31.926425], [-93.909564, 31.89315], [-93.878259, 31.844282], [-93.853397, 31.805473], [-93.803426, 31.700692], [-93.816845, 31.622515], [-93.834931, 31.586217], [-93.787694, 31.52735], [-93.725932, 31.504098], [-93.749483, 31.468696], [-93.69761, 31.428415], [-93.668153, 31.375109], [-93.675447, 31.301046], [-93.613949, 31.259381], [-93.60245, 31.182547], [-93.60061, 31.182631], [-93.552504, 31.184826], [-93.535104, 31.18562], [-93.540285, 31.128874], [-93.531226, 31.051684], [-93.539533, 31.008504], [-93.549848, 30.967124], [-93.530943, 30.92454], [-93.554582, 30.877475], [-93.558624, 30.869429], [-93.56931, 30.802974], [-93.617695, 30.738484], [-93.629911, 30.679945], [-93.685128, 30.625206], [-93.684336, 30.592591], [-93.729202, 30.544847], [-93.710124, 30.506405], [-93.702672, 30.429952], [-93.73818, 30.402552], [-93.74534, 30.397027], [-93.760335, 30.329929], [-93.707197, 30.275518], [-93.711069, 30.243976], [-93.713366, 30.225266], [-93.703771, 30.173941], [-93.702443, 30.112726], [-93.703947, 30.054296], [-93.70619, 30.05232], [-93.741085, 30.021576], [-93.807822, 29.954554], [-93.830381, 29.894364], [-93.852316, 29.872096], [-93.872453, 29.851655], [-93.929215, 29.802957], [-93.890828, 29.761678], [-93.863211, 29.724064], [-93.837978, 29.690624], [-93.799257, 29.715265], [-93.741955, 29.736348], [-93.538469, 29.763304], [-93.411093, 29.767362], [-93.295579, 29.775076], [-93.176936, 29.770492], [-93.088188, 29.74913], [-92.993134, 29.723851], [-92.879998, 29.68029], [-92.684492, 29.605006], [-92.616088, 29.588791], [-92.568044, 29.577402], [-92.473591, 29.561086], [-92.409866, 29.547482], [-92.323471, 29.531502], [-92.251866, 29.539359], [-92.15863, 29.581621], [-92.064519, 29.58567], [-92.0429, 29.577486], [-92.030192, 29.572674], [-91.915327, 29.518518], [-91.821585, 29.47393], [-91.768269, 29.490367], [-91.711087, 29.569333], [-91.803736, 29.595957], [-91.873272, 29.627282], [-91.862563, 29.667401], [-91.853076, 29.702941], [-91.808148, 29.725102], [-91.737259, 29.749375], [-91.667134, 29.745827], [-91.623835, 29.699245], [-91.643838, 29.63063], [-91.600185, 29.631161], [-91.54198, 29.594358], [-91.537451, 29.565893], [-91.531027, 29.531548], [-91.485596, 29.499121], [-91.460969, 29.469966], [-91.439959, 29.478525], [-91.394313, 29.49712], [-91.34752, 29.444443], [-91.363973, 29.420669], [-91.334057, 29.39153], [-91.266329, 29.361369], [-91.265458, 29.360981], [-91.276653, 29.32983], [-91.334891, 29.29878], [-91.278798, 29.247781], [-91.158154, 29.218105], [-91.094021, 29.187716], [-91.000102, 29.169486], [-90.964227, 29.165106], [-90.941883, 29.162378], [-90.877589, 29.104896], [-90.867859, 29.056069], [-90.812556, 29.042143], [-90.748383, 29.040065], [-90.652122, 29.057726], [-90.488123, 29.058765], [-90.44274, 29.056058], [-90.409623, 29.058439], [-90.334941, 29.063808], [-90.223593, 29.08508], [-90.122759, 29.144291], [-90.089841, 29.164481], [-90.058518, 29.183692], [-89.956466, 29.253749], [-89.902712, 29.293042], [-89.883469, 29.307108], [-89.842647, 29.318828], [-89.726167, 29.304031], [-89.639668, 29.290536], [-89.606656, 29.252028], [-89.564556, 29.242532], [-89.482849, 29.215058], [-89.432937, 29.149028], [-89.39052, 29.123581], [-89.361103, 29.071853], [-89.403535, 29.016969], [-89.400971, 28.933817], [-89.322016, 29.010256], [-89.259359, 29.058363], [-89.218678, 29.02252], [-89.142871, 28.991628], [-89.148797, 29.029675], [-89.116535, 29.074102], [-89.066622, 29.090719], [-89.014285, 29.166918], [-89.025979, 29.215158], [-89.116658, 29.219537], [-89.134342, 29.279345], [-89.200394, 29.344423], [-89.257857, 29.336877], [-89.31209, 29.388043], [-89.380006, 29.39179], [-89.482323, 29.406227], [-89.532155, 29.434572], [-89.569612, 29.494049], [-89.56462, 29.543791], [-89.602114, 29.6103], [-89.535207, 29.648572], [-89.504743, 29.631513], [-89.500972, 29.633461], [-89.465567, 29.651743], [-89.403961, 29.681813], [-89.399167, 29.770597], [-89.271039, 29.75636], [-89.293256, 29.803058], [-89.236303, 29.877086], [-89.231183, 29.925489], [-89.21568, 29.993528], [-89.185804, 30.063939], [-89.183261, 30.149349], [-89.233173, 30.134962], [-89.303031, 30.091575], [-89.342168, 30.059177], [-89.444623, 30.060964], [-89.494069, 30.040977], [-89.57443, 29.983743], [-89.598134, 29.881414], [-89.647069, 29.863607], [-89.701731, 29.87409], [-89.744278, 29.917652], [-89.795975, 29.934008], [-89.852589, 29.952726], [-89.845303, 30.016387], [-89.845071, 30.018415], [-89.78254, 30.045377], [-89.683718, 30.076023], [-89.656992, 30.118386], [-89.605094, 30.14282], [-89.524509, 30.180758], [-89.60766, 30.217101], [-89.634214, 30.308262], [-89.67852, 30.414018], [-89.699938, 30.454042], [-89.712499, 30.477516], [-89.79167, 30.55153], [-89.821874, 30.64403], [-89.826186, 30.668829], [-89.836337, 30.727203], [-89.791751, 30.820393], [-89.750079, 30.912936], [-89.728181, 31.00232], [-89.728153, 31.002437], [-89.835913, 31.002107], [-89.897522, 31.001919], [-90.259561, 31.000667], [-90.346013, 31.000369], [-90.34731, 31.000366], [-90.54758, 30.999988], [-90.567201, 30.999951], [-90.758781, 30.999589], [-90.825835, 30.999531], [-91.060133, 30.99933], [-91.176146, 30.99923], [-91.224074, 30.999189], [-91.636948, 30.999422], [-91.628263, 31.005103], [-91.560371, 31.049514], [-91.594699, 31.09145], [-91.621677, 31.136876], [-91.591, 31.192004], [-91.590057, 31.193699], [-91.644362, 31.23442], [-91.621364, 31.267817], [-91.564198, 31.261639], [-91.508864, 31.29165], [-91.536067, 31.338361], [-91.532342, 31.390281], [-91.510362, 31.438934], [-91.517146, 31.4984], [-91.489624, 31.534272], [-91.437622, 31.546172], [-91.457523, 31.587572], [-91.463823, 31.620371], [-91.395721, 31.644171], [-91.380921, 31.73247], [-91.380131, 31.732633], [-91.318582, 31.745321], [-91.320465, 31.747806], [-91.35952, 31.799368], [-91.34572, 31.842867], [-91.290141, 31.833664], [-91.244021, 31.869738], [-91.234905, 31.876869], [-91.181116, 31.920065], [-91.177416, 31.973263], [-91.117415, 31.987063], [-91.080814, 32.023462], [-91.079114, 32.050261], [-91.034713, 32.101059], [-91.039478, 32.107974], [-91.108515, 32.208156], [-90.991233, 32.214668], [-90.94784, 32.283492], [-90.921176, 32.342079], [-90.986678, 32.351766], [-90.965992, 32.424812], [-91.052913, 32.438448], [-91.060522, 32.512367], [-91.011281, 32.516602], [-91.048766, 32.572803], [-91.049318, 32.57363], [-91.055415, 32.579094], [-91.079512, 32.600686], [-91.098768, 32.685297], [-91.057005, 32.725586], [-91.113658, 32.739976], [-91.15762, 32.776039], [-91.161675, 32.812471], [-91.137896, 32.848981], [-91.070608, 32.888665], [-91.072081, 32.937838], [-91.13442, 32.980539], [-91.166079, 33.004112], [-91.26457, 33.004745], [-91.435937, 33.005846], [-91.460382, 33.006003], [-91.489182, 33.006188], [-91.875134, 33.007734], [-92.068934, 33.008488], [-92.069021, 33.008488], [-92.222831, 33.009086], [-92.501389, 33.012166], [-92.723559, 33.014334], [-92.72475, 33.014348], [-92.971144, 33.017198], [-92.988783, 33.017257], [-93.197409, 33.017957], [-93.238653, 33.018022], [-93.377141, 33.01824], [-93.490565, 33.018641], [-93.520999, 33.018748], [-93.72328, 33.019463], [-93.807132, 33.0194], [-93.814605, 33.019395], [-94.042971, 33.019225], [-94.043009, 32.881095], [-94.043033, 32.797482], [-94.043058, 32.693036]]]}, "properties": {"OBJECTID": 10, "NAME": "Louisiana", "ABBR": "LA", "Shape_Length": 22.17697931321901, "Shape_Area": 11.856402170032286}}, {"type": "Feature", "id": 11, "geometry": {"type": "MultiPolygon", "coordinates": [[[[-72.018927, 41.274122], [-72.034755, 41.234826], [-71.917282, 41.251341], [-71.926803, 41.29013], [-72.018927, 41.274122]]], [[[-79.761954, 42.269868], [-79.762125, 42.131254], [-79.761316, 41.998816], [-79.610839, 41.998528], [-79.472475, 41.998263], [-79.061261, 41.998846], [-78.983068, 41.998957], [-78.918901, 41.999111], [-78.596653, 41.999885], [-78.308147, 41.99908], [-78.271207, 41.998976], [-78.206382, 41.999097], [-78.03118, 41.999423], [-77.832033, 41.998532], [-77.749935, 41.998764], [-77.610023, 41.999158], [-77.007637, 42.000856], [-76.965794, 42.000792], [-76.926928, 42.000732], [-76.55812, 42.000163], [-76.557701, 42.000158], [-76.462157, 41.998942], [-76.145521, 41.998875], [-76.105842, 41.998866], [-75.870679, 41.998836], [-75.483142, 41.999407], [-75.477146, 41.999415], [-75.359933, 41.993698], [-75.341127, 41.99278], [-75.291764, 41.9471], [-75.263007, 41.885117], [-75.190205, 41.862462], [-75.145295, 41.849746], [-75.113371, 41.840706], [-75.074414, 41.802199], [-75.053433, 41.752546], [-75.049283, 41.64187], [-75.0462, 41.603772], [-75.043881, 41.575102], [-74.982465, 41.496475], [-74.89036, 41.455332], [-74.799548, 41.431298], [-74.756274, 41.427636], [-74.734895, 41.425826], [-74.694916, 41.357431], [-74.457586, 41.248233], [-74.36704, 41.20422], [-74.301996, 41.172602], [-74.234494, 41.1429], [-74.234475, 41.142891], [-74.211619, 41.13299], [-74.041055, 41.059096], [-73.89398, 40.997205], [-73.907281, 40.951506], [-73.920486, 40.918583], [-73.934894, 40.882658], [-73.938082, 40.874707], [-73.953216, 40.847467], [-73.968083, 40.820708], [-73.971213, 40.816319], [-73.984587, 40.797561], [-74.005853, 40.767735], [-74.013785, 40.756609], [-74.01951, 40.745317], [-74.029476, 40.72566], [-74.047041, 40.691013], [-74.047314, 40.690474], [-74.067722, 40.670389], [-74.071092, 40.667072], [-74.086807, 40.651604], [-74.160148, 40.646085], [-74.170612, 40.645297], [-74.200188, 40.631848], [-74.202249, 40.630911], [-74.20367, 40.593214], [-74.20369, 40.592699], [-74.216841, 40.558626], [-74.249213, 40.545072], [-74.260613, 40.502444], [-74.199924, 40.511737], [-74.112586, 40.547611], [-74.057317, 40.597554], [-74.037972, 40.589579], [-74.036559, 40.588997], [-73.991347, 40.570358], [-73.973793, 40.560863], [-73.940592, 40.542904], [-73.825495, 40.576158], [-73.774929, 40.590767], [-73.750623, 40.589328], [-73.640903, 40.582831], [-73.507326, 40.593419], [-73.48487, 40.598763], [-73.424116, 40.61322], [-73.351466, 40.630508], [-73.306397, 40.620764], [-73.208441, 40.630892], [-73.012546, 40.679659], [-72.923215, 40.71329], [-72.757177, 40.764379], [-72.728178, 40.772589], [-72.395851, 40.866668], [-72.298728, 40.903159], [-72.09737, 40.958888], [-71.936978, 41.006145], [-71.856215, 41.070606], [-71.919386, 41.080525], [-71.959596, 41.071245], [-72.051929, 41.020514], [-72.095712, 41.054028], [-72.084208, 41.101532], [-72.126705, 41.115147], [-72.162899, 41.053195], [-72.217477, 41.040619], [-72.283094, 41.067882], [-72.254705, 41.11086], [-72.182034, 41.178353], [-72.189164, 41.193557], [-72.29111, 41.155882], [-72.354124, 41.13996], [-72.38981, 41.108312], [-72.445243, 41.086124], [-72.504306, 41.043337], [-72.585328, 40.997595], [-72.70807, 40.977859], [-72.859832, 40.966096], [-73.040446, 40.964506], [-73.110369, 40.971946], [-73.144674, 40.95585], [-73.148995, 40.928906], [-73.229286, 40.905129], [-73.331361, 40.929605], [-73.392863, 40.955305], [-73.436665, 40.934905], [-73.485366, 40.946405], [-73.497352, 40.923191], [-73.499942, 40.918174], [-73.617572, 40.897906], [-73.654373, 40.878207], [-73.713675, 40.870107], [-73.741199, 40.875863], [-73.766277, 40.881107], [-73.756777, 40.912607], [-73.697975, 40.939606], [-73.657337, 40.985179], [-73.659363, 41.004042], [-73.659534, 41.017865], [-73.70603, 41.074306], [-73.727776, 41.100704], [-73.48271, 41.212768], [-73.550962, 41.29543], [-73.544137, 41.366493], [-73.543149, 41.376779], [-73.53697, 41.441102], [-73.529679, 41.527169], [-73.521835, 41.619756], [-73.520018, 41.641205], [-73.51792, 41.666729], [-73.505009, 41.823781], [-73.487315, 42.049647], [-73.489681, 42.053806], [-73.508143, 42.086266], [-73.352528, 42.510011], [-73.264958, 42.745949], [-73.290945, 42.801929], [-73.278674, 42.833419], [-73.273834, 42.94364], [-73.269781, 43.035932], [-73.255366, 43.314545], [-73.252833, 43.363502], [-73.242043, 43.534934], [-73.292114, 43.584518], [-73.327703, 43.625922], [-73.395768, 43.568096], [-73.424978, 43.598784], [-73.414547, 43.658218], [-73.393724, 43.699209], [-73.361109, 43.753242], [-73.350708, 43.770472], [-73.382528, 43.808168], [-73.390303, 43.81738], [-73.374052, 43.875572], [-73.407743, 43.929896], [-73.411249, 43.975605], [-73.405978, 44.011494], [-73.436881, 44.042587], [-73.41632, 44.099431], [-73.3954, 44.166912], [-73.34989, 44.230365], [-73.316619, 44.257778], [-73.317457, 44.263531], [-73.32423, 44.310032], [-73.334638, 44.356886], [-73.320955, 44.382678], [-73.293614, 44.440568], [-73.312872, 44.507255], [-73.347985, 44.546172], [-73.363662, 44.563547], [-73.367276, 44.567554], [-73.389968, 44.619629], [-73.365562, 44.700306], [-73.357673, 44.751027], [-73.334432, 44.802197], [-73.36568, 44.82646], [-73.379824, 44.857046], [-73.338981, 44.91769], [-73.344742, 44.970477], [-73.343126, 45.010849], [-73.63972, 45.003473], [-73.874599, 45.001232], [-74.027433, 44.997374], [-74.234138, 44.992157], [-74.436936, 44.996186], [-74.61105, 44.999212], [-74.644741, 44.997037], [-74.725815, 44.991802], [-74.744642, 44.990586], [-74.834671, 45.014692], [-74.907958, 44.983368], [-74.992758, 44.977458], [-75.005157, 44.958411], [-75.066247, 44.930183], [-75.14296, 44.900246], [-75.255519, 44.85766], [-75.333746, 44.806387], [-75.423945, 44.756338], [-75.567415, 44.658718], [-75.766232, 44.51586], [-75.80778, 44.471653], [-75.834128, 44.422442], [-75.861344, 44.405156], [-75.949542, 44.349138], [-75.980282, 44.348185], [-76.001, 44.347543], [-76.097353, 44.299556], [-76.161835, 44.280786], [-76.164267, 44.239612], [-76.206779, 44.214552], [-76.286549, 44.203782], [-76.334586, 44.164954], [-76.355681, 44.133267], [-76.370708, 44.100508], [-76.361838, 44.07273], [-76.375562, 44.031545], [-76.307676, 44.025286], [-76.279316, 43.972471], [-76.41214, 43.925685], [-76.44185, 43.882873], [-76.361039, 43.872594], [-76.29676, 43.857088], [-76.22927, 43.804144], [-76.213207, 43.753522], [-76.201485, 43.680295], [-76.196598, 43.64977], [-76.203475, 43.574987], [-76.235836, 43.529265], [-76.319703, 43.512284], [-76.368851, 43.525831], [-76.417583, 43.521294], [-76.515884, 43.471145], [-76.617216, 43.420184], [-76.630776, 43.413365], [-76.684858, 43.3527], [-76.722005, 43.337589], [-76.769028, 43.318461], [-76.841678, 43.305408], [-76.952177, 43.270701], [-76.999694, 43.271465], [-77.130432, 43.285644], [-77.26418, 43.277372], [-77.341095, 43.28067], [-77.376055, 43.274042], [-77.500923, 43.250372], [-77.551025, 43.235772], [-77.660362, 43.283007], [-77.760234, 43.34117], [-77.816536, 43.343569], [-77.994841, 43.365268], [-77.995593, 43.365319], [-78.145198, 43.375519], [-78.329377, 43.373158], [-78.465554, 43.370904], [-78.547398, 43.36955], [-78.75435, 43.332019], [-78.834064, 43.317564], [-79.070472, 43.262463], [-79.052871, 43.222063], [-79.04457, 43.153264], [-79.060209, 43.124808], [-79.07447, 43.077863], [-79.019581, 43.066305], [-79.018249, 43.066024], [-79.005453, 43.057239], [-79.019967, 42.994764], [-78.961764, 42.957764], [-78.92796, 42.95293], [-78.909162, 42.933265], [-78.912461, 42.886565], [-78.88256, 42.867266], [-78.86797, 42.832303], [-78.865659, 42.826766], [-78.851358, 42.791766], [-78.904846, 42.746129], [-78.972381, 42.715999], [-79.048863, 42.689166], [-79.063763, 42.644766], [-79.111364, 42.613366], [-79.135948, 42.569187], [-79.138572, 42.56447], [-79.193235, 42.545889], [-79.283367, 42.511236], [-79.381946, 42.466499], [-79.453536, 42.411165], [-79.627487, 42.324694], [-79.761954, 42.269868]]]]}, "properties": {"OBJECTID": 11, "NAME": "New York", "ABBR": "NY", "Shape_Length": 26.25661343102478, "Shape_Area": 14.073650230973373}}, {"type": "Feature", "id": 12, "geometry": {"type": "Polygon", "coordinates": [[[-117.24304, 44.39098], [-117.216924, 44.360169], [-117.192216, 44.328636], [-117.212009, 44.296457], [-117.216987, 44.288363], [-117.170355, 44.258896], [-117.12105, 44.277591], [-117.059365, 44.23725], [-116.971971, 44.235683], [-116.965511, 44.194132], [-116.902765, 44.179473], [-116.895944, 44.154301], [-116.897868, 44.152672], [-116.977364, 44.08537], [-116.937355, 44.029382], [-116.959884, 43.982931], [-116.976037, 43.895554], [-116.985558, 43.881191], [-117.02359, 43.823817], [-117.025677, 43.6803], [-117.026902, 43.596039], [-117.026665, 43.025134], [-117.026266, 42.807453], [-117.026564, 42.378563], [-117.02621, 41.999896], [-117.018216, 41.999846], [-116.62596, 41.997385], [-116.332776, 41.997289], [-115.870194, 41.996772], [-115.625927, 41.997421], [-115.31389, 41.996109], [-115.038122, 41.99864], [-114.899223, 41.999915], [-114.598279, 41.994517], [-114.281867, 41.99422], [-114.281812, 41.99422], [-114.041735, 41.993726], [-113.817976, 41.988586], [-113.49656, 41.993311], [-113.249171, 41.996209], [-113.000833, 41.998229], [-113.000052, 41.998234], [-112.648031, 42.000313], [-112.264948, 42.000997], [-112.159189, 41.998688], [-112.109544, 41.997604], [-112.109455, 41.997605], [-111.75079, 41.999336], [-111.507825, 41.999692], [-111.507818, 41.999692], [-111.471393, 41.999745], [-111.374141, 42.000899], [-111.046701, 42.001573], [-111.047092, 42.349426], [-111.045542, 42.513919], [-111.043576, 42.72263], [-111.043971, 42.964456], [-111.044065, 43.019413], [-111.044155, 43.07237], [-111.044629, 43.315726], [-111.045373, 43.501058], [-111.046122, 43.687854], [-111.046527, 43.908382], [-111.047231, 43.983438], [-111.048464, 44.114837], [-111.04916, 44.374931], [-111.048986, 44.474079], [-111.122666, 44.493665], [-111.143569, 44.535739], [-111.201471, 44.575702], [-111.224173, 44.623409], [-111.268762, 44.668286], [-111.323681, 44.724481], [-111.37715, 44.751203], [-111.385017, 44.755134], [-111.438805, 44.720552], [-111.456959, 44.695647], [-111.468845, 44.679341], [-111.519138, 44.582922], [-111.562826, 44.555215], [-111.617119, 44.557134], [-111.70423, 44.560211], [-111.807926, 44.511722], [-111.870516, 44.564039], [-112.034145, 44.537722], [-112.125113, 44.528533], [-112.22171, 44.543525], [-112.286199, 44.568478], [-112.358929, 44.528853], [-112.387401, 44.448064], [-112.473219, 44.480033], [-112.601875, 44.491021], [-112.707827, 44.503029], [-112.735096, 44.499165], [-112.828203, 44.442478], [-112.821908, 44.407442], [-112.826839, 44.405209], [-112.881781, 44.380321], [-112.951159, 44.416705], [-113.006859, 44.471721], [-113.006841, 44.518445], [-113.061084, 44.577335], [-113.049362, 44.629386], [-113.101167, 44.708584], [-113.1314, 44.764744], [-113.247179, 44.822956], [-113.301521, 44.798991], [-113.377166, 44.834864], [-113.422389, 44.842601], [-113.474586, 44.910852], [-113.448971, 44.95355], [-113.437739, 45.006973], [-113.451983, 45.059253], [-113.510832, 45.099908], [-113.574683, 45.128417], [-113.650077, 45.234716], [-113.735614, 45.325271], [-113.732403, 45.385064], [-113.763381, 45.427738], [-113.759999, 45.480741], [-113.802862, 45.523165], [-113.806742, 45.602152], [-113.861417, 45.623666], [-113.898896, 45.644173], [-113.948334, 45.682584], [-113.971578, 45.700642], [-114.015646, 45.696133], [-114.014986, 45.654014], [-114.083162, 45.604002], [-114.186483, 45.545545], [-114.251849, 45.537818], [-114.27923, 45.480622], [-114.368533, 45.492722], [-114.456777, 45.543989], [-114.506354, 45.559222], [-114.523786, 45.585333], [-114.538145, 45.60684], [-114.535783, 45.650619], [-114.49965, 45.669041], [-114.504882, 45.722182], [-114.562522, 45.779933], [-114.517156, 45.835999], [-114.422976, 45.855387], [-114.388256, 45.882346], [-114.413181, 45.911485], [-114.402274, 45.961495], [-114.441198, 45.988459], [-114.480254, 46.030331], [-114.460062, 46.09711], [-114.521313, 46.125293], [-114.514719, 46.167732], [-114.445941, 46.173939], [-114.449832, 46.237125], [-114.441339, 46.273806], [-114.431721, 46.31075], [-114.422471, 46.387103], [-114.384769, 46.41179], [-114.403032, 46.498681], [-114.351668, 46.508125], [-114.331351, 46.577787], [-114.320678, 46.646969], [-114.335738, 46.655279], [-114.360722, 46.669065], [-114.453252, 46.649272], [-114.547334, 46.644491], [-114.591129, 46.652557], [-114.621496, 46.658149], [-114.626708, 46.712895], [-114.67684, 46.731845], [-114.699021, 46.740229], [-114.767193, 46.738834], [-114.790053, 46.778735], [-114.880601, 46.811797], [-114.943294, 46.867977], [-114.927445, 46.914191], [-114.961436, 46.9329], [-115.031664, 46.971554], [-115.071267, 47.022089], [-115.12093, 47.061243], [-115.189465, 47.131038], [-115.2558, 47.174731], [-115.292124, 47.209867], [-115.326917, 47.255918], [-115.371839, 47.265219], [-115.470973, 47.284879], [-115.531985, 47.314127], [-115.578633, 47.367013], [-115.710354, 47.41779], [-115.692944, 47.457243], [-115.634698, 47.481766], [-115.717038, 47.532699], [-115.721221, 47.576329], [-115.694298, 47.623466], [-115.736284, 47.654768], [-115.723784, 47.696677], [-115.835379, 47.760963], [-115.845488, 47.814973], [-115.900948, 47.84307], [-115.95996, 47.898148], [-116.030765, 47.973355], [-116.03858, 47.984641], [-116.049167, 47.999929], [-116.048925, 48.124936], [-116.048943, 48.216134], [-116.048962, 48.309853], [-116.049169, 48.481253], [-116.049171, 48.502049], [-116.049207, 49.000918], [-116.417517, 49.000105], [-116.757248, 48.999949], [-117.032365, 48.999194], [-117.032953, 48.846674], [-117.033685, 48.656908], [-117.035303, 48.422738], [-117.041121, 48.12491], [-117.041229, 48.045471], [-117.041321, 47.977462], [-117.041648, 47.735306], [-117.040504, 47.366035], [-117.040174, 47.259278], [-117.03985, 47.15474], [-117.039847, 47.127275], [-117.039791, 46.541715], [-117.039785, 46.471785], [-117.036659, 46.426107], [-117.035559, 46.410018], [-117.062762, 46.35363], [-116.997274, 46.303157], [-116.964393, 46.253288], [-116.96298, 46.199686], [-116.923972, 46.170926], [-116.935487, 46.142454], [-116.981976, 46.084921], [-116.94267, 46.061006], [-116.916003, 45.995419], [-116.886857, 45.958623], [-116.859809, 45.90727], [-116.799218, 45.851052], [-116.787534, 45.84021], [-116.736282, 45.826185], [-116.665358, 45.782004], [-116.593017, 45.778547], [-116.535711, 45.734237], [-116.528285, 45.681479], [-116.463517, 45.615791], [-116.502769, 45.566614], [-116.588208, 45.442926], [-116.674661, 45.314348], [-116.69093, 45.26899], [-116.69606, 45.254685], [-116.754656, 45.113978], [-116.783142, 45.077719], [-116.783723, 45.076978], [-116.841327, 45.030913], [-116.858326, 44.978767], [-116.833645, 44.928982], [-116.865351, 44.870605], [-116.889309, 44.840536], [-116.931813, 44.787187], [-117.013815, 44.756847], [-117.062286, 44.727149], [-117.094981, 44.652017], [-117.142943, 44.557242], [-117.1672, 44.523437], [-117.225945, 44.479395], [-117.215085, 44.427168], [-117.24304, 44.39098]]]}, "properties": {"OBJECTID": 12, "NAME": "Idaho", "ABBR": "ID", "Shape_Length": 27.39953784313986, "Shape_Area": 24.484618095145947}}, {"type": "Feature", "id": 13, "geometry": {"type": "MultiPolygon", "coordinates": [[[[-81.811696, 24.568749], [-81.812539, 24.545473], [-81.685246, 24.55868], [-81.595337, 24.593111], [-81.517407, 24.621243], [-81.443918, 24.642681], [-81.401892, 24.623548], [-81.342195, 24.637778], [-81.243235, 24.674002], [-81.305057, 24.755189], [-81.443513, 24.813368], [-81.571154, 24.756358], [-81.584602, 24.7367], [-81.672341, 24.699518], [-81.751269, 24.653521], [-81.811696, 24.568749]]], [[[-82.014913, 24.543075], [-82.028094, 24.49872], [-81.918858, 24.498135], [-81.868714, 24.584124], [-81.983911, 24.580686], [-82.014913, 24.543075]]], [[[-82.188034, 24.574703], [-82.179457, 24.529474], [-82.10076, 24.533292], [-82.086646, 24.590075], [-82.144102, 24.622485], [-82.188034, 24.574703]]], [[[-87.592069, 30.951466], [-87.634948, 30.865863], [-87.542273, 30.767487], [-87.523626, 30.738291], [-87.442296, 30.692667], [-87.400194, 30.657207], [-87.401194, 30.604389], [-87.431455, 30.550258], [-87.444727, 30.50749], [-87.41469, 30.457295], [-87.366606, 30.436649], [-87.431789, 30.403199], [-87.452287, 30.344103], [-87.518329, 30.280441], [-87.419864, 30.297134], [-87.319523, 30.31782], [-87.267832, 30.315486], [-87.228861, 30.319738], [-87.155397, 30.327754], [-86.918878, 30.369055], [-86.85063, 30.380973], [-86.799564, 30.384569], [-86.632958, 30.396305], [-86.412081, 30.380352], [-86.397386, 30.377501], [-86.222566, 30.343591], [-86.179735, 30.330665], [-86.089968, 30.303575], [-85.999941, 30.270786], [-85.995948, 30.268829], [-85.811223, 30.178326], [-85.696814, 30.096896], [-85.601182, 30.056348], [-85.571911, 30.026446], [-85.487768, 29.961233], [-85.42596, 29.949894], [-85.389165, 29.924065], [-85.384734, 29.920955], [-85.416552, 29.842634], [-85.402834, 29.758788], [-85.352619, 29.659792], [-85.259723, 29.681302], [-85.220147, 29.666459], [-85.157314, 29.642895], [-85.045078, 29.586996], [-84.876735, 29.655764], [-84.776958, 29.692197], [-84.692623, 29.763045], [-84.604007, 29.786027], [-84.56498, 29.810186], [-84.577444, 29.887834], [-84.535877, 29.910098], [-84.470327, 29.92453], [-84.423838, 29.903002], [-84.34907, 29.896818], [-84.33375, 29.923727], [-84.341443, 29.962214], [-84.34545, 29.969758], [-84.366119, 30.008668], [-84.289731, 30.057203], [-84.208014, 30.084782], [-84.179153, 30.073193], [-84.124893, 30.090607], [-84.076136, 30.099096], [-84.062994, 30.101384], [-84.00072, 30.096215], [-83.992314, 30.089274], [-83.931514, 30.039074], [-83.788733, 29.976988], [-83.679223, 29.918519], [-83.62503, 29.856898], [-83.583049, 29.787313], [-83.537649, 29.723066], [-83.483571, 29.698548], [-83.414705, 29.670542], [-83.414146, 29.666193], [-83.405072, 29.595576], [-83.401556, 29.523297], [-83.307832, 29.468867], [-83.294751, 29.437929], [-83.240513, 29.433184], [-83.20245, 29.394427], [-83.175522, 29.344695], [-83.16958, 29.29036], [-83.165558, 29.28897], [-83.107481, 29.268894], [-83.074738, 29.24798], [-83.07899, 29.196949], [-83.053211, 29.130844], [-83.016252, 29.125376], [-82.996148, 29.178079], [-82.927111, 29.168912], [-82.827077, 29.15843], [-82.79888, 29.114509], [-82.823663, 29.098907], [-82.759708, 29.054197], [-82.759382, 29.006624], [-82.755577, 29.000936], [-82.723865, 28.953511], [-82.688868, 28.905614], [-82.730249, 28.85016], [-82.713125, 28.800288], [-82.712377, 28.720926], [-82.668725, 28.695663], [-82.668713, 28.694083], [-82.668152, 28.622416], [-82.656697, 28.544819], [-82.665058, 28.484439], [-82.690817, 28.43331], [-82.697436, 28.420171], [-82.731463, 28.32508], [-82.764106, 28.24435], [-82.859628, 28.17414], [-82.859388, 28.17218], [-82.850885, 28.102456], [-82.828167, 28.020135], [-82.840886, 27.937167], [-82.84653, 27.854306], [-82.790227, 27.791608], [-82.746226, 27.731311], [-82.73847, 27.678509], [-82.733079, 27.612977], [-82.70502, 27.625315], [-82.677538, 27.664577], [-82.652524, 27.700312], [-82.625023, 27.732711], [-82.622726, 27.779873], [-82.586522, 27.816708], [-82.566384, 27.836343], [-82.553949, 27.848467], [-82.489852, 27.822612], [-82.448789, 27.810041], [-82.431983, 27.768097], [-82.477641, 27.723009], [-82.514268, 27.705593], [-82.544744, 27.658138], [-82.552891, 27.645453], [-82.584632, 27.596026], [-82.650723, 27.52312], [-82.719855, 27.528938], [-82.74302, 27.531091], [-82.691824, 27.437223], [-82.648174, 27.389725], [-82.610584, 27.348822], [-82.539722, 27.254331], [-82.452676, 27.079364], [-82.369205, 26.946086], [-82.31428, 26.858389], [-82.280545, 26.789313], [-82.264685, 26.756841], [-82.264354, 26.698501], [-82.245398, 26.601099], [-82.18072, 26.476262], [-82.126674, 26.436284], [-82.075018, 26.422064], [-82.013916, 26.452063], [-81.956614, 26.452363], [-81.923614, 26.436663], [-81.846488, 26.330377], [-81.844558, 26.327717], [-81.808836, 26.152251], [-81.757466, 26.000379], [-81.741931, 25.952731], [-81.727089, 25.907212], [-81.672636, 25.856659], [-81.64024, 25.877542], [-81.614738, 25.893982], [-81.472242, 25.816935], [-81.442311, 25.803335], [-81.383813, 25.776756], [-81.355989, 25.703531], [-81.289904, 25.673559], [-81.240522, 25.599046], [-81.208204, 25.504942], [-81.146768, 25.407582], [-81.148106, 25.332798], [-81.17091, 25.245862], [-81.142281, 25.183005], [-81.079862, 25.118802], [-81.009601, 25.125408], [-80.915927, 25.141306], [-80.875463, 25.174326], [-80.858173, 25.177525], [-80.812136, 25.186044], [-80.747749, 25.147446], [-80.71061, 25.152535], [-80.650535, 25.189102], [-80.542394, 25.206384], [-80.495397, 25.199813], [-80.500516, 25.156679], [-80.516574, 25.095462], [-80.610872, 25.006999], [-80.847474, 24.851757], [-81.038911, 24.7726], [-81.148721, 24.710481], [-81.103376, 24.669467], [-80.966248, 24.707856], [-80.651192, 24.866135], [-80.496764, 24.999328], [-80.358186, 25.153233], [-80.238558, 25.326825], [-80.229356, 25.342123], [-80.163159, 25.452189], [-80.176027, 25.521159], [-80.234852, 25.421965], [-80.310363, 25.389712], [-80.337052, 25.465626], [-80.315979, 25.532625], [-80.313921, 25.539169], [-80.301467, 25.613304], [-80.265882, 25.658378], [-80.22911, 25.732514], [-80.176919, 25.685067], [-80.154975, 25.665495], [-80.129129, 25.746166], [-80.123809, 25.762772], [-80.109956, 25.818265], [-80.117907, 25.915777], [-80.115009, 25.975331], [-80.109569, 26.08717], [-80.108661, 26.093299], [-80.085568, 26.249264], [-80.075877, 26.320918], [-80.061611, 26.426407], [-80.050366, 26.509554], [-80.038866, 26.569352], [-80.035366, 26.612351], [-80.035766, 26.676048], [-80.032234, 26.768607], [-80.032123, 26.771535], [-80.032365, 26.773039], [-80.046266, 26.859243], [-80.08308, 26.970539], [-80.116775, 27.072402], [-80.138608, 27.111522], [-80.153378, 27.169313], [-80.198024, 27.263014], [-80.253668, 27.379795], [-80.316689, 27.557345], [-80.330959, 27.597546], [-80.383698, 27.74005], [-80.44768, 27.860519], [-80.547678, 28.0488], [-80.589978, 28.177995], [-80.604217, 28.257738], [-80.606877, 28.336489], [-80.587816, 28.410861], [-80.525097, 28.459459], [-80.583887, 28.59771], [-80.647291, 28.67788], [-80.727509, 28.791198], [-80.787024, 28.875271], [-80.907278, 29.064267], [-80.966179, 29.147965], [-80.995426, 29.206057], [-81.046681, 29.307862], [-81.10297, 29.427002], [-81.163584, 29.555296], [-81.210413, 29.670646], [-81.256714, 29.784699], [-81.261937, 29.822129], [-81.270445, 29.883112], [-81.288958, 29.915186], [-81.374379, 30.252937], [-81.39641, 30.340046], [-81.402505, 30.400134], [-81.410812, 30.482045], [-81.426013, 30.496745], [-81.428958, 30.506189], [-81.434067, 30.522575], [-81.443102, 30.600944], [-81.427423, 30.698026], [-81.444127, 30.70972], [-81.507221, 30.722942], [-81.528284, 30.723365], [-81.561713, 30.715603], [-81.633276, 30.729609], [-81.668286, 30.74465], [-81.732241, 30.749641], [-81.763387, 30.773827], [-81.808546, 30.790022], [-81.868627, 30.792762], [-81.902357, 30.820826], [-81.905982, 30.821413], [-81.94319, 30.827443], [-81.994995, 30.78608], [-82.03267, 30.75068], [-82.041837, 30.69238], [-82.049532, 30.65555], [-82.015731, 30.601704], [-82.018384, 30.531182], [-82.028235, 30.447391], [-82.042014, 30.403259], [-82.040769, 30.37015], [-82.050986, 30.368374], [-82.094712, 30.360772], [-82.143309, 30.363384], [-82.180046, 30.368616], [-82.210321, 30.424583], [-82.200968, 30.474433], [-82.22943, 30.52082], [-82.21861, 30.564401], [-82.418988, 30.580922], [-82.459584, 30.58427], [-82.459796, 30.584282], [-82.584009, 30.591642], [-82.689533, 30.597895], [-82.877315, 30.609022], [-83.131435, 30.623581], [-83.136623, 30.623892], [-83.309351, 30.634245], [-83.35772, 30.637144], [-83.499955, 30.645669], [-83.611708, 30.651566], [-83.743733, 30.658533], [-83.820977, 30.662609], [-84.007458, 30.672076], [-84.083757, 30.675949], [-84.124997, 30.678043], [-84.285519, 30.684815], [-84.380758, 30.688833], [-84.474523, 30.692789], [-84.813001, 30.709656], [-84.863468, 30.711503], [-84.864697, 30.711548], [-84.918154, 30.772088], [-84.934287, 30.834039], [-84.935702, 30.878709], [-84.983761, 30.93699], [-85.006066, 30.977045], [-85.002503, 31.000688], [-85.031289, 31.000653], [-85.145963, 31.000699], [-85.333323, 30.999561], [-85.488303, 30.99797], [-85.498006, 30.997871], [-85.749719, 30.995288], [-85.893636, 30.993461], [-86.035043, 30.993755], [-86.132725, 30.993959], [-86.187253, 30.994072], [-86.364979, 30.994443], [-86.388649, 30.994534], [-86.563499, 30.995208], [-86.688246, 30.996208], [-86.785697, 30.996989], [-86.809964, 30.997183], [-86.831984, 30.99736], [-86.927856, 30.997684], [-87.162649, 30.999032], [-87.16365, 30.999028], [-87.312211, 30.99841], [-87.425796, 30.998064], [-87.519538, 30.997558], [-87.598834, 30.997428], [-87.598942, 30.997428], [-87.592069, 30.951466]]]]}, "properties": {"OBJECTID": 13, "NAME": "Florida", "ABBR": "FL", "Shape_Length": 30.87103527713292, "Shape_Area": 14.227633106955809}}, {"type": "Feature", "id": 14, "geometry": {"type": "Polygon", "coordinates": [[[-91.506268, 40.200162], [-91.511963, 40.170448], [-91.49767, 40.078264], [-91.484071, 40.019339], [-91.437097, 39.946424], [-91.43685, 39.945251], [-91.428963, 39.907736], [-91.436058, 39.845517], [-91.39786, 39.821129], [-91.361578, 39.787555], [-91.364623, 39.758726], [-91.36776, 39.729036], [-91.305767, 39.686223], [-91.276147, 39.665766], [-91.182882, 39.59824], [-91.174239, 39.591982], [-91.148282, 39.545805], [-91.100314, 39.538702], [-91.064312, 39.49465], [-91.038276, 39.448443], [-90.937425, 39.40081], [-90.935294, 39.399488], [-90.840112, 39.340445], [-90.729966, 39.255901], [-90.72329, 39.22411], [-90.707908, 39.150867], [-90.681092, 39.100597], [-90.713635, 39.053984], [-90.676403, 38.984103], [-90.661589, 38.93471], [-90.65726, 38.920277], [-90.59536, 38.875057], [-90.555699, 38.870792], [-90.500123, 38.910415], [-90.46779, 38.961816], [-90.450976, 38.961402], [-90.395822, 38.960044], [-90.298717, 38.923402], [-90.27648, 38.919326], [-90.230342, 38.910867], [-90.191213, 38.890283], [-90.113333, 38.849313], [-90.117713, 38.805755], [-90.166415, 38.772656], [-90.166763, 38.772284], [-90.209916, 38.726057], [-90.195216, 38.687557], [-90.181347, 38.660016], [-90.181116, 38.659557], [-90.184516, 38.611558], [-90.248919, 38.544759], [-90.255305, 38.530877], [-90.261104, 38.51827], [-90.27132, 38.496059], [-90.288821, 38.43846], [-90.34025, 38.387102], [-90.349749, 38.377616], [-90.372525, 38.323361], [-90.363932, 38.236362], [-90.322359, 38.1816], [-90.252752, 38.127781], [-90.25249, 38.127578], [-90.218714, 38.094372], [-90.203897, 38.087372], [-90.126012, 38.050577], [-90.080965, 38.015435], [-90.008359, 37.970186], [-89.954916, 37.966654], [-89.974227, 37.919224], [-89.933102, 37.880106], [-89.923191, 37.870679], [-89.851054, 37.903987], [-89.782041, 37.855099], [-89.696565, 37.814344], [-89.687238, 37.796435], [-89.667999, 37.759491], [-89.591295, 37.723606], [-89.521954, 37.696482], [-89.506569, 37.625057], [-89.494057, 37.580123], [-89.497752, 37.569993], [-89.501797, 37.558903], [-89.512406, 37.529817], [-89.471207, 37.46648], [-89.425946, 37.407478], [-89.428191, 37.356165], [-89.474441, 37.334507], [-89.495166, 37.324802], [-89.517038, 37.281927], [-89.482895, 37.260958], [-89.470531, 37.253364], [-89.456111, 37.188127], [-89.384181, 37.103274], [-89.359462, 37.042613], [-89.308153, 37.028955], [-89.257614, 37.015503], [-89.195045, 36.989775], [-89.132921, 36.982064], [-89.128905, 37.017915], [-89.166626, 37.072117], [-89.168093, 37.074225], [-89.099053, 37.140974], [-89.058042, 37.188774], [-89.000974, 37.224408], [-88.933516, 37.227519], [-88.931751, 37.2276], [-88.927899, 37.226361], [-88.835057, 37.196493], [-88.753074, 37.154708], [-88.693989, 37.141162], [-88.611446, 37.112752], [-88.561064, 37.084015], [-88.531582, 37.067199], [-88.490487, 37.067963], [-88.483809, 37.068087], [-88.476133, 37.06823], [-88.444611, 37.098608], [-88.424782, 37.149908], [-88.471759, 37.220162], [-88.514667, 37.290955], [-88.486953, 37.339603], [-88.465867, 37.400554], [-88.4186, 37.421994], [-88.416139, 37.421294], [-88.358482, 37.404879], [-88.358442, 37.404867], [-88.281673, 37.452603], [-88.157067, 37.466944], [-88.062299, 37.487844], [-88.066254, 37.504138], [-88.072247, 37.528833], [-88.131628, 37.572975], [-88.132437, 37.57529], [-88.160068, 37.654339], [-88.132347, 37.697149], [-88.059594, 37.742615], [-88.028036, 37.799231], [-88.06737, 37.856058], [-88.059477, 37.866695], [-88.040867, 37.891774], [-88.016317, 37.961581], [-88.03089, 38.03072], [-87.988776, 38.055598], [-87.962216, 38.100061], [-87.927474, 38.151953], [-87.975825, 38.197841], [-87.970206, 38.230278], [-87.968974, 38.237396], [-87.908548, 38.268588], [-87.831977, 38.307248], [-87.780001, 38.370849], [-87.751111, 38.418856], [-87.741045, 38.435583], [-87.714052, 38.479887], [-87.654171, 38.511918], [-87.660737, 38.541099], [-87.648362, 38.566636], [-87.637757, 38.588519], [-87.620125, 38.639496], [-87.545543, 38.67762], [-87.498953, 38.757781], [-87.521686, 38.826583], [-87.535263, 38.852499], [-87.547375, 38.875621], [-87.528723, 38.905951], [-87.52765, 38.907695], [-87.529501, 38.971932], [-87.579122, 39.001614], [-87.572593, 39.057293], [-87.625384, 39.101813], [-87.638373, 39.157819], [-87.640441, 39.166734], [-87.577034, 39.21113], [-87.593491, 39.247459], [-87.594751, 39.259391], [-87.600403, 39.312911], [-87.578337, 39.34035], [-87.531651, 39.347895], [-87.531629, 39.469385], [-87.531672, 39.477118], [-87.532391, 39.607312], [-87.532709, 39.664875], [-87.53246, 39.883007], [-87.532314, 40.011595], [-87.531868, 40.058807], [-87.531027, 40.148043], [-87.53006, 40.250679], [-87.527071, 40.47689], [-87.526881, 40.491232], [-87.526298, 40.535417], [-87.526142, 40.736893], [-87.52602, 40.89559], [-87.526469, 41.010344], [-87.526526, 41.024845], [-87.526654, 41.166098], [-87.526774, 41.298059], [-87.526774, 41.298185], [-87.525415, 41.470288], [-87.524946, 41.529743], [-87.52405, 41.708343], [-87.524147, 41.723998], [-87.526062, 41.73103], [-87.530751, 41.748243], [-87.560652, 41.766042], [-87.592023, 41.816951], [-87.609456, 41.845241], [-87.611472, 41.852813], [-87.616299, 41.870937], [-87.613562, 41.884488], [-87.612297, 41.893343], [-87.616843, 41.897555], [-87.624058, 41.90424], [-87.642239, 41.954784], [-87.668988, 42.02915], [-87.682365, 42.075737], [-87.689281, 42.08186], [-87.690662, 42.083082], [-87.741361, 42.127963], [-87.741668, 42.128235], [-87.759255, 42.152264], [-87.800072, 42.208032], [-87.800652, 42.209595], [-87.833384, 42.297782], [-87.834775, 42.30153], [-87.820864, 42.361592], [-87.803376, 42.420629], [-87.800483, 42.491928], [-88.199389, 42.495763], [-88.216906, 42.495931], [-88.304698, 42.495616], [-88.471629, 42.495017], [-88.506918, 42.494891], [-88.707386, 42.493595], [-88.707427, 42.493595], [-88.776599, 42.494145], [-88.940391, 42.495448], [-89.042904, 42.496263], [-89.067447, 42.49655], [-89.365805, 42.500034], [-89.401423, 42.50045], [-89.493222, 42.501522], [-89.837601, 42.504918], [-89.926472, 42.505795], [-89.92649, 42.505795], [-90.223197, 42.507773], [-90.426384, 42.507186], [-90.437018, 42.507155], [-90.64285, 42.508489], [-90.646734, 42.471912], [-90.590423, 42.447501], [-90.565255, 42.43875], [-90.517523, 42.403027], [-90.484352, 42.381606], [-90.446327, 42.357049], [-90.417132, 42.319951], [-90.430891, 42.278238], [-90.40066, 42.239301], [-90.338176, 42.203329], [-90.315153, 42.193725], [-90.269087, 42.174508], [-90.207428, 42.149117], [-90.161166, 42.10638], [-90.163453, 42.040415], [-90.159689, 42.033095], [-90.140619, 41.996007], [-90.156908, 41.938189], [-90.15816, 41.929851], [-90.165071, 41.883785], [-90.181407, 41.844655], [-90.180649, 41.811987], [-90.242375, 41.782776], [-90.248638, 41.779813], [-90.310715, 41.742222], [-90.311863, 41.728541], [-90.314694, 41.694838], [-90.336736, 41.66454], [-90.339535, 41.598641], [-90.364135, 41.579641], [-90.415837, 41.562941], [-90.461439, 41.523541], [-90.513141, 41.519541], [-90.571143, 41.51634], [-90.618544, 41.48504], [-90.701166, 41.454751], [-90.786289, 41.452896], [-90.867289, 41.448223], [-90.92435, 41.422868], [-90.966669, 41.430059], [-91.027794, 41.423611], [-91.065065, 41.369109], [-91.071559, 41.339659], [-91.074094, 41.334328], [-91.074422, 41.333639], [-91.114193, 41.250037], [-91.081452, 41.214437], [-91.041543, 41.166146], [-90.997913, 41.162572], [-90.957253, 41.111093], [-90.952272, 41.072739], [-90.951901, 41.06988], [-90.945331, 41.019287], [-90.95224, 40.954055], [-90.985469, 40.912148], [-91.04466, 40.868363], [-91.093, 40.821086], [-91.09171, 40.779715], [-91.115742, 40.725175], [-91.11823, 40.699542], [-91.120827, 40.672784], [-91.185467, 40.638119], [-91.186987, 40.637304], [-91.247858, 40.638397], [-91.339726, 40.613495], [-91.374259, 40.582597], [-91.394482, 40.53455], [-91.367883, 40.510486], [-91.379914, 40.452117], [-91.372928, 40.399115], [-91.419429, 40.378271], [-91.469663, 40.322416], [-91.492898, 40.26993], [-91.496964, 40.248711], [-91.506268, 40.200162]]]}, "properties": {"OBJECTID": 14, "NAME": "Illinois", "ABBR": "IL", "Shape_Length": 19.085993632830924, "Shape_Area": 15.413224255170482}}, {"type": "Feature", "id": 15, "geometry": {"type": "Polygon", "coordinates": [[[-116.049207, 49.000918], [-116.049171, 48.502049], [-116.049169, 48.481253], [-116.048962, 48.309853], [-116.048943, 48.216134], [-116.048925, 48.124936], [-116.049167, 47.999929], [-116.03858, 47.984641], [-116.030765, 47.973355], [-115.95996, 47.898148], [-115.900948, 47.84307], [-115.845488, 47.814973], [-115.835379, 47.760963], [-115.723784, 47.696677], [-115.736284, 47.654768], [-115.694298, 47.623466], [-115.721221, 47.576329], [-115.717038, 47.532699], [-115.634698, 47.481766], [-115.692944, 47.457243], [-115.710354, 47.41779], [-115.578633, 47.367013], [-115.531985, 47.314127], [-115.470973, 47.284879], [-115.371839, 47.265219], [-115.326917, 47.255918], [-115.292124, 47.209867], [-115.2558, 47.174731], [-115.189465, 47.131038], [-115.12093, 47.061243], [-115.071267, 47.022089], [-115.031664, 46.971554], [-114.961436, 46.9329], [-114.927445, 46.914191], [-114.943294, 46.867977], [-114.880601, 46.811797], [-114.790053, 46.778735], [-114.767193, 46.738834], [-114.699021, 46.740229], [-114.67684, 46.731845], [-114.626708, 46.712895], [-114.621496, 46.658149], [-114.591129, 46.652557], [-114.547334, 46.644491], [-114.453252, 46.649272], [-114.360722, 46.669065], [-114.335738, 46.655279], [-114.320678, 46.646969], [-114.331351, 46.577787], [-114.351668, 46.508125], [-114.403032, 46.498681], [-114.384769, 46.41179], [-114.422471, 46.387103], [-114.431721, 46.31075], [-114.441339, 46.273806], [-114.449832, 46.237125], [-114.445941, 46.173939], [-114.514719, 46.167732], [-114.521313, 46.125293], [-114.460062, 46.09711], [-114.480254, 46.030331], [-114.441198, 45.988459], [-114.402274, 45.961495], [-114.413181, 45.911485], [-114.388256, 45.882346], [-114.422976, 45.855387], [-114.517156, 45.835999], [-114.562522, 45.779933], [-114.504882, 45.722182], [-114.49965, 45.669041], [-114.535783, 45.650619], [-114.538145, 45.60684], [-114.523786, 45.585333], [-114.506354, 45.559222], [-114.456777, 45.543989], [-114.368533, 45.492722], [-114.27923, 45.480622], [-114.251849, 45.537818], [-114.186483, 45.545545], [-114.083162, 45.604002], [-114.014986, 45.654014], [-114.015646, 45.696133], [-113.971578, 45.700642], [-113.948334, 45.682584], [-113.898896, 45.644173], [-113.861417, 45.623666], [-113.806742, 45.602152], [-113.802862, 45.523165], [-113.759999, 45.480741], [-113.763381, 45.427738], [-113.732403, 45.385064], [-113.735614, 45.325271], [-113.650077, 45.234716], [-113.574683, 45.128417], [-113.510832, 45.099908], [-113.451983, 45.059253], [-113.437739, 45.006973], [-113.448971, 44.95355], [-113.474586, 44.910852], [-113.422389, 44.842601], [-113.377166, 44.834864], [-113.301521, 44.798991], [-113.247179, 44.822956], [-113.1314, 44.764744], [-113.101167, 44.708584], [-113.049362, 44.629386], [-113.061084, 44.577335], [-113.006841, 44.518445], [-113.006859, 44.471721], [-112.951159, 44.416705], [-112.881781, 44.380321], [-112.826839, 44.405209], [-112.821908, 44.407442], [-112.828203, 44.442478], [-112.735096, 44.499165], [-112.707827, 44.503029], [-112.601875, 44.491021], [-112.473219, 44.480033], [-112.387401, 44.448064], [-112.358929, 44.528853], [-112.286199, 44.568478], [-112.22171, 44.543525], [-112.125113, 44.528533], [-112.034145, 44.537722], [-111.870516, 44.564039], [-111.807926, 44.511722], [-111.70423, 44.560211], [-111.617119, 44.557134], [-111.562826, 44.555215], [-111.519138, 44.582922], [-111.468845, 44.679341], [-111.456959, 44.695647], [-111.438805, 44.720552], [-111.385017, 44.755134], [-111.37715, 44.751203], [-111.323681, 44.724481], [-111.268762, 44.668286], [-111.224173, 44.623409], [-111.201471, 44.575702], [-111.143569, 44.535739], [-111.122666, 44.493665], [-111.048986, 44.474079], [-111.05522, 44.624934], [-111.055345, 44.666269], [-111.055523, 44.72535], [-111.0569, 44.866665], [-111.044331, 45.000887], [-111.044287, 45.001352], [-110.78502, 45.002959], [-110.705284, 44.992331], [-110.324453, 44.999163], [-109.995062, 45.003181], [-109.798496, 45.002927], [-109.574333, 45.002638], [-109.103457, 45.005911], [-109.062274, 44.99963], [-108.621505, 44.999683], [-108.500691, 44.999698], [-108.248537, 45.000637], [-107.997365, 45.001572], [-107.911534, 45.001551], [-107.351452, 45.001414], [-106.888784, 44.995892], [-106.263726, 44.993795], [-106.263597, 44.993795], [-106.024891, 44.997591], [-105.848076, 45.000403], [-105.076612, 45.000304], [-105.038263, 45.000299], [-105.025277, 45.000297], [-104.057709, 44.997438], [-104.039149, 44.998527], [-104.039988, 45.124995], [-104.040146, 45.212898], [-104.040369, 45.335953], [-104.041775, 45.490796], [-104.041948, 45.557922], [-104.042608, 45.750005], [-104.043787, 45.864714], [-104.044144, 45.881984], [-104.045454, 45.945317], [-104.045477, 46.280088], [-104.04548, 46.324552], [-104.045056, 46.509795], [-104.045136, 46.540868], [-104.045396, 46.641511], [-104.045583, 46.713888], [-104.045553, 46.933894], [-104.044799, 47.127437], [-104.045319, 47.330148], [-104.045324, 47.331962], [-104.044988, 47.397072], [-104.043923, 47.603236], [-104.042395, 47.803263], [-104.043944, 47.971523], [-104.044104, 47.996089], [-104.044104, 47.996106], [-104.045703, 48.241423], [-104.046793, 48.389306], [-104.047566, 48.494148], [-104.048098, 48.633918], [-104.048911, 48.847395], [-104.048747, 48.999885], [-104.543648, 48.999549], [-104.875539, 48.998999], [-105.057647, 48.999236], [-105.265204, 48.999507], [-105.3559, 48.999364], [-105.77582, 48.999644], [-106.050555, 48.999214], [-106.112076, 48.999287], [-106.233999, 48.99943], [-106.617551, 48.99959], [-107.179824, 48.999919], [-107.363594, 49.000026], [-107.441029, 48.99937], [-107.704708, 48.999879], [-108.236374, 48.999565], [-108.543206, 48.999384], [-109.000721, 48.999241], [-109.250735, 49.000018], [-109.489562, 49.000428], [-109.50075, 49.000447], [-110.171608, 48.999269], [-110.438164, 48.999195], [-110.531628, 48.998397], [-110.743077, 48.998015], [-111.003929, 48.997544], [-111.269877, 48.997237], [-111.500825, 48.99697], [-111.854101, 48.998074], [-112.143782, 48.998924], [-112.193422, 48.998901], [-113.11637, 48.998469], [-113.375939, 48.998569], [-113.692996, 48.997639], [-113.907501, 48.998865], [-114.068191, 48.999362], [-114.180225, 48.99971], [-114.375991, 49.001397], [-114.678231, 49.000732], [-114.727064, 49.000594], [-115.207926, 48.999234], [-115.50103, 49.0007], [-116.049207, 49.000918]]]}, "properties": {"OBJECTID": 15, "NAME": "Montana", "ABBR": "MT", "Shape_Length": 33.4617641590905, "Shape_Area": 45.05308045234227}}, {"type": "Feature", "id": 16, "geometry": {"type": "Polygon", "coordinates": [[[-97.229049, 49.000695], [-97.227864, 48.945872], [-97.187372, 48.867606], [-97.152597, 48.77261], [-97.121262, 48.713601], [-97.100018, 48.667934], [-97.142924, 48.583741], [-97.147733, 48.5439], [-97.148113, 48.540752], [-97.149131, 48.532313], [-97.139182, 48.430536], [-97.137913, 48.344593], [-97.129542, 48.257823], [-97.141906, 48.193705], [-97.145854, 48.173232], [-97.146754, 48.168564], [-97.105625, 48.09137], [-97.068996, 48.026275], [-97.037363, 47.933287], [-96.996373, 47.844406], [-96.928515, 47.744892], [-96.893503, 47.672135], [-96.882385, 47.649033], [-96.854082, 47.572018], [-96.855969, 47.499181], [-96.857489, 47.440465], [-96.840229, 47.276989], [-96.836019, 47.23799], [-96.826578, 47.150547], [-96.819087, 47.08116], [-96.833513, 47.010118], [-96.763982, 46.912515], [-96.788812, 46.777583], [-96.786854, 46.692813], [-96.790532, 46.636888], [-96.789796, 46.635755], [-96.785795, 46.629599], [-96.744445, 46.565968], [-96.709104, 46.435302], [-96.647305, 46.358507], [-96.601049, 46.319562], [-96.595679, 46.219858], [-96.554516, 46.083986], [-96.572706, 46.0219], [-96.574273, 46.016553], [-96.563681, 45.935253], [-96.57188, 45.871854], [-96.587102, 45.816453], [-96.630521, 45.781165], [-96.672674, 45.732344], [-96.745095, 45.701584], [-96.826169, 45.654172], [-96.85163, 45.61942], [-96.843966, 45.594011], [-96.835428, 45.586137], [-96.781045, 45.53598], [-96.742518, 45.478731], [-96.710795, 45.436938], [-96.675456, 45.410224], [-96.617735, 45.4081], [-96.562151, 45.386098], [-96.521796, 45.375653], [-96.482565, 45.346281], [-96.470086, 45.326807], [-96.45779, 45.307618], [-96.457562, 45.268906], [-96.455849, 44.977353], [-96.454839, 44.805558], [-96.453815, 44.631344], [-96.4533, 44.543645], [-96.452222, 44.360157], [-96.452444, 44.196809], [-96.452444, 44.196787], [-96.452918, 43.849516], [-96.452918, 43.849514], [-96.453323, 43.552307], [-96.453268, 43.500398], [-96.198492, 43.500343], [-96.053171, 43.500195], [-95.860954, 43.5], [-95.834429, 43.499974], [-95.486811, 43.500254], [-95.45444, 43.50033], [-95.387796, 43.500486], [-95.214946, 43.500893], [-94.914622, 43.500604], [-94.874243, 43.500565], [-94.854563, 43.500561], [-94.442858, 43.500486], [-94.390605, 43.500477], [-94.247975, 43.500183], [-93.970768, 43.499613], [-93.648541, 43.499543], [-93.576736, 43.499528], [-93.497359, 43.499538], [-93.228869, 43.499575], [-93.0492, 43.499565], [-93.024355, 43.499564], [-92.870284, 43.499556], [-92.553168, 43.500308], [-92.553135, 43.500308], [-92.448955, 43.500423], [-92.17887, 43.500721], [-92.079809, 43.500713], [-91.824855, 43.500692], [-91.730224, 43.500694], [-91.610842, 43.500696], [-91.491049, 43.500698], [-91.217713, 43.500558], [-91.232819, 43.56485], [-91.252933, 43.600371], [-91.273259, 43.666631], [-91.257007, 43.725667], [-91.243962, 43.773054], [-91.287663, 43.847073], [-91.291009, 43.852741], [-91.357433, 43.917239], [-91.423576, 43.984305], [-91.440543, 44.001509], [-91.559223, 44.024217], [-91.57329, 44.026909], [-91.64788, 44.064117], [-91.719104, 44.128861], [-91.817309, 44.164243], [-91.854507, 44.197234], [-91.892705, 44.231113], [-91.916198, 44.318102], [-91.963607, 44.36212], [-92.084536, 44.404622], [-92.111092, 44.413956], [-92.232479, 44.445442], [-92.245372, 44.454259], [-92.291012, 44.485472], [-92.314078, 44.538022], [-92.316941, 44.539284], [-92.361525, 44.558943], [-92.399288, 44.5583], [-92.549287, 44.577712], [-92.618033, 44.612878], [-92.696499, 44.689444], [-92.731631, 44.714931], [-92.792368, 44.758992], [-92.805295, 44.768369], [-92.768582, 44.854376], [-92.767125, 44.861523], [-92.767031, 44.861985], [-92.75081, 44.941575], [-92.761912, 45.022475], [-92.802919, 45.065411], [-92.78972, 45.075562], [-92.740517, 45.113404], [-92.76694, 45.195119], [-92.766099, 45.21003], [-92.761876, 45.284946], [-92.748275, 45.296067], [-92.698975, 45.336382], [-92.658494, 45.396066], [-92.646776, 45.437937], [-92.686801, 45.472279], [-92.728031, 45.52566], [-92.756914, 45.557507], [-92.801511, 45.562862], [-92.881144, 45.573417], [-92.887937, 45.639014], [-92.886705, 45.644156], [-92.869697, 45.71515], [-92.84075, 45.729405], [-92.826021, 45.736658], [-92.776504, 45.790022], [-92.759466, 45.835349], [-92.721136, 45.883813], [-92.656133, 45.92445], [-92.580573, 45.946258], [-92.54569, 45.970126], [-92.472769, 45.97296], [-92.449638, 46.00226], [-92.392689, 46.019548], [-92.351768, 46.015693], [-92.338247, 46.052157], [-92.294041, 46.074385], [-92.293838, 46.15733], [-92.293627, 46.244051], [-92.292767, 46.417228], [-92.292379, 46.495593], [-92.2922, 46.66325], [-92.2055, 46.664749], [-92.183099, 46.695249], [-92.143346, 46.731604], [-92.100263, 46.734454], [-92.050827, 46.710525], [-92.015298, 46.706477], [-92.062096, 46.804046], [-92.013413, 46.833735], [-91.906491, 46.891244], [-91.806859, 46.933735], [-91.794368, 46.942533], [-91.737106, 46.982861], [-91.644572, 47.026499], [-91.573825, 47.089925], [-91.456973, 47.139164], [-91.387029, 47.187301], [-91.26252, 47.279298], [-91.146965, 47.381472], [-91.023131, 47.464973], [-90.868277, 47.556909], [-90.735934, 47.624352], [-90.647844, 47.656185], [-90.537112, 47.703064], [-90.421397, 47.735159], [-90.323453, 47.75378], [-90.187643, 47.778139], [-90.072032, 47.811114], [-89.974303, 47.830523], [-89.923656, 47.862071], [-89.793546, 47.891367], [-89.737546, 47.918192], [-89.660623, 47.951225], [-89.555022, 47.974858], [-89.489233, 48.014537], [-89.625094, 48.011526], [-89.749321, 48.023334], [-89.86816, 47.989907], [-89.97344, 48.020359], [-90.029633, 48.087597], [-90.136198, 48.112145], [-90.317237, 48.103802], [-90.471026, 48.106085], [-90.56612, 48.122629], [-90.703709, 48.096018], [-90.775969, 48.122238], [-90.804215, 48.177842], [-90.843632, 48.243585], [-90.906837, 48.237348], [-91.032663, 48.190544], [-91.035558, 48.189468], [-91.156115, 48.140484], [-91.25012, 48.084096], [-91.336586, 48.069636], [-91.465507, 48.066779], [-91.54252, 48.053277], [-91.55928, 48.108277], [-91.692374, 48.119339], [-91.714939, 48.199139], [-91.78119, 48.200441], [-91.797322, 48.205795], [-91.893478, 48.237708], [-91.98078, 48.24781], [-92.000141, 48.321364], [-92.055236, 48.359222], [-92.162169, 48.363288], [-92.262288, 48.354942], [-92.29542, 48.323966], [-92.295676, 48.278127], [-92.314673, 48.240536], [-92.369182, 48.220277], [-92.416293, 48.295472], [-92.469956, 48.351845], [-92.456333, 48.414213], [-92.514918, 48.448322], [-92.575644, 48.440836], [-92.657109, 48.466924], [-92.631125, 48.508261], [-92.634939, 48.542882], [-92.728054, 48.539299], [-92.894695, 48.594924], [-92.954884, 48.631502], [-93.088557, 48.626819], [-93.142428, 48.624933], [-93.207406, 48.642483], [-93.347536, 48.626628], [-93.371164, 48.605093], [-93.464316, 48.5918], [-93.467512, 48.545672], [-93.56207, 48.528905], [-93.674576, 48.516305], [-93.815186, 48.526516], [-93.805278, 48.570307], [-93.844016, 48.629403], [-93.927013, 48.631228], [-94.091253, 48.643677], [-94.2502, 48.656331], [-94.251178, 48.683522], [-94.281806, 48.705263], [-94.388857, 48.711953], [-94.43021, 48.698317], [-94.446613, 48.692908], [-94.508871, 48.70037], [-94.619019, 48.737382], [-94.694321, 48.78936], [-94.68569, 48.840127], [-94.683078, 48.883937], [-94.718941, 48.999999], [-94.75023, 49.099771], [-94.774237, 49.125002], [-94.797253, 49.214292], [-94.816231, 49.320995], [-94.878463, 49.333201], [-94.95212, 49.368687], [-94.988917, 49.368905], [-95.058413, 49.353178], [-95.153323, 49.384366], [-95.153339, 49.309295], [-95.153318, 49.184888], [-95.15372, 48.998911], [-95.319896, 48.998767], [-95.340971, 48.998748], [-95.975399, 48.999992], [-96.40542, 48.999992], [-96.930969, 48.999992], [-97.229049, 49.000695]]]}, "properties": {"OBJECTID": 16, "NAME": "Minnesota", "ABBR": "MN", "Shape_Length": 28.860909058784422, "Shape_Area": 25.566646440197314}}, {"type": "Feature", "id": 17, "geometry": {"type": "MultiPolygon", "coordinates": [[[[-76.046215, 38.025541], [-76.046532, 37.953594], [-75.98465, 37.938129], [-75.980091, 38.004899], [-76.007339, 38.036714], [-76.046215, 38.025541]]], [[[-79.484375, 39.344308], [-79.486876, 39.205969], [-79.424416, 39.228179], [-79.353753, 39.278047], [-79.283726, 39.309648], [-79.262395, 39.326252], [-79.1665, 39.400896], [-79.091332, 39.472415], [-79.06745, 39.472817], [-79.035626, 39.473352], [-78.956754, 39.440272], [-78.942621, 39.479622], [-78.851019, 39.554052], [-78.771143, 39.638395], [-78.739053, 39.609705], [-78.707101, 39.555865], [-78.655039, 39.54439], [-78.590657, 39.5302], [-78.468272, 39.526232], [-78.460954, 39.525995], [-78.438182, 39.563532], [-78.382962, 39.622254], [-78.332791, 39.628535], [-78.313036, 39.631009], [-78.225078, 39.658886], [-78.082263, 39.671174], [-78.027632, 39.620664], [-78.006737, 39.601345], [-77.925991, 39.60765], [-77.829817, 39.587296], [-77.823765, 39.525915], [-77.810946, 39.500747], [-77.798204, 39.475727], [-77.740015, 39.401702], [-77.745933, 39.353229], [-77.719522, 39.321322], [-77.677698, 39.317949], [-77.666133, 39.317016], [-77.588237, 39.301963], [-77.553116, 39.279276], [-77.496608, 39.251053], [-77.460068, 39.218851], [-77.459885, 39.21869], [-77.485973, 39.185673], [-77.521224, 39.161065], [-77.519931, 39.120933], [-77.481281, 39.105666], [-77.462619, 39.076256], [-77.359704, 39.062012], [-77.342994, 39.058603], [-77.33004, 39.05596], [-77.310707, 39.052016], [-77.248405, 39.026917], [-77.249805, 38.985917], [-77.202504, 38.967918], [-77.180038, 38.966431], [-77.146603, 38.964218], [-77.119791, 38.934384], [-77.119761, 38.934351], [-77.04102, 38.995556], [-77.002549, 38.96554], [-76.909395, 38.89286], [-76.979499, 38.83782], [-77.039008, 38.791653], [-77.039242, 38.785344], [-77.040675, 38.7467], [-77.041, 38.737922], [-77.053201, 38.709923], [-77.079501, 38.709523], [-77.085787, 38.705289], [-77.132503, 38.673824], [-77.130202, 38.635025], [-77.129086, 38.614372], [-77.183769, 38.600707], [-77.246586, 38.538349], [-77.259964, 38.435829], [-77.21119, 38.38067], [-77.123327, 38.410654], [-77.075491, 38.424718], [-77.016373, 38.44558], [-77.00164, 38.42196], [-76.975494, 38.347335], [-76.922179, 38.311347], [-76.864294, 38.268953], [-76.827038, 38.258308], [-76.805951, 38.252283], [-76.740057, 38.235235], [-76.673464, 38.234409], [-76.590639, 38.21422], [-76.540382, 38.152999], [-76.481038, 38.115881], [-76.430427, 38.119391], [-76.371792, 38.079573], [-76.322095, 38.036511], [-76.330796, 38.099339], [-76.320138, 38.138347], [-76.353518, 38.178143], [-76.39267, 38.239671], [-76.374483, 38.296356], [-76.402896, 38.31141], [-76.400197, 38.31988], [-76.387004, 38.361275], [-76.39338, 38.389485], [-76.450939, 38.44243], [-76.492701, 38.482857], [-76.517508, 38.539157], [-76.51128, 38.615753], [-76.528925, 38.663897], [-76.527095, 38.712758], [-76.526657, 38.724438], [-76.558745, 38.75636], [-76.526981, 38.787024], [-76.48988, 38.838723], [-76.516946, 38.851165], [-76.490682, 38.884822], [-76.473978, 38.902701], [-76.469382, 38.907621], [-76.450282, 38.941121], [-76.471283, 38.95652], [-76.448983, 38.982819], [-76.394082, 39.011319], [-76.420396, 39.042078], [-76.421862, 39.08145], [-76.428683, 39.131717], [-76.525787, 39.177916], [-76.504011, 39.199294], [-76.498386, 39.204816], [-76.463485, 39.205916], [-76.425283, 39.205716], [-76.395511, 39.23171], [-76.384349, 39.235908], [-76.349996, 39.24883], [-76.32542, 39.272913], [-76.296611, 39.301145], [-76.224163, 39.352788], [-76.146375, 39.405318], [-76.060933, 39.452216], [-76.037648, 39.45265], [-76.012314, 39.453123], [-76.006882, 39.414535], [-76.040964, 39.394245], [-76.061501, 39.387756], [-76.110529, 39.372265], [-76.159675, 39.335917], [-76.177706, 39.298709], [-76.211255, 39.26982], [-76.243168, 39.21337], [-76.278529, 39.145772], [-76.246483, 39.119596], [-76.233459, 39.091393], [-76.231767, 39.018526], [-76.265039, 39.028559], [-76.301849, 39.039659], [-76.322298, 39.006383], [-76.361729, 38.939183], [-76.376204, 38.850469], [-76.334021, 38.860246], [-76.317949, 38.91132], [-76.25087, 38.928258], [-76.20364, 38.92839], [-76.205065, 38.892734], [-76.196871, 38.85575], [-76.191092, 38.829668], [-76.21933, 38.812379], [-76.271577, 38.851779], [-76.310083, 38.796854], [-76.379741, 38.788322], [-76.390352, 38.757012], [-76.340545, 38.730346], [-76.348, 38.686242], [-76.32242, 38.679312], [-76.275017, 38.712722], [-76.238727, 38.712853], [-76.200336, 38.670782], [-76.175161, 38.673244], [-76.170164, 38.64085], [-76.165437, 38.610208], [-76.203067, 38.610749], [-76.231189, 38.614018], [-76.279591, 38.609528], [-76.290045, 38.569166], [-76.277463, 38.541859], [-76.336362, 38.492243], [-76.280553, 38.403151], [-76.250002, 38.362312], [-76.257669, 38.324863], [-76.217615, 38.305691], [-76.135515, 38.232193], [-76.088641, 38.192657], [-76.09555, 38.125131], [-76.048694, 38.086736], [-76.005906, 38.077178], [-76.011918, 38.122222], [-76.03199, 38.187428], [-76.038937, 38.25494], [-75.944502, 38.249153], [-75.923768, 38.246293], [-75.888515, 38.241431], [-75.875449, 38.219717], [-75.864106, 38.200866], [-75.942377, 38.187074], [-75.937091, 38.124217], [-75.863812, 38.100976], [-75.858883, 38.060143], [-75.857509, 38.038786], [-75.898958, 37.974522], [-75.892688, 37.916856], [-75.860729, 37.918318], [-75.783817, 37.972602], [-75.722664, 37.971318], [-75.669713, 37.950804], [-75.624343, 37.994219], [-75.242268, 38.027217], [-75.193798, 38.096021], [-75.177396, 38.130022], [-75.143231, 38.220483], [-75.102949, 38.311533], [-75.08552, 38.324278], [-75.048941, 38.451271], [-75.185457, 38.45102], [-75.341289, 38.452444], [-75.479285, 38.453706], [-75.693723, 38.460136], [-75.700384, 38.542751], [-75.701779, 38.560775], [-75.707553, 38.635343], [-75.707557, 38.635393], [-75.723105, 38.829834], [-75.748157, 39.14314], [-75.756437, 39.246695], [-75.760443, 39.296798], [-75.766897, 39.377507], [-75.766907, 39.37766], [-75.788598, 39.722207], [-76.135699, 39.721776], [-76.233281, 39.721654], [-76.233487, 39.721654], [-76.239686, 39.72165], [-76.418982, 39.721534], [-76.569451, 39.721467], [-76.69766, 39.721409], [-76.715773, 39.721401], [-76.787099, 39.721056], [-76.991064, 39.72007], [-76.99932, 39.720076], [-77.217026, 39.720225], [-77.239952, 39.720241], [-77.459141, 39.720237], [-77.469147, 39.720237], [-77.469276, 39.720237], [-77.768647, 39.721546], [-78.075864, 39.722456], [-78.098973, 39.722474], [-78.342596, 39.722666], [-78.342836, 39.722666], [-78.38048, 39.722712], [-78.723581, 39.72313], [-78.808302, 39.723079], [-78.928419, 39.723006], [-79.045579, 39.722936], [-79.392461, 39.721447], [-79.476665, 39.721086], [-79.482369, 39.531697], [-79.484375, 39.344308]]]]}, "properties": {"OBJECTID": 17, "NAME": "Maryland", "ABBR": "MD", "Shape_Length": 18.28513857064072, "Shape_Area": 2.86509068109053}}, {"type": "Feature", "id": 18, "geometry": {"type": "Polygon", "coordinates": [[[-96.621883, 42.779262], [-96.624712, 42.725504], [-96.59161, 42.688088], [-96.526774, 42.641191], [-96.480031, 42.561332], [-96.47696, 42.556086], [-96.492978, 42.517289], [-96.477462, 42.509596], [-96.445516, 42.490637], [-96.381315, 42.461701], [-96.411816, 42.410901], [-96.408006, 42.337415], [-96.351965, 42.280902], [-96.336011, 42.264813], [-96.336331, 42.218929], [-96.337224, 42.214857], [-96.34776, 42.166813], [-96.268908, 42.113597], [-96.272885, 42.047245], [-96.223619, 42.022659], [-96.132545, 41.974632], [-96.159106, 41.910064], [-96.126829, 41.866103], [-96.107919, 41.840346], [-96.064545, 41.793009], [-96.087608, 41.722187], [-96.107946, 41.676516], [-96.111491, 41.668555], [-96.118113, 41.613502], [-96.091828, 41.561093], [-96.080501, 41.528206], [-96.005087, 41.544011], [-95.994028, 41.506898], [-95.98297, 41.469785], [-95.922537, 41.455773], [-95.927344, 41.389995], [-95.928798, 41.370103], [-95.925698, 41.322204], [-95.89016, 41.278315], [-95.911399, 41.238005], [-95.909921, 41.191428], [-95.909698, 41.184405], [-95.856796, 41.187105], [-95.861906, 41.16031], [-95.868696, 41.124705], [-95.863847, 41.083514], [-95.864793, 41.052853], [-95.865886, 41.01741], [-95.828337, 40.972385], [-95.837782, 40.924719], [-95.818735, 40.897955], [-95.810717, 40.886688], [-95.841317, 40.845611], [-95.834252, 40.783792], [-95.834164, 40.783023], [-95.888705, 40.736299], [-95.846042, 40.682612], [-95.781917, 40.653279], [-95.748634, 40.603362], [-95.765653, 40.585215], [-95.53319, 40.582256], [-95.373933, 40.58034], [-95.335596, 40.579878], [-95.202274, 40.578383], [-95.068929, 40.576887], [-94.914906, 40.574928], [-94.819986, 40.573721], [-94.632034, 40.571767], [-94.533886, 40.570746], [-94.471215, 40.570967], [-94.310732, 40.571531], [-94.232248, 40.572022], [-94.091092, 40.572904], [-94.015499, 40.574081], [-93.840937, 40.576798], [-93.774352, 40.577538], [-93.597359, 40.579503], [-93.556904, 40.579667], [-93.374394, 40.580404], [-93.345449, 40.580521], [-93.135809, 40.582861], [-93.097298, 40.583831], [-92.941602, 40.58775], [-92.714604, 40.58959], [-92.6867, 40.589816], [-92.63791, 40.590964], [-92.453752, 40.595295], [-92.350811, 40.597265], [-92.179787, 40.600536], [-91.943124, 40.606068], [-91.939299, 40.606157], [-91.729122, 40.613647], [-91.716662, 40.603748], [-91.685388, 40.578899], [-91.671, 40.550944], [-91.619006, 40.539091], [-91.608354, 40.500047], [-91.563851, 40.460995], [-91.519141, 40.432829], [-91.4981, 40.401933], [-91.419429, 40.378271], [-91.372928, 40.399115], [-91.379914, 40.452117], [-91.367883, 40.510486], [-91.394482, 40.53455], [-91.374259, 40.582597], [-91.339726, 40.613495], [-91.247858, 40.638397], [-91.186987, 40.637304], [-91.185467, 40.638119], [-91.120827, 40.672784], [-91.11823, 40.699542], [-91.115742, 40.725175], [-91.09171, 40.779715], [-91.093, 40.821086], [-91.04466, 40.868363], [-90.985469, 40.912148], [-90.95224, 40.954055], [-90.945331, 41.019287], [-90.951901, 41.06988], [-90.952272, 41.072739], [-90.957253, 41.111093], [-90.997913, 41.162572], [-91.041543, 41.166146], [-91.081452, 41.214437], [-91.114193, 41.250037], [-91.074422, 41.333639], [-91.074094, 41.334328], [-91.071559, 41.339659], [-91.065065, 41.369109], [-91.027794, 41.423611], [-90.966669, 41.430059], [-90.92435, 41.422868], [-90.867289, 41.448223], [-90.786289, 41.452896], [-90.701166, 41.454751], [-90.618544, 41.48504], [-90.571143, 41.51634], [-90.513141, 41.519541], [-90.461439, 41.523541], [-90.415837, 41.562941], [-90.364135, 41.579641], [-90.339535, 41.598641], [-90.336736, 41.66454], [-90.314694, 41.694838], [-90.311863, 41.728541], [-90.310715, 41.742222], [-90.248638, 41.779813], [-90.242375, 41.782776], [-90.180649, 41.811987], [-90.181407, 41.844655], [-90.165071, 41.883785], [-90.15816, 41.929851], [-90.156908, 41.938189], [-90.140619, 41.996007], [-90.159689, 42.033095], [-90.163453, 42.040415], [-90.161166, 42.10638], [-90.207428, 42.149117], [-90.269087, 42.174508], [-90.315153, 42.193725], [-90.338176, 42.203329], [-90.40066, 42.239301], [-90.430891, 42.278238], [-90.417132, 42.319951], [-90.446327, 42.357049], [-90.484352, 42.381606], [-90.517523, 42.403027], [-90.565255, 42.43875], [-90.590423, 42.447501], [-90.646734, 42.471912], [-90.64285, 42.508489], [-90.672734, 42.576607], [-90.700863, 42.626453], [-90.743684, 42.645568], [-90.852504, 42.66483], [-90.896969, 42.674326], [-90.941574, 42.683852], [-91.017246, 42.719574], [-91.070723, 42.77551], [-91.098827, 42.864429], [-91.138007, 42.90378], [-91.155526, 42.975782], [-91.159091, 42.987486], [-91.174699, 43.038721], [-91.174942, 43.080268], [-91.17526, 43.134673], [-91.13418, 43.174413], [-91.087463, 43.221899], [-91.057917, 43.253976], [-91.107244, 43.313653], [-91.154813, 43.334834], [-91.207374, 43.373667], [-91.199415, 43.40304], [-91.21067, 43.41945], [-91.232283, 43.45096], [-91.217713, 43.500558], [-91.491049, 43.500698], [-91.610842, 43.500696], [-91.730224, 43.500694], [-91.824855, 43.500692], [-92.079809, 43.500713], [-92.17887, 43.500721], [-92.448955, 43.500423], [-92.553135, 43.500308], [-92.553168, 43.500308], [-92.870284, 43.499556], [-93.024355, 43.499564], [-93.0492, 43.499565], [-93.228869, 43.499575], [-93.497359, 43.499538], [-93.576736, 43.499528], [-93.648541, 43.499543], [-93.970768, 43.499613], [-94.247975, 43.500183], [-94.390605, 43.500477], [-94.442858, 43.500486], [-94.854563, 43.500561], [-94.874243, 43.500565], [-94.914622, 43.500604], [-95.214946, 43.500893], [-95.387796, 43.500486], [-95.45444, 43.50033], [-95.486811, 43.500254], [-95.834429, 43.499974], [-95.860954, 43.5], [-96.053171, 43.500195], [-96.198492, 43.500343], [-96.453268, 43.500398], [-96.598936, 43.500465], [-96.584611, 43.469618], [-96.594262, 43.434161], [-96.52158, 43.385648], [-96.524297, 43.347222], [-96.5304, 43.300042], [-96.578831, 43.291103], [-96.559036, 43.257563], [-96.552971, 43.247289], [-96.522092, 43.220968], [-96.475579, 43.221062], [-96.458862, 43.143364], [-96.439343, 43.113923], [-96.452106, 43.08256], [-96.458209, 43.067561], [-96.511613, 43.039934], [-96.492701, 43.005096], [-96.520254, 42.97765], [-96.500316, 42.959398], [-96.541697, 42.922583], [-96.540481, 42.908603], [-96.537859, 42.878482], [-96.577945, 42.827652], [-96.621883, 42.779262]]]}, "properties": {"OBJECTID": 18, "NAME": "Iowa", "ABBR": "IA", "Shape_Length": 18.627340174442462, "Shape_Area": 15.848948575761918}}, {"type": "Feature", "id": 19, "geometry": {"type": "Polygon", "coordinates": [[[-77.119761, 38.934351], [-77.090202, 38.904219], [-77.039101, 38.86812], [-77.039069, 38.84128], [-77.039008, 38.791653], [-76.979499, 38.83782], [-76.909395, 38.89286], [-77.002549, 38.96554], [-77.04102, 38.995556], [-77.119761, 38.934351]]]}, "properties": {"OBJECTID": 19, "NAME": "District of Columbia", "ABBR": "DC", "Shape_Length": 0.6123674031140959, "Shape_Area": 0.01858035946450023}}, {"type": "Feature", "id": 20, "geometry": {"type": "MultiPolygon", "coordinates": [[[[-123.237163, 48.683472], [-123.202695, 48.59022], [-123.141493, 48.505297], [-123.039171, 48.460009], [-122.928019, 48.439972], [-122.87415, 48.418202], [-122.803536, 48.428754], [-122.817927, 48.483894], [-122.779139, 48.508917], [-122.771221, 48.562432], [-122.799025, 48.604689], [-122.743064, 48.661997], [-122.818451, 48.744635], [-122.93794, 48.790321], [-122.979534, 48.781708], [-123.019714, 48.721318], [-123.070442, 48.699977], [-123.237163, 48.683472]]], [[[-124.725854, 48.386017], [-124.66928, 48.296358], [-124.690404, 48.21975], [-124.72174, 48.15319], [-124.687116, 48.098662], [-124.685408, 48.049243], [-124.672442, 47.964419], [-124.625527, 47.887968], [-124.613124, 47.880578], [-124.539942, 47.836972], [-124.471702, 47.766912], [-124.412121, 47.691204], [-124.35597, 47.545703], [-124.353631, 47.533542], [-124.319394, 47.355564], [-124.236364, 47.287292], [-124.195908, 47.174005], [-124.188559, 47.157864], [-124.169128, 46.994513], [-124.180126, 46.926362], [-124.13824, 46.905539], [-124.101247, 46.810661], [-124.096812, 46.79409], [-124.080998, 46.735008], [-123.975172, 46.713976], [-123.923284, 46.672713], [-123.960657, 46.636369], [-124.069598, 46.630656], [-124.057039, 46.493343], [-124.064639, 46.326904], [-124.080686, 46.267244], [-123.969442, 46.291403], [-123.954368, 46.277006], [-123.909321, 46.245496], [-123.87554, 46.239792], [-123.806154, 46.283593], [-123.759575, 46.275078], [-123.727919, 46.291341], [-123.700779, 46.305283], [-123.669516, 46.266837], [-123.547674, 46.259114], [-123.479659, 46.269136], [-123.427644, 46.229353], [-123.430862, 46.181832], [-123.371448, 46.146377], [-123.363759, 46.146249], [-123.280181, 46.144848], [-123.212508, 46.171102], [-123.166429, 46.188978], [-123.115919, 46.185273], [-123.004248, 46.133828], [-122.962696, 46.104822], [-122.904134, 46.083739], [-122.856173, 46.014474], [-122.814013, 45.960989], [-122.811525, 45.91273], [-122.785041, 45.867704], [-122.788101, 45.851013], [-122.79562, 45.810005], [-122.761466, 45.759168], [-122.766525, 45.728668], [-122.774526, 45.680442], [-122.756458, 45.662426], [-122.738124, 45.644143], [-122.643921, 45.609744], [-122.492273, 45.583286], [-122.438688, 45.56359], [-122.380316, 45.575946], [-122.331516, 45.548247], [-122.262639, 45.544327], [-122.249211, 45.550004], [-122.183709, 45.577702], [-122.101689, 45.583522], [-122.003704, 45.615936], [-121.951852, 45.644957], [-121.923764, 45.654355], [-121.900872, 45.662015], [-121.867181, 45.693283], [-121.811318, 45.706767], [-121.735118, 45.694045], [-121.668376, 45.705088], [-121.53312, 45.726547], [-121.52402, 45.723842], [-121.44071, 45.699079], [-121.423606, 45.693996], [-121.337784, 45.704955], [-121.215793, 45.671244], [-121.183855, 45.606447], [-121.122214, 45.616073], [-121.084947, 45.647899], [-120.943991, 45.656451], [-120.913949, 45.648072], [-120.895589, 45.642951], [-120.855688, 45.671551], [-120.689384, 45.715853], [-120.652531, 45.736175], [-120.634982, 45.745853], [-120.59118, 45.746553], [-120.505877, 45.700054], [-120.488561, 45.699918], [-120.403974, 45.699255], [-120.28217, 45.721256], [-120.210768, 45.725957], [-120.141366, 45.773158], [-120.070164, 45.785158], [-119.999519, 45.811691], [-119.965758, 45.824371], [-119.868168, 45.838232], [-119.802669, 45.847536], [-119.669891, 45.856873], [-119.600563, 45.919587], [-119.571598, 45.925462], [-119.487843, 45.906313], [-119.432153, 45.913215], [-119.36441, 45.921611], [-119.257164, 45.939932], [-119.126134, 45.932865], [-119.061476, 45.958533], [-118.987242, 45.999806], [-118.987143, 45.999861], [-118.677884, 46.000941], [-118.367804, 46.000628], [-117.996984, 46.000197], [-117.977671, 46.000174], [-117.717866, 45.999872], [-117.60344, 45.998766], [-117.479951, 45.997573], [-117.353942, 45.996355], [-116.916003, 45.995419], [-116.94267, 46.061006], [-116.981976, 46.084921], [-116.935487, 46.142454], [-116.923972, 46.170926], [-116.96298, 46.199686], [-116.964393, 46.253288], [-116.997274, 46.303157], [-117.062762, 46.35363], [-117.035559, 46.410018], [-117.036659, 46.426107], [-117.039785, 46.471785], [-117.039791, 46.541715], [-117.039847, 47.127275], [-117.03985, 47.15474], [-117.040174, 47.259278], [-117.040504, 47.366035], [-117.041648, 47.735306], [-117.041321, 47.977462], [-117.041229, 48.045471], [-117.041121, 48.12491], [-117.035303, 48.422738], [-117.033685, 48.656908], [-117.032953, 48.846674], [-117.032365, 48.999194], [-117.268261, 48.999824], [-117.429982, 49.000313], [-117.607337, 49.000849], [-118.00206, 49.000443], [-118.19739, 49.000413], [-118.836629, 49.000314], [-119.132117, 49.000268], [-119.457715, 49.000267], [-120.001214, 48.999424], [-120.376231, 49.000711], [-120.716619, 49.000194], [-120.851542, 49.000597], [-121.126255, 49.001418], [-121.395558, 48.999857], [-121.751267, 48.997405], [-122.098372, 49.002152], [-122.251078, 49.0025], [-122.758035, 49.002363], [-122.821646, 48.941375], [-122.794033, 48.883136], [-122.732521, 48.838103], [-122.72006, 48.789201], [-122.710192, 48.722243], [-122.671361, 48.645305], [-122.642612, 48.588345], [-122.650322, 48.530162], [-122.689136, 48.476855], [-122.665353, 48.416459], [-122.666998, 48.412473], [-122.707092, 48.315292], [-122.752578, 48.260067], [-122.711523, 48.193579], [-122.633182, 48.163287], [-122.598316, 48.110622], [-122.607357, 48.030998], [-122.542939, 47.99641], [-122.546839, 47.967221], [-122.573761, 47.95101], [-122.616716, 47.925145], [-122.634118, 47.923041], [-122.651078, 47.920991], [-122.701309, 47.972985], [-122.701855, 48.016112], [-122.69848, 48.103108], [-122.760463, 48.143246], [-122.833188, 48.134412], [-122.910702, 48.109805], [-122.946134, 48.098558], [-123.004143, 48.090522], [-123.066225, 48.120475], [-123.144798, 48.175949], [-123.239144, 48.118223], [-123.314593, 48.113731], [-123.441987, 48.124265], [-123.551146, 48.151388], [-123.67246, 48.16272], [-123.728751, 48.162805], [-123.880083, 48.160626], [-124.050749, 48.177752], [-124.101788, 48.216888], [-124.250897, 48.264778], [-124.380889, 48.284704], [-124.546274, 48.353599], [-124.653258, 48.390696], [-124.725854, 48.386017]]]]}, "properties": {"OBJECTID": 20, "NAME": "Washington", "ABBR": "WA", "Shape_Length": 24.495754557890283, "Shape_Area": 21.30486606045129}}, {"type": "Feature", "id": 21, "geometry": {"type": "Polygon", "coordinates": [[[-104.057709, 44.997438], [-104.055821, 44.69135], [-104.055706, 44.570997], [-104.0554, 44.24999], [-104.055417, 44.18039], [-104.055427, 44.141088], [-104.055498, 43.853484], [-104.055042, 43.55861], [-104.054805, 43.503335], [-104.054695, 43.477823], [-104.053886, 43.289808], [-104.053137, 43.000592], [-103.50511, 43.000766], [-103.476143, 43.000775], [-103.00062, 43.000266], [-102.792121, 43.000043], [-102.40865, 42.999633], [-102.082558, 42.999148], [-102.082496, 42.999148], [-101.228023, 42.997876], [-101.000439, 42.997537], [-100.198423, 42.997984], [-100.198422, 42.997984], [-99.850046, 42.998178], [-99.534064, 42.998205], [-99.254464, 42.998228], [-98.848001, 42.998262], [-98.498559, 42.998567], [-98.478928, 42.963546], [-98.434512, 42.929234], [-98.386454, 42.918414], [-98.308196, 42.886497], [-98.280016, 42.875003], [-98.231931, 42.861147], [-98.152595, 42.841161], [-98.148069, 42.84002], [-98.104709, 42.808482], [-98.035043, 42.764212], [-97.950156, 42.769626], [-97.90501, 42.798879], [-97.876896, 42.85267], [-97.857966, 42.8651], [-97.801353, 42.85801], [-97.701039, 42.843804], [-97.635451, 42.851816], [-97.599269, 42.856236], [-97.515957, 42.853759], [-97.484926, 42.850011], [-97.452186, 42.846055], [-97.417075, 42.865925], [-97.34119, 42.855889], [-97.302084, 42.865667], [-97.237877, 42.853146], [-97.213966, 42.82015], [-97.165079, 42.791624], [-97.13134, 42.771936], [-97.024858, 42.762437], [-97.01564, 42.756533], [-96.965687, 42.724539], [-96.906805, 42.733807], [-96.807379, 42.700686], [-96.80166, 42.698781], [-96.77819, 42.663], [-96.697647, 42.65915], [-96.709308, 42.60376], [-96.658762, 42.566433], [-96.627954, 42.527104], [-96.611497, 42.506095], [-96.52515, 42.510241], [-96.501329, 42.482756], [-96.445516, 42.490637], [-96.477462, 42.509596], [-96.492978, 42.517289], [-96.47696, 42.556086], [-96.480031, 42.561332], [-96.526774, 42.641191], [-96.59161, 42.688088], [-96.624712, 42.725504], [-96.621883, 42.779262], [-96.577945, 42.827652], [-96.537859, 42.878482], [-96.540481, 42.908603], [-96.541697, 42.922583], [-96.500316, 42.959398], [-96.520254, 42.97765], [-96.492701, 43.005096], [-96.511613, 43.039934], [-96.458209, 43.067561], [-96.452106, 43.08256], [-96.439343, 43.113923], [-96.458862, 43.143364], [-96.475579, 43.221062], [-96.522092, 43.220968], [-96.552971, 43.247289], [-96.559036, 43.257563], [-96.578831, 43.291103], [-96.5304, 43.300042], [-96.524297, 43.347222], [-96.52158, 43.385648], [-96.594262, 43.434161], [-96.584611, 43.469618], [-96.598936, 43.500465], [-96.453268, 43.500398], [-96.453323, 43.552307], [-96.452918, 43.849514], [-96.452918, 43.849516], [-96.452444, 44.196787], [-96.452444, 44.196809], [-96.452222, 44.360157], [-96.4533, 44.543645], [-96.453815, 44.631344], [-96.454839, 44.805558], [-96.455849, 44.977353], [-96.457562, 45.268906], [-96.45779, 45.307618], [-96.470086, 45.326807], [-96.482565, 45.346281], [-96.521796, 45.375653], [-96.562151, 45.386098], [-96.617735, 45.4081], [-96.675456, 45.410224], [-96.710795, 45.436938], [-96.742518, 45.478731], [-96.781045, 45.53598], [-96.835428, 45.586137], [-96.843966, 45.594011], [-96.85163, 45.61942], [-96.826169, 45.654172], [-96.745095, 45.701584], [-96.672674, 45.732344], [-96.630521, 45.781165], [-96.587102, 45.816453], [-96.57188, 45.871854], [-96.563681, 45.935253], [-97.082102, 45.93585], [-97.2283, 45.935664], [-97.542607, 45.935266], [-97.777049, 45.935401], [-97.978787, 45.935942], [-98.008111, 45.93602], [-98.070524, 45.936188], [-98.414527, 45.936512], [-98.625388, 45.938236], [-98.724384, 45.938682], [-99.005651, 45.939952], [-99.005764, 45.939952], [-99.092878, 45.940192], [-99.34497, 45.940307], [-99.490264, 45.94037], [-99.61117, 45.941106], [-99.718083, 45.940915], [-99.880072, 45.941679], [-99.880302, 45.94168], [-100.152094, 45.942494], [-100.294136, 45.943277], [-100.499364, 45.94364], [-100.511803, 45.943662], [-100.511959, 45.943662], [-100.76212, 45.943775], [-101.106836, 45.943992], [-101.365293, 45.9441], [-101.557286, 45.944107], [-101.794616, 45.944404], [-101.998743, 45.944545], [-102.00069, 45.944546], [-102.087565, 45.944605], [-102.32824, 45.944813], [-102.550957, 45.945022], [-102.704881, 45.945079], [-102.880262, 45.945076], [-102.94208, 45.945102], [-102.995259, 45.945124], [-103.218407, 45.945215], [-103.434862, 45.945298], [-103.66079, 45.945248], [-104.045454, 45.945317], [-104.044144, 45.881984], [-104.043787, 45.864714], [-104.042608, 45.750005], [-104.041948, 45.557922], [-104.041775, 45.490796], [-104.040369, 45.335953], [-104.040146, 45.212898], [-104.039988, 45.124995], [-104.039149, 44.998527], [-104.057709, 44.997438]]]}, "properties": {"OBJECTID": 21, "NAME": "South Dakota", "ABBR": "SD", "Shape_Length": 22.680902706511727, "Shape_Area": 22.57797739434539}}, {"type": "Feature", "id": 22, "geometry": {"type": "MultiPolygon", "coordinates": [[[[-82.863346, 41.693701], [-82.842103, 41.628331], [-82.78888, 41.643055], [-82.782723, 41.694011], [-82.825724, 41.722818], [-82.863346, 41.693701]]], [[[-84.820164, 39.227233], [-84.820162, 39.105487], [-84.750754, 39.147366], [-84.714053, 39.132667], [-84.711934, 39.130686], [-84.677252, 39.098268], [-84.622052, 39.078342], [-84.607933, 39.073246], [-84.550849, 39.099368], [-84.506523, 39.101774], [-84.493748, 39.102468], [-84.480948, 39.116768], [-84.462047, 39.121768], [-84.445247, 39.114469], [-84.432946, 39.083969], [-84.400945, 39.04637], [-84.326544, 39.027471], [-84.321212, 39.020594], [-84.29726, 38.989701], [-84.288169, 38.955796], [-84.232136, 38.88049], [-84.23231, 38.874715], [-84.233269, 38.842678], [-84.22616, 38.829771], [-84.212908, 38.805714], [-84.135092, 38.789492], [-84.052614, 38.771614], [-84.051646, 38.771404], [-83.978818, 38.787111], [-83.928458, 38.77459], [-83.904379, 38.767291], [-83.852089, 38.75144], [-83.834019, 38.716015], [-83.783624, 38.695648], [-83.772164, 38.658157], [-83.705862, 38.638044], [-83.679488, 38.630043], [-83.646966, 38.641841], [-83.642998, 38.64328], [-83.626926, 38.679394], [-83.533343, 38.702112], [-83.440408, 38.669368], [-83.376306, 38.66148], [-83.320535, 38.62272], [-83.286518, 38.599248], [-83.264272, 38.613139], [-83.239519, 38.628595], [-83.172651, 38.620259], [-83.128977, 38.640238], [-83.112376, 38.671692], [-83.042342, 38.708327], [-83.030339, 38.716875], [-83.01182, 38.730065], [-82.943151, 38.743288], [-82.889197, 38.756084], [-82.871196, 38.718385], [-82.869596, 38.678185], [-82.851318, 38.604341], [-82.811546, 38.572377], [-82.800116, 38.56319], [-82.72485, 38.557607], [-82.675728, 38.515511], [-82.664125, 38.507726], [-82.618478, 38.477096], [-82.593677, 38.421816], [-82.560668, 38.404345], [-82.508971, 38.414651], [-82.44708, 38.426989], [-82.381777, 38.43479], [-82.324003, 38.449275], [-82.304227, 38.496315], [-82.293275, 38.560291], [-82.282137, 38.579868], [-82.274274, 38.593691], [-82.218971, 38.591691], [-82.175171, 38.608492], [-82.185571, 38.659591], [-82.201541, 38.76038], [-82.209294, 38.80268], [-82.161574, 38.82464], [-82.13477, 38.905587], [-82.098871, 38.960887], [-82.089069, 38.975986], [-82.041567, 39.017886], [-82.007066, 39.029586], [-81.941833, 38.993303], [-81.898474, 38.929611], [-81.827358, 38.945906], [-81.775738, 38.980745], [-81.793308, 39.040361], [-81.807859, 39.083986], [-81.750271, 39.104039], [-81.742957, 39.106586], [-81.752301, 39.181042], [-81.752758, 39.184684], [-81.721472, 39.210968], [-81.711632, 39.219236], [-81.678335, 39.273763], [-81.6139, 39.275347], [-81.565251, 39.276183], [-81.559651, 39.330782], [-81.503193, 39.37325], [-81.456147, 39.409282], [-81.41271, 39.394626], [-81.393798, 39.351714], [-81.370393, 39.348708], [-81.347571, 39.345778], [-81.249092, 39.39], [-81.18595, 39.430739], [-81.128537, 39.449383], [-81.121277, 39.457705], [-81.075954, 39.509668], [-81.037369, 39.538063], [-80.943786, 39.606934], [-80.865579, 39.662759], [-80.829768, 39.711847], [-80.835525, 39.71926], [-80.869937, 39.763563], [-80.824973, 39.8011], [-80.82428, 39.847167], [-80.823442, 39.85004], [-80.803398, 39.91877], [-80.764483, 39.950258], [-80.74013, 39.970801], [-80.738222, 40.033551], [-80.736808, 40.08008], [-80.705998, 40.151599], [-80.702579, 40.157149], [-80.684177, 40.187026], [-80.644602, 40.251278], [-80.606599, 40.303877], [-80.6316, 40.385476], [-80.627366, 40.395179], [-80.604899, 40.446675], [-80.622199, 40.520505], [-80.667961, 40.582504], [-80.627175, 40.619944], [-80.583637, 40.615528], [-80.518994, 40.638809], [-80.519709, 40.851345], [-80.519873, 40.900332], [-80.519895, 40.906669], [-80.519226, 41.125102], [-80.519201, 41.133227], [-80.518897, 41.232564], [-80.519169, 41.489118], [-80.51918, 41.499348], [-80.519361, 41.669775], [-80.5194, 41.849571], [-80.519429, 41.977531], [-80.581886, 41.957618], [-80.800798, 41.909643], [-80.900346, 41.86892], [-81.002273, 41.849181], [-81.051924, 41.839565], [-81.184372, 41.786679], [-81.286929, 41.760251], [-81.388636, 41.707152], [-81.466042, 41.649156], [-81.488687, 41.634472], [-81.633656, 41.540466], [-81.738759, 41.488558], [-81.810762, 41.495656], [-81.843924, 41.494559], [-81.937866, 41.491451], [-81.968485, 41.503869], [-81.994569, 41.514448], [-82.181602, 41.471642], [-82.268483, 41.43085], [-82.348023, 41.427271], [-82.361788, 41.426652], [-82.460603, 41.386324], [-82.533212, 41.391165], [-82.616956, 41.428433], [-82.687925, 41.492332], [-82.690571, 41.496714], [-82.717882, 41.541938], [-82.834105, 41.587595], [-82.859535, 41.576379], [-82.934373, 41.514361], [-83.028076, 41.555664], [-83.066597, 41.595348], [-83.163826, 41.624138], [-83.231664, 41.644226], [-83.326829, 41.70157], [-83.409535, 41.691255], [-83.453836, 41.732655], [-83.763043, 41.723558], [-83.763154, 41.723555], [-83.880395, 41.720203], [-84.134422, 41.712939], [-84.360424, 41.706964], [-84.399554, 41.705929], [-84.438072, 41.704911], [-84.806087, 41.696097], [-84.804963, 41.530146], [-84.804258, 41.426058], [-84.804138, 41.4083], [-84.803707, 41.27094], [-84.80365, 41.25257], [-84.803239, 41.121422], [-84.802864, 40.989382], [-84.802675, 40.922577], [-84.802124, 40.728171], [-84.802124, 40.728154], [-84.802419, 40.572221], [-84.802552, 40.501818], [-84.804124, 40.352852], [-84.804125, 40.35277], [-84.804922, 40.310104], [-84.807348, 40.180183], [-84.808711, 40.107224], [-84.810166, 40.005075], [-84.811422, 39.916921], [-84.814133, 39.726624], [-84.814134, 39.726564], [-84.815711, 39.567729], [-84.816165, 39.521976], [-84.817458, 39.391761], [-84.818882, 39.305174], [-84.818882, 39.305151], [-84.820164, 39.227233]]]]}, "properties": {"OBJECTID": 22, "NAME": "Ohio", "ABBR": "OH", "Shape_Length": 15.578500446269645, "Shape_Area": 11.332120577932935}}, {"type": "Feature", "id": 23, "geometry": {"type": "Polygon", "coordinates": [[[-104.053152, 41.114464], [-104.053259, 41.001413], [-103.574532, 41.001728], [-103.573784, 41.001728], [-103.382502, 41.001933], [-103.076546, 41.00226], [-102.653474, 41.002232], [-102.621043, 41.00223], [-102.556799, 41.002226], [-102.051727, 41.002384], [-102.051624, 41.002384], [-102.051302, 40.749598], [-102.051304, 40.697554], [-102.051314, 40.440015], [-102.051318, 40.349228], [-102.051318, 40.338388], [-102.051753, 40.003085], [-101.83217, 40.00294], [-101.542282, 40.002616], [-101.411038, 40.002589], [-101.324045, 40.002572], [-101.294, 40.002566], [-101.060326, 40.002314], [-100.758839, 40.002309], [-100.738834, 40.00227], [-100.477027, 40.001759], [-100.193599, 40.00158], [-100.177807, 40.001573], [-99.81341, 40.001407], [-99.628263, 40.001779], [-99.625336, 40.001785], [-99.501801, 40.002033], [-99.179142, 40.002116], [-99.085606, 40.00214], [-99.067027, 40.00215], [-98.726382, 40.002343], [-98.613764, 40.002407], [-98.504464, 40.002387], [-98.274026, 40.002344], [-98.076042, 40.002308], [-97.931833, 40.002243], [-97.821509, 40.002194], [-97.777163, 40.002174], [-97.415841, 40.002008], [-97.369207, 40.001946], [-97.009173, 40.00147], [-96.916415, 40.001461], [-96.87382, 40.001457], [-96.805776, 40.001375], [-96.469953, 40.000973], [-96.46372, 40.000966], [-96.239216, 40.000698], [-96.23918, 40.000698], [-96.154373, 40.000502], [-96.024098, 40.000726], [-96.010687, 40.000712], [-95.788119, 40.000474], [-95.784583, 40.00047], [-95.339904, 40.000036], [-95.308298, 40.000005], [-95.348785, 40.029304], [-95.382965, 40.027119], [-95.414742, 40.069827], [-95.394224, 40.10827], [-95.432173, 40.141032], [-95.481028, 40.188531], [-95.472556, 40.236085], [-95.547168, 40.259073], [-95.547878, 40.262791], [-95.54819, 40.264422], [-95.5533, 40.291165], [-95.598665, 40.309816], [-95.653737, 40.322589], [-95.641035, 40.366406], [-95.649426, 40.396156], [-95.684371, 40.463373], [-95.694734, 40.493609], [-95.712288, 40.523761], [-95.714299, 40.527215], [-95.757118, 40.525997], [-95.765653, 40.585215], [-95.748634, 40.603362], [-95.781917, 40.653279], [-95.846042, 40.682612], [-95.888705, 40.736299], [-95.834164, 40.783023], [-95.834252, 40.783792], [-95.841317, 40.845611], [-95.810717, 40.886688], [-95.818735, 40.897955], [-95.837782, 40.924719], [-95.828337, 40.972385], [-95.865886, 41.01741], [-95.864793, 41.052853], [-95.863847, 41.083514], [-95.868696, 41.124705], [-95.861906, 41.16031], [-95.856796, 41.187105], [-95.909698, 41.184405], [-95.909921, 41.191428], [-95.911399, 41.238005], [-95.89016, 41.278315], [-95.925698, 41.322204], [-95.928798, 41.370103], [-95.927344, 41.389995], [-95.922537, 41.455773], [-95.98297, 41.469785], [-95.994028, 41.506898], [-96.005087, 41.544011], [-96.080501, 41.528206], [-96.091828, 41.561093], [-96.118113, 41.613502], [-96.111491, 41.668555], [-96.107946, 41.676516], [-96.087608, 41.722187], [-96.064545, 41.793009], [-96.107919, 41.840346], [-96.126829, 41.866103], [-96.159106, 41.910064], [-96.132545, 41.974632], [-96.223619, 42.022659], [-96.272885, 42.047245], [-96.268908, 42.113597], [-96.34776, 42.166813], [-96.337224, 42.214857], [-96.336331, 42.218929], [-96.336011, 42.264813], [-96.351965, 42.280902], [-96.408006, 42.337415], [-96.411816, 42.410901], [-96.381315, 42.461701], [-96.445516, 42.490637], [-96.501329, 42.482756], [-96.52515, 42.510241], [-96.611497, 42.506095], [-96.627954, 42.527104], [-96.658762, 42.566433], [-96.709308, 42.60376], [-96.697647, 42.65915], [-96.77819, 42.663], [-96.80166, 42.698781], [-96.807379, 42.700686], [-96.906805, 42.733807], [-96.965687, 42.724539], [-97.01564, 42.756533], [-97.024858, 42.762437], [-97.13134, 42.771936], [-97.165079, 42.791624], [-97.213966, 42.82015], [-97.237877, 42.853146], [-97.302084, 42.865667], [-97.34119, 42.855889], [-97.417075, 42.865925], [-97.452186, 42.846055], [-97.484926, 42.850011], [-97.515957, 42.853759], [-97.599269, 42.856236], [-97.635451, 42.851816], [-97.701039, 42.843804], [-97.801353, 42.85801], [-97.857966, 42.8651], [-97.876896, 42.85267], [-97.90501, 42.798879], [-97.950156, 42.769626], [-98.035043, 42.764212], [-98.104709, 42.808482], [-98.148069, 42.84002], [-98.152595, 42.841161], [-98.231931, 42.861147], [-98.280016, 42.875003], [-98.308196, 42.886497], [-98.386454, 42.918414], [-98.434512, 42.929234], [-98.478928, 42.963546], [-98.498559, 42.998567], [-98.848001, 42.998262], [-99.254464, 42.998228], [-99.534064, 42.998205], [-99.850046, 42.998178], [-100.198422, 42.997984], [-100.198423, 42.997984], [-101.000439, 42.997537], [-101.228023, 42.997876], [-102.082496, 42.999148], [-102.082558, 42.999148], [-102.40865, 42.999633], [-102.792121, 43.000043], [-103.00062, 43.000266], [-103.476143, 43.000775], [-103.50511, 43.000766], [-104.053137, 43.000592], [-104.052596, 42.630924], [-104.052672, 42.611773], [-104.053117, 42.499971], [-104.052803, 42.249969], [-104.052739, 42.016325], [-104.052772, 42.001737], [-104.053036, 41.885471], [-104.052835, 41.69783], [-104.052745, 41.613683], [-104.052645, 41.564283], [-104.052297, 41.393314], [-104.052297, 41.393221], [-104.052463, 41.278209], [-104.053152, 41.114464]]]}, "properties": {"OBJECTID": 23, "NAME": "Nebraska", "ABBR": "NE", "Shape_Length": 23.07811083069758, "Shape_Area": 21.617188434062623}}, {"type": "Feature", "id": 24, "geometry": {"type": "Polygon", "coordinates": [[[-88.059477, 37.866695], [-88.06737, 37.856058], [-88.028036, 37.799231], [-87.970267, 37.781863], [-87.935866, 37.78971], [-87.903809, 37.817769], [-87.938133, 37.870658], [-87.925399, 37.899599], [-87.921749, 37.907892], [-87.872545, 37.921006], [-87.808018, 37.875198], [-87.72364, 37.892065], [-87.713163, 37.88305], [-87.681638, 37.855924], [-87.625856, 37.851926], [-87.608484, 37.898801], [-87.551282, 37.925425], [-87.486352, 37.920225], [-87.448706, 37.933862], [-87.41859, 37.94477], [-87.33177, 37.90826], [-87.304063, 37.89344], [-87.270393, 37.87543], [-87.255255, 37.867333], [-87.180068, 37.841382], [-87.137507, 37.807271], [-87.105619, 37.767638], [-87.057841, 37.827464], [-87.043054, 37.875056], [-87.01032, 37.919675], [-86.977747, 37.925706], [-86.927752, 37.934963], [-86.875879, 37.970777], [-86.813585, 37.996074], [-86.810918, 37.997157], [-86.779998, 37.956529], [-86.722252, 37.892655], [-86.658379, 37.869383], [-86.646715, 37.864919], [-86.61522, 37.852864], [-86.599853, 37.906761], [-86.509373, 37.902894], [-86.525179, 37.968235], [-86.52183, 38.038334], [-86.488058, 38.043673], [-86.471908, 38.046225], [-86.434051, 38.08677], [-86.433575, 38.087155], [-86.387221, 38.124639], [-86.321279, 38.147425], [-86.278661, 38.098516], [-86.206444, 38.021883], [-86.095771, 38.008937], [-86.033391, 37.970389], [-85.997357, 37.991233], [-85.976033, 38.003567], [-85.951731, 38.014949], [-85.9224, 38.028686], [-85.905169, 38.111077], [-85.895918, 38.179926], [-85.894769, 38.188476], [-85.839669, 38.239777], [-85.816169, 38.282976], [-85.794506, 38.27796], [-85.750967, 38.267877], [-85.683566, 38.295476], [-85.646206, 38.342923], [-85.634449, 38.378407], [-85.62163, 38.417096], [-85.587763, 38.450502], [-85.498871, 38.468249], [-85.474359, 38.504081], [-85.433141, 38.523921], [-85.432986, 38.52412], [-85.415605, 38.546348], [-85.431421, 38.586293], [-85.436175, 38.598299], [-85.438747, 38.659326], [-85.448867, 38.713375], [-85.400486, 38.735987], [-85.340958, 38.7339], [-85.332646, 38.734824], [-85.275459, 38.741179], [-85.23867, 38.722501], [-85.201765, 38.697448], [-85.187283, 38.687616], [-85.146866, 38.695434], [-85.071933, 38.741574], [-85.021057, 38.758535], [-84.96254, 38.778042], [-84.856909, 38.790231], [-84.812882, 38.786094], [-84.803252, 38.85073], [-84.798706, 38.859232], [-84.786411, 38.882227], [-84.830477, 38.897263], [-84.864332, 38.913802], [-84.877767, 38.920364], [-84.832622, 38.961467], [-84.84945, 39.00093], [-84.877575, 39.03127], [-84.897176, 39.052414], [-84.860694, 39.078147], [-84.820162, 39.105487], [-84.820164, 39.227233], [-84.818882, 39.305151], [-84.818882, 39.305174], [-84.817458, 39.391761], [-84.816165, 39.521976], [-84.815711, 39.567729], [-84.814134, 39.726564], [-84.814133, 39.726624], [-84.811422, 39.916921], [-84.810166, 40.005075], [-84.808711, 40.107224], [-84.807348, 40.180183], [-84.804922, 40.310104], [-84.804125, 40.35277], [-84.804124, 40.352852], [-84.802552, 40.501818], [-84.802419, 40.572221], [-84.802124, 40.728154], [-84.802124, 40.728171], [-84.802675, 40.922577], [-84.802864, 40.989382], [-84.803239, 41.121422], [-84.80365, 41.25257], [-84.803707, 41.27094], [-84.804138, 41.4083], [-84.804258, 41.426058], [-84.804963, 41.530146], [-84.806087, 41.696097], [-84.805888, 41.760224], [-84.825133, 41.760207], [-85.196779, 41.759879], [-85.23284, 41.759847], [-85.292184, 41.759763], [-85.659755, 41.759245], [-85.79134, 41.759059], [-85.791368, 41.759059], [-86.062568, 41.759661], [-86.226075, 41.760024], [-86.2261, 41.760024], [-86.501778, 41.759561], [-86.524225, 41.75958], [-86.640049, 41.759679], [-86.699686, 41.759863], [-86.824834, 41.760248], [-86.909136, 41.726946], [-86.932855, 41.716505], [-87.027894, 41.674669], [-87.125841, 41.65031], [-87.222806, 41.628898], [-87.261542, 41.620344], [-87.365445, 41.629544], [-87.415822, 41.688191], [-87.470748, 41.672843], [-87.52405, 41.708343], [-87.524946, 41.529743], [-87.525415, 41.470288], [-87.526774, 41.298185], [-87.526774, 41.298059], [-87.526654, 41.166098], [-87.526526, 41.024845], [-87.526469, 41.010344], [-87.52602, 40.89559], [-87.526142, 40.736893], [-87.526298, 40.535417], [-87.526881, 40.491232], [-87.527071, 40.47689], [-87.53006, 40.250679], [-87.531027, 40.148043], [-87.531868, 40.058807], [-87.532314, 40.011595], [-87.53246, 39.883007], [-87.532709, 39.664875], [-87.532391, 39.607312], [-87.531672, 39.477118], [-87.531629, 39.469385], [-87.531651, 39.347895], [-87.578337, 39.34035], [-87.600403, 39.312911], [-87.594751, 39.259391], [-87.593491, 39.247459], [-87.577034, 39.21113], [-87.640441, 39.166734], [-87.638373, 39.157819], [-87.625384, 39.101813], [-87.572593, 39.057293], [-87.579122, 39.001614], [-87.529501, 38.971932], [-87.52765, 38.907695], [-87.528723, 38.905951], [-87.547375, 38.875621], [-87.535263, 38.852499], [-87.521686, 38.826583], [-87.498953, 38.757781], [-87.545543, 38.67762], [-87.620125, 38.639496], [-87.637757, 38.588519], [-87.648362, 38.566636], [-87.660737, 38.541099], [-87.654171, 38.511918], [-87.714052, 38.479887], [-87.741045, 38.435583], [-87.751111, 38.418856], [-87.780001, 38.370849], [-87.831977, 38.307248], [-87.908548, 38.268588], [-87.968974, 38.237396], [-87.970206, 38.230278], [-87.975825, 38.197841], [-87.927474, 38.151953], [-87.962216, 38.100061], [-87.988776, 38.055598], [-88.03089, 38.03072], [-88.016317, 37.961581], [-88.040867, 37.891774], [-88.059477, 37.866695]]]}, "properties": {"OBJECTID": 24, "NAME": "Indiana", "ABBR": "IN", "Shape_Length": 14.788967780510166, "Shape_Area": 9.880174093334833}}, {"type": "Feature", "id": 25, "geometry": {"type": "MultiPolygon", "coordinates": [[[[-70.275526, 41.310472], [-70.211479, 41.248773], [-70.096967, 41.240858], [-70.015225, 41.237972], [-69.960181, 41.264554], [-69.984869, 41.358827], [-70.049053, 41.391711], [-70.079133, 41.319513], [-70.193712, 41.313795], [-70.275526, 41.310472]]], [[[-70.833802, 41.353394], [-70.833397, 41.316786], [-70.821284, 41.251022], [-70.768687, 41.30371], [-70.693635, 41.342841], [-70.577454, 41.349171], [-70.448262, 41.353659], [-70.463833, 41.419154], [-70.496197, 41.424917], [-70.553277, 41.452964], [-70.603555, 41.482393], [-70.686881, 41.441343], [-70.757797, 41.36571], [-70.833802, 41.353394]]], [[[-73.508143, 42.086266], [-73.489681, 42.053806], [-73.487315, 42.049647], [-73.231057, 42.044954], [-73.12723, 42.042132], [-73.053398, 42.040125], [-72.99955, 42.038662], [-72.863693, 42.037094], [-72.847143, 42.036903], [-72.810079, 41.998325], [-72.77476, 42.002138], [-72.76674, 42.003004], [-72.735497, 42.036408], [-72.607934, 42.030804], [-72.528132, 42.034304], [-72.317149, 42.031916], [-72.205357, 42.030212], [-72.135732, 42.029151], [-71.987327, 42.026889], [-71.846007, 42.024382], [-71.800651, 42.023578], [-71.799243, 42.008074], [-71.606695, 42.013114], [-71.591097, 42.013522], [-71.55944, 42.014351], [-71.498225, 42.015883], [-71.381402, 42.018807], [-71.381432, 41.985093], [-71.381462, 41.95215], [-71.381701, 41.893208], [-71.339299, 41.893408], [-71.339598, 41.832009], [-71.329397, 41.782609], [-71.317403, 41.777265], [-71.261393, 41.75231], [-71.208601, 41.690318], [-71.195641, 41.675099], [-71.132889, 41.660111], [-71.135986, 41.621402], [-71.137493, 41.60257], [-71.120571, 41.497457], [-71.085664, 41.509301], [-71.035515, 41.499056], [-70.981709, 41.510079], [-70.941786, 41.54013], [-70.910165, 41.577082], [-70.853121, 41.58733], [-70.82191, 41.58285], [-70.803963, 41.601524], [-70.765463, 41.641584], [-70.71598, 41.614022], [-70.695392, 41.602555], [-70.698197, 41.559011], [-70.726089, 41.543245], [-70.806861, 41.497592], [-70.934986, 41.454708], [-70.948432, 41.409201], [-70.857528, 41.425776], [-70.79027, 41.446348], [-70.734306, 41.486344], [-70.669059, 41.512938], [-70.654104, 41.519034], [-70.559689, 41.548339], [-70.476256, 41.558511], [-70.445289, 41.591824], [-70.400581, 41.606391], [-70.321588, 41.630517], [-70.269687, 41.617784], [-70.158621, 41.650447], [-70.055523, 41.664852], [-70.007011, 41.671588], [-70.011961, 41.619806], [-70.011229, 41.54394], [-69.964982, 41.551119], [-69.931129, 41.622668], [-69.928261, 41.691709], [-69.935952, 41.809431], [-69.974781, 41.925114], [-69.994136, 41.999267], [-70.049382, 42.064698], [-70.138942, 42.092916], [-70.189305, 42.082346], [-70.245385, 42.063742], [-70.190834, 42.020037], [-70.15076, 42.026578], [-70.083775, 42.01205], [-70.074006, 41.938659], [-70.06901, 41.884933], [-70.006111, 41.852405], [-70.003842, 41.808529], [-70.024734, 41.787373], [-70.121978, 41.75885], [-70.216073, 41.74299], [-70.272289, 41.721355], [-70.323819, 41.736067], [-70.441718, 41.752907], [-70.494048, 41.773892], [-70.536408, 41.811643], [-70.54103, 41.815763], [-70.525567, 41.858739], [-70.546386, 41.91676], [-70.583572, 41.950016], [-70.608166, 41.94071], [-70.662476, 41.960601], [-70.678798, 42.005519], [-70.644337, 42.045904], [-70.63848, 42.081588], [-70.685315, 42.133034], [-70.73056, 42.210949], [-70.781575, 42.248646], [-70.788724, 42.253929], [-70.835852, 42.264772], [-70.851094, 42.268279], [-70.881243, 42.300672], [-70.917491, 42.305695], [-70.948498, 42.282363], [-70.967352, 42.268177], [-70.99306, 42.312901], [-70.997839, 42.321214], [-70.983094, 42.343476], [-70.975894, 42.354348], [-70.974898, 42.355852], [-70.982546, 42.42023], [-70.982995, 42.424005], [-70.955212, 42.425478], [-70.913193, 42.427706], [-70.886494, 42.470206], [-70.835992, 42.490505], [-70.848493, 42.550204], [-70.804092, 42.561604], [-70.698574, 42.577402], [-70.654727, 42.582243], [-70.594014, 42.635039], [-70.602506, 42.677711], [-70.645101, 42.689432], [-70.681594, 42.662351], [-70.729821, 42.669611], [-70.772268, 42.711073], [-70.805221, 42.781807], [-70.817297, 42.872299], [-70.864751, 42.870267], [-70.9308, 42.884598], [-70.966501, 42.868998], [-71.031202, 42.859098], [-71.048717, 42.831073], [-71.064202, 42.806298], [-71.116376, 42.811912], [-71.149704, 42.815498], [-71.186105, 42.790698], [-71.181804, 42.737599], [-71.245385, 42.736564], [-71.255111, 42.736406], [-71.255606, 42.736398], [-71.294206, 42.696999], [-71.351875, 42.698163], [-71.636215, 42.704897], [-71.745818, 42.707296], [-71.89877, 42.711475], [-71.929031, 42.712302], [-72.111058, 42.717277], [-72.124527, 42.717645], [-72.283035, 42.722019], [-72.45852, 42.726862], [-72.809114, 42.73659], [-72.864293, 42.737723], [-72.930108, 42.739074], [-73.023019, 42.740981], [-73.264958, 42.745949], [-73.352528, 42.510011], [-73.508143, 42.086266]]]]}, "properties": {"OBJECTID": 25, "NAME": "Massachusetts", "ABBR": "MA", "Shape_Length": 13.626177104236584, "Shape_Area": 2.392569057380219}}, {"type": "Feature", "id": 26, "geometry": {"type": "Polygon", "coordinates": [[[-120.004809, 39.31648], [-120.005155, 39.291263], [-120.003377, 39.165632], [-120.002628, 39.112695], [-120.001988, 39.067501], [-120.001027, 38.999579], [-119.904328, 38.933329], [-119.587692, 38.714739], [-119.585419, 38.713156], [-119.330379, 38.535515], [-119.279275, 38.499919], [-119.155829, 38.413409], [-118.949686, 38.268945], [-118.500971, 37.949024], [-118.428008, 37.89623], [-118.022193, 37.602588], [-117.833516, 37.464944], [-117.680622, 37.353404], [-117.244929, 37.030249], [-117.166013, 36.971213], [-117.000907, 36.847699], [-116.488245, 36.459102], [-116.375887, 36.372567], [-116.093613, 36.15581], [-115.892987, 35.999972], [-115.846126, 35.963558], [-115.648044, 35.809634], [-115.647695, 35.809363], [-115.404549, 35.61761], [-115.303755, 35.538212], [-115.16008, 35.424134], [-115.043824, 35.332017], [-114.948166, 35.255223], [-114.804261, 35.139694], [-114.633499, 35.001862], [-114.625081, 35.068483], [-114.619917, 35.121637], [-114.599132, 35.121055], [-114.572759, 35.13873], [-114.587141, 35.262381], [-114.627149, 35.409509], [-114.664512, 35.449502], [-114.663117, 35.524496], [-114.655979, 35.588003], [-114.653418, 35.610794], [-114.689419, 35.651417], [-114.697321, 35.733691], [-114.703722, 35.81459], [-114.669699, 35.865089], [-114.700283, 35.901777], [-114.731171, 35.943921], [-114.742791, 36.009968], [-114.743311, 36.06594], [-114.743354, 36.07054], [-114.736177, 36.104372], [-114.66655, 36.117348], [-114.627867, 36.141017], [-114.572043, 36.151615], [-114.511733, 36.150961], [-114.487046, 36.129401], [-114.448666, 36.126415], [-114.416962, 36.145766], [-114.372118, 36.143119], [-114.337285, 36.108025], [-114.316121, 36.063114], [-114.270657, 36.035725], [-114.213702, 36.015618], [-114.151737, 36.024568], [-114.138215, 36.053166], [-114.099882, 36.121659], [-114.04685, 36.194074], [-114.048238, 36.268879], [-114.047596, 36.325578], [-114.049505, 36.604064], [-114.050172, 36.843147], [-114.050612, 37.000401], [-114.051761, 37.088439], [-114.051986, 37.284516], [-114.052713, 37.49202], [-114.052484, 37.604782], [-114.05174, 37.746003], [-114.04967, 37.881374], [-114.049915, 38.148607], [-114.049915, 38.148769], [-114.05015, 38.249966], [-114.050132, 38.404542], [-114.050166, 38.572926], [-114.050166, 38.572981], [-114.049449, 38.677368], [-114.048066, 38.878699], [-114.049116, 39.005515], [-114.047091, 39.499949], [-114.047193, 39.542749], [-114.047795, 39.794166], [-114.04728, 39.906104], [-114.046398, 40.097902], [-114.046385, 40.116942], [-114.04619, 40.398319], [-114.045589, 40.495807], [-114.043517, 40.726298], [-114.042157, 40.999902], [-114.042157, 40.999932], [-114.041459, 41.207758], [-114.040243, 41.491696], [-114.039913, 41.753787], [-114.041735, 41.993726], [-114.281812, 41.99422], [-114.281867, 41.99422], [-114.598279, 41.994517], [-114.899223, 41.999915], [-115.038122, 41.99864], [-115.31389, 41.996109], [-115.625927, 41.997421], [-115.870194, 41.996772], [-116.332776, 41.997289], [-116.62596, 41.997385], [-117.018216, 41.999846], [-117.02621, 41.999896], [-117.197811, 42.000386], [-117.403626, 41.999296], [-117.623744, 41.998473], [-117.87348, 41.998341], [-118.197202, 41.997001], [-118.197382, 41.997], [-118.501015, 41.995452], [-118.775882, 41.992698], [-119.001035, 41.993799], [-119.208293, 41.993183], [-119.324197, 41.993881], [-119.360136, 41.994098], [-119.725743, 41.996302], [-119.999181, 41.994545], [-119.999289, 41.874896], [-119.998293, 41.61877], [-119.999879, 41.183979], [-119.999244, 40.865904], [-119.997546, 40.720997], [-119.996168, 40.321255], [-119.997137, 40.126368], [-119.997647, 39.95651], [-119.999949, 39.722412], [-120.001753, 39.538857], [-120.003042, 39.445051], [-120.004809, 39.31648]]]}, "properties": {"OBJECTID": 26, "NAME": "Nevada", "ABBR": "NV", "Shape_Length": 23.516392792660568, "Shape_Area": 29.93726687784903}}, {"type": "Feature", "id": 27, "geometry": {"type": "Polygon", "coordinates": [[[-104.048747, 48.999885], [-104.048911, 48.847395], [-104.048098, 48.633918], [-104.047566, 48.494148], [-104.046793, 48.389306], [-104.045703, 48.241423], [-104.044104, 47.996106], [-104.044104, 47.996089], [-104.043944, 47.971523], [-104.042395, 47.803263], [-104.043923, 47.603236], [-104.044988, 47.397072], [-104.045324, 47.331962], [-104.045319, 47.330148], [-104.044799, 47.127437], [-104.045553, 46.933894], [-104.045583, 46.713888], [-104.045396, 46.641511], [-104.045136, 46.540868], [-104.045056, 46.509795], [-104.04548, 46.324552], [-104.045477, 46.280088], [-104.045454, 45.945317], [-103.66079, 45.945248], [-103.434862, 45.945298], [-103.218407, 45.945215], [-102.995259, 45.945124], [-102.94208, 45.945102], [-102.880262, 45.945076], [-102.704881, 45.945079], [-102.550957, 45.945022], [-102.32824, 45.944813], [-102.087565, 45.944605], [-102.00069, 45.944546], [-101.998743, 45.944545], [-101.794616, 45.944404], [-101.557286, 45.944107], [-101.365293, 45.9441], [-101.106836, 45.943992], [-100.76212, 45.943775], [-100.511959, 45.943662], [-100.511803, 45.943662], [-100.499364, 45.94364], [-100.294136, 45.943277], [-100.152094, 45.942494], [-99.880302, 45.94168], [-99.880072, 45.941679], [-99.718083, 45.940915], [-99.61117, 45.941106], [-99.490264, 45.94037], [-99.34497, 45.940307], [-99.092878, 45.940192], [-99.005764, 45.939952], [-99.005651, 45.939952], [-98.724384, 45.938682], [-98.625388, 45.938236], [-98.414527, 45.936512], [-98.070524, 45.936188], [-98.008111, 45.93602], [-97.978787, 45.935942], [-97.777049, 45.935401], [-97.542607, 45.935266], [-97.2283, 45.935664], [-97.082102, 45.93585], [-96.563681, 45.935253], [-96.574273, 46.016553], [-96.572706, 46.0219], [-96.554516, 46.083986], [-96.595679, 46.219858], [-96.601049, 46.319562], [-96.647305, 46.358507], [-96.709104, 46.435302], [-96.744445, 46.565968], [-96.785795, 46.629599], [-96.789796, 46.635755], [-96.790532, 46.636888], [-96.786854, 46.692813], [-96.788812, 46.777583], [-96.763982, 46.912515], [-96.833513, 47.010118], [-96.819087, 47.08116], [-96.826578, 47.150547], [-96.836019, 47.23799], [-96.840229, 47.276989], [-96.857489, 47.440465], [-96.855969, 47.499181], [-96.854082, 47.572018], [-96.882385, 47.649033], [-96.893503, 47.672135], [-96.928515, 47.744892], [-96.996373, 47.844406], [-97.037363, 47.933287], [-97.068996, 48.026275], [-97.105625, 48.09137], [-97.146754, 48.168564], [-97.145854, 48.173232], [-97.141906, 48.193705], [-97.129542, 48.257823], [-97.137913, 48.344593], [-97.139182, 48.430536], [-97.149131, 48.532313], [-97.148113, 48.540752], [-97.147733, 48.5439], [-97.142924, 48.583741], [-97.100018, 48.667934], [-97.121262, 48.713601], [-97.152597, 48.77261], [-97.187372, 48.867606], [-97.227864, 48.945872], [-97.229049, 49.000695], [-97.77576, 49.000582], [-97.950022, 49.000523], [-98.869047, 49.000213], [-98.999827, 48.999994], [-99.376078, 48.999365], [-99.525784, 48.999279], [-99.91379, 48.999057], [-100.182616, 48.999238], [-100.431686, 48.999406], [-101.125445, 48.999086], [-101.496561, 48.999153], [-101.625449, 48.999176], [-102.021228, 48.998764], [-102.217004, 48.998561], [-102.850466, 48.999439], [-102.938968, 48.999358], [-103.375478, 48.998959], [-104.048747, 48.999885]]]}, "properties": {"OBJECTID": 27, "NAME": "North Dakota", "ABBR": "ND", "Shape_Length": 20.63348501558907, "Shape_Area": 21.841993043860146}}, {"type": "Feature", "id": 28, "geometry": {"type": "Polygon", "coordinates": [[[-94.617926, 36.499421], [-94.586207, 36.299975], [-94.562275, 36.161979], [-94.551896, 36.10213], [-94.532078, 35.987858], [-94.494556, 35.768309], [-94.49306, 35.759253], [-94.473127, 35.638554], [-94.449703, 35.496725], [-94.434816, 35.392631], [-94.43408, 35.387481], [-94.431522, 35.369597], [-94.435323, 35.275899], [-94.436364, 35.246712], [-94.447513, 34.934079], [-94.449065, 34.890562], [-94.454403, 34.72895], [-94.457507, 34.634951], [-94.461176, 34.507463], [-94.465432, 34.359554], [-94.470151, 34.190184], [-94.474902, 34.019661], [-94.477276, 33.940836], [-94.481849, 33.789014], [-94.485882, 33.637873], [-94.419064, 33.577223], [-94.388059, 33.565517], [-94.354172, 33.556458], [-94.338429, 33.567088], [-94.303749, 33.564492], [-94.238875, 33.576728], [-94.213612, 33.570628], [-94.183402, 33.592218], [-94.143031, 33.577731], [-94.072677, 33.57224], [-94.043435, 33.551431], [-94.042995, 33.43583], [-94.043074, 33.330504], [-94.042953, 33.271247], [-94.042726, 33.160297], [-94.042971, 33.019225], [-93.814605, 33.019395], [-93.807132, 33.0194], [-93.72328, 33.019463], [-93.520999, 33.018748], [-93.490565, 33.018641], [-93.377141, 33.01824], [-93.238653, 33.018022], [-93.197409, 33.017957], [-92.988783, 33.017257], [-92.971144, 33.017198], [-92.72475, 33.014348], [-92.723559, 33.014334], [-92.501389, 33.012166], [-92.222831, 33.009086], [-92.069021, 33.008488], [-92.068934, 33.008488], [-91.875134, 33.007734], [-91.489182, 33.006188], [-91.460382, 33.006003], [-91.435937, 33.005846], [-91.26457, 33.004745], [-91.166079, 33.004112], [-91.159612, 33.011248], [-91.120385, 33.054536], [-91.180842, 33.09837], [-91.153021, 33.135099], [-91.104323, 33.131604], [-91.084372, 33.180862], [-91.068714, 33.232942], [-91.086143, 33.273658], [-91.125545, 33.280261], [-91.142225, 33.348995], [-91.11377, 33.39313], [-91.147669, 33.427178], [-91.171805, 33.462348], [-91.189381, 33.493011], [-91.215668, 33.529416], [-91.215677, 33.529429], [-91.206422, 33.545635], [-91.188948, 33.576231], [-91.130908, 33.610925], [-91.178317, 33.651115], [-91.100986, 33.660557], [-91.075395, 33.714409], [-91.143293, 33.747147], [-91.1115, 33.774574], [-91.085516, 33.776416], [-91.026788, 33.763648], [-91.025179, 33.805959], [-91.052825, 33.824187], [-91.061253, 33.877511], [-91.026388, 33.907986], [-91.035967, 33.943764], [-91.088702, 33.96134], [-91.048373, 33.985084], [-91.004987, 33.977017], [-90.979951, 34.000112], [-90.942668, 34.018056], [-90.892426, 34.026866], [-90.874547, 34.072047], [-90.901136, 34.094673], [-90.946329, 34.10938], [-90.944851, 34.116428], [-90.944087, 34.120072], [-90.93807, 34.14876], [-90.894391, 34.160959], [-90.882707, 34.18437], [-90.894566, 34.224386], [-90.839987, 34.23612], [-90.812835, 34.279444], [-90.752687, 34.289272], [-90.76518, 34.342824], [-90.729137, 34.364212], [-90.66041, 34.335766], [-90.641404, 34.383875], [-90.575342, 34.415158], [-90.583723, 34.458835], [-90.569467, 34.524351], [-90.569353, 34.524873], [-90.54925, 34.568107], [-90.58723, 34.615738], [-90.574861, 34.63166], [-90.550164, 34.663451], [-90.546059, 34.702082], [-90.5055, 34.764574], [-90.473533, 34.788841], [-90.463801, 34.834929], [-90.407988, 34.835272], [-90.401639, 34.835311], [-90.313482, 34.871704], [-90.311453, 34.872845], [-90.250101, 34.907326], [-90.244482, 34.937602], [-90.309303, 34.9957], [-90.300703, 35.028799], [-90.265302, 35.040299], [-90.197152, 35.050737], [-90.181393, 35.091407], [-90.160064, 35.128836], [-90.090616, 35.118293], [-90.099783, 35.16448], [-90.093291, 35.203289], [-90.097953, 35.24999], [-90.1666, 35.274595], [-90.12187, 35.304542], [-90.087909, 35.363277], [-90.11251, 35.41016], [-90.070555, 35.423298], [-90.045312, 35.415442], [-90.02207, 35.457382], [-90.045811, 35.49654], [-90.037621, 35.550336], [-89.958504, 35.54171], [-89.94476, 35.560315], [-89.932506, 35.607872], [-89.876554, 35.62666], [-89.898922, 35.650911], [-89.956595, 35.695493], [-89.915497, 35.754924], [-89.86388, 35.747599], [-89.797059, 35.782655], [-89.723432, 35.809389], [-89.729523, 35.847639], [-89.72264, 35.873725], [-89.647276, 35.894927], [-89.649124, 35.904722], [-89.652285, 35.921469], [-89.68693, 35.947723], [-89.733101, 36.000615], [-89.901189, 35.999372], [-89.959381, 35.999021], [-90.103848, 35.99815], [-90.289083, 35.99652], [-90.368724, 35.995819], [-90.339349, 36.047119], [-90.294498, 36.112956], [-90.235591, 36.139481], [-90.220431, 36.184771], [-90.189108, 36.199005], [-90.155934, 36.214081], [-90.114928, 36.265602], [-90.063986, 36.303045], [-90.063532, 36.356918], [-90.066142, 36.386279], [-90.131044, 36.415076], [-90.141405, 36.459881], [-90.153877, 36.495351], [-90.220755, 36.495944], [-90.494581, 36.498375], [-90.576185, 36.498413], [-90.765678, 36.498501], [-90.784035, 36.498469], [-91.01798, 36.498069], [-91.126544, 36.497804], [-91.404921, 36.497127], [-91.406878, 36.497145], [-91.450029, 36.497547], [-91.642596, 36.499342], [-91.67234, 36.499263], [-91.985809, 36.498438], [-92.120399, 36.4982], [-92.150313, 36.498147], [-92.350284, 36.497794], [-92.529143, 36.498172], [-92.564245, 36.498247], [-92.772341, 36.49809], [-92.838883, 36.49804], [-92.854015, 36.49803], [-93.125976, 36.497858], [-93.293074, 36.498265], [-93.31533, 36.498319], [-93.426996, 36.498592], [-93.584269, 36.498908], [-93.700178, 36.499142], [-93.866696, 36.498873], [-93.959197, 36.498724], [-94.077095, 36.498983], [-94.36121, 36.499607], [-94.617926, 36.499421]]]}, "properties": {"OBJECTID": 28, "NAME": "Arkansas", "ABBR": "AR", "Shape_Length": 17.655034817248175, "Shape_Area": 13.59140436229384}}, {"type": "Feature", "id": 29, "geometry": {"type": "Polygon", "coordinates": [[[-91.621364, 31.267817], [-91.644362, 31.23442], [-91.590057, 31.193699], [-91.591, 31.192004], [-91.621677, 31.136876], [-91.594699, 31.09145], [-91.560371, 31.049514], [-91.628263, 31.005103], [-91.636948, 30.999422], [-91.224074, 30.999189], [-91.176146, 30.99923], [-91.060133, 30.99933], [-90.825835, 30.999531], [-90.758781, 30.999589], [-90.567201, 30.999951], [-90.54758, 30.999988], [-90.34731, 31.000366], [-90.346013, 31.000369], [-90.259561, 31.000667], [-89.897522, 31.001919], [-89.835913, 31.002107], [-89.728153, 31.002437], [-89.728181, 31.00232], [-89.750079, 30.912936], [-89.791751, 30.820393], [-89.836337, 30.727203], [-89.826186, 30.668829], [-89.821874, 30.64403], [-89.79167, 30.55153], [-89.712499, 30.477516], [-89.699938, 30.454042], [-89.67852, 30.414018], [-89.634214, 30.308262], [-89.60766, 30.217101], [-89.524509, 30.180758], [-89.475829, 30.191566], [-89.44747, 30.205103], [-89.424629, 30.245396], [-89.344751, 30.293202], [-89.307029, 30.304], [-89.294449, 30.307602], [-89.186845, 30.331203], [-89.083242, 30.368103], [-88.971238, 30.390804], [-88.893935, 30.393404], [-88.818767, 30.360596], [-88.800349, 30.35727], [-88.74695, 30.347628], [-88.700592, 30.343695], [-88.663825, 30.362105], [-88.613011, 30.35397], [-88.581934, 30.331069], [-88.522499, 30.340098], [-88.47188, 30.320026], [-88.4465, 30.347759], [-88.409932, 30.342121], [-88.395028, 30.369431], [-88.403936, 30.543365], [-88.412275, 30.731777], [-88.412473, 30.735603], [-88.426026, 30.998287], [-88.432012, 31.114304], [-88.448665, 31.421283], [-88.449451, 31.435843], [-88.459483, 31.621658], [-88.463631, 31.697948], [-88.468674, 31.790728], [-88.468668, 31.893862], [-88.468665, 31.933179], [-88.431151, 32.227642], [-88.428283, 32.250149], [-88.421317, 32.308685], [-88.389254, 32.578128], [-88.373343, 32.711831], [-88.347496, 32.929041], [-88.34009, 32.99127], [-88.31714, 33.184129], [-88.304448, 33.288326], [-88.274522, 33.534008], [-88.25445, 33.698785], [-88.248393, 33.744914], [-88.207234, 34.058339], [-88.203589, 34.086534], [-88.173267, 34.321046], [-88.154907, 34.463041], [-88.139565, 34.581703], [-88.134268, 34.622666], [-88.097893, 34.892209], [-88.154622, 34.922399], [-88.200069, 34.995641], [-88.258116, 34.99547], [-88.363536, 34.995753], [-88.380498, 34.995799], [-88.469882, 34.99604], [-88.786618, 34.995259], [-88.823056, 34.995214], [-89.017133, 34.994974], [-89.026546, 34.994963], [-89.198294, 34.994457], [-89.352685, 34.994003], [-89.43496, 34.99376], [-89.644058, 34.994073], [-89.706613, 34.994167], [-89.724322, 34.994193], [-89.795193, 34.994299], [-90.309303, 34.9957], [-90.244482, 34.937602], [-90.250101, 34.907326], [-90.311453, 34.872845], [-90.313482, 34.871704], [-90.401639, 34.835311], [-90.407988, 34.835272], [-90.463801, 34.834929], [-90.473533, 34.788841], [-90.5055, 34.764574], [-90.546059, 34.702082], [-90.550164, 34.663451], [-90.574861, 34.63166], [-90.58723, 34.615738], [-90.54925, 34.568107], [-90.569353, 34.524873], [-90.569467, 34.524351], [-90.583723, 34.458835], [-90.575342, 34.415158], [-90.641404, 34.383875], [-90.66041, 34.335766], [-90.729137, 34.364212], [-90.76518, 34.342824], [-90.752687, 34.289272], [-90.812835, 34.279444], [-90.839987, 34.23612], [-90.894566, 34.224386], [-90.882707, 34.18437], [-90.894391, 34.160959], [-90.93807, 34.14876], [-90.944087, 34.120072], [-90.944851, 34.116428], [-90.946329, 34.10938], [-90.901136, 34.094673], [-90.874547, 34.072047], [-90.892426, 34.026866], [-90.942668, 34.018056], [-90.979951, 34.000112], [-91.004987, 33.977017], [-91.048373, 33.985084], [-91.088702, 33.96134], [-91.035967, 33.943764], [-91.026388, 33.907986], [-91.061253, 33.877511], [-91.052825, 33.824187], [-91.025179, 33.805959], [-91.026788, 33.763648], [-91.085516, 33.776416], [-91.1115, 33.774574], [-91.143293, 33.747147], [-91.075395, 33.714409], [-91.100986, 33.660557], [-91.178317, 33.651115], [-91.130908, 33.610925], [-91.188948, 33.576231], [-91.206422, 33.545635], [-91.215677, 33.529429], [-91.215668, 33.529416], [-91.189381, 33.493011], [-91.171805, 33.462348], [-91.147669, 33.427178], [-91.11377, 33.39313], [-91.142225, 33.348995], [-91.125545, 33.280261], [-91.086143, 33.273658], [-91.068714, 33.232942], [-91.084372, 33.180862], [-91.104323, 33.131604], [-91.153021, 33.135099], [-91.180842, 33.09837], [-91.120385, 33.054536], [-91.159612, 33.011248], [-91.166079, 33.004112], [-91.13442, 32.980539], [-91.072081, 32.937838], [-91.070608, 32.888665], [-91.137896, 32.848981], [-91.161675, 32.812471], [-91.15762, 32.776039], [-91.113658, 32.739976], [-91.057005, 32.725586], [-91.098768, 32.685297], [-91.079512, 32.600686], [-91.055415, 32.579094], [-91.049318, 32.57363], [-91.048766, 32.572803], [-91.011281, 32.516602], [-91.060522, 32.512367], [-91.052913, 32.438448], [-90.965992, 32.424812], [-90.986678, 32.351766], [-90.921176, 32.342079], [-90.94784, 32.283492], [-90.991233, 32.214668], [-91.108515, 32.208156], [-91.039478, 32.107974], [-91.034713, 32.101059], [-91.079114, 32.050261], [-91.080814, 32.023462], [-91.117415, 31.987063], [-91.177416, 31.973263], [-91.181116, 31.920065], [-91.234905, 31.876869], [-91.244021, 31.869738], [-91.290141, 31.833664], [-91.34572, 31.842867], [-91.35952, 31.799368], [-91.320465, 31.747806], [-91.318582, 31.745321], [-91.380131, 31.732633], [-91.380921, 31.73247], [-91.395721, 31.644171], [-91.463823, 31.620371], [-91.457523, 31.587572], [-91.437622, 31.546172], [-91.489624, 31.534272], [-91.517146, 31.4984], [-91.510362, 31.438934], [-91.532342, 31.390281], [-91.536067, 31.338361], [-91.508864, 31.29165], [-91.564198, 31.261639], [-91.621364, 31.267817]]]}, "properties": {"OBJECTID": 29, "NAME": "Mississippi", "ABBR": "MI", "Shape_Length": 17.349495271861677, "Shape_Area": 11.86693081304818}}, {"type": "Feature", "id": 30, "geometry": {"type": "Polygon", "coordinates": [[[-109.059973, 38.499993], [-109.060073, 38.275495], [-109.041773, 38.164696], [-109.041807, 38.153038], [-109.042615, 37.881091], [-109.043791, 37.484825], [-109.045234, 36.99909], [-108.62032, 36.999293], [-108.379314, 36.999571], [-108.000633, 37.000007], [-107.481747, 37.00001], [-107.420923, 37.000011], [-106.877302, 37.000145], [-106.869806, 36.992432], [-106.476244, 36.99378], [-106.343149, 36.994236], [-106.006326, 36.995393], [-105.997482, 36.995423], [-105.71848, 36.995852], [-105.716481, 36.995855], [-105.533932, 36.995881], [-105.41932, 36.995862], [-105.251306, 36.995611], [-105.220515, 36.995569], [-105.155053, 36.99548], [-105.12081, 36.995434], [-104.732041, 36.993453], [-104.338843, 36.993541], [-104.007859, 36.99599], [-103.733257, 36.998022], [-103.08611, 36.999871], [-103.002208, 37.00011], [-102.841998, 36.999604], [-102.698151, 36.995155], [-102.355297, 36.994512], [-102.042249, 36.993089], [-102.041929, 37.035089], [-102.041992, 37.106557], [-102.041972, 37.25817], [-102.041948, 37.389196], [-102.0419, 37.644284], [-102.041885, 37.723881], [-102.041975, 37.738547], [-102.044264, 38.113017], [-102.044644, 38.262418], [-102.04466, 38.268756], [-102.044953, 38.384425], [-102.04552, 38.615171], [-102.045722, 38.697572], [-102.04658, 39.047045], [-102.04721, 39.133153], [-102.048969, 39.373719], [-102.049971, 39.568186], [-102.050002, 39.574063], [-102.051263, 39.818999], [-102.051753, 40.003085], [-102.051318, 40.338388], [-102.051318, 40.349228], [-102.051314, 40.440015], [-102.051304, 40.697554], [-102.051302, 40.749598], [-102.051624, 41.002384], [-102.051727, 41.002384], [-102.556799, 41.002226], [-102.621043, 41.00223], [-102.653474, 41.002232], [-103.076546, 41.00226], [-103.382502, 41.001933], [-103.573784, 41.001728], [-103.574532, 41.001728], [-104.053259, 41.001413], [-104.497068, 41.001812], [-104.855283, 40.998055], [-104.943381, 40.998081], [-105.27687, 40.998179], [-105.277148, 40.99818], [-106.190565, 40.997753], [-106.217584, 40.99774], [-106.32118, 40.998222], [-106.860389, 41.000725], [-107.317807, 41.002849], [-107.367454, 41.003079], [-107.918429, 41.001233], [-108.25066, 41.00012], [-109.050087, 41.000665], [-109.048466, 40.826087], [-109.048271, 40.662608], [-109.04826, 40.653607], [-109.050743, 40.222661], [-109.050984, 40.180855], [-109.050626, 39.874976], [-109.050883, 39.660478], [-109.051078, 39.497745], [-109.051235, 39.366684], [-109.051523, 39.126101], [-109.059972, 38.500032], [-109.059973, 38.499993]]]}, "properties": {"OBJECTID": 30, "NAME": "Colorado", "ABBR": "CO", "Shape_Length": 22.017322407138515, "Shape_Area": 28.03651537119824}}, {"type": "Feature", "id": 31, "geometry": {"type": "Polygon", "coordinates": [[[-84.286603, 35.205765], [-84.321873, 34.988415], [-84.129451, 34.987954], [-84.005341, 34.987656], [-83.93665, 34.987492], [-83.936431, 34.987491], [-83.619989, 34.986599], [-83.549185, 34.98881], [-83.482877, 34.990881], [-83.322772, 34.995881], [-83.10861, 35.000666], [-83.108404, 35.00072], [-83.008414, 35.026942], [-82.897563, 35.056012], [-82.897503, 35.056028], [-82.783287, 35.085607], [-82.761801, 35.081835], [-82.746435, 35.079138], [-82.686044, 35.124552], [-82.577719, 35.146482], [-82.532564, 35.155624], [-82.455613, 35.177432], [-82.411305, 35.20249], [-82.353179, 35.198721], [-82.295358, 35.194972], [-82.216, 35.19326], [-82.105855, 35.190884], [-82.039655, 35.189456], [-81.969362, 35.186934], [-81.874414, 35.183527], [-81.768138, 35.179715], [-81.494268, 35.169889], [-81.367608, 35.164099], [-81.328094, 35.162293], [-81.042873, 35.149255], [-81.042306, 35.146776], [-81.036762, 35.122559], [-81.058032, 35.073197], [-81.041492, 35.04471], [-80.934953, 35.107416], [-80.906243, 35.075191], [-80.840552, 35.001458], [-80.782045, 34.935789], [-80.797, 34.823881], [-80.561712, 34.817489], [-80.56166, 34.817488], [-80.320836, 34.813628], [-80.077226, 34.809723], [-79.927401, 34.807869], [-79.924687, 34.807836], [-79.692949, 34.804969], [-79.675302, 34.804751], [-79.461794, 34.630037], [-79.45028, 34.620616], [-79.35832, 34.545365], [-79.071257, 34.29932], [-79.071246, 34.299311], [-79.071172, 34.299247], [-78.811713, 34.081013], [-78.650874, 33.945062], [-78.615935, 33.91553], [-78.541089, 33.851119], [-78.383966, 33.901953], [-78.276149, 33.912371], [-78.136954, 33.912185], [-78.018691, 33.888296], [-78.006767, 33.858711], [-77.960174, 33.853322], [-77.934829, 33.920555], [-77.915538, 33.97173], [-77.885457, 34.038248], [-77.829211, 34.162625], [-77.764024, 34.245648], [-77.713515, 34.290254], [-77.635036, 34.359562], [-77.515219, 34.437392], [-77.462924, 34.471361], [-77.322526, 34.535581], [-77.240993, 34.587514], [-77.136845, 34.632933], [-77.112966, 34.6381], [-76.906259, 34.682827], [-76.726971, 34.696697], [-76.618721, 34.672557], [-76.553808, 34.628259], [-76.535948, 34.588584], [-76.450456, 34.714457], [-76.386806, 34.784586], [-76.310212, 34.852316], [-76.23309, 34.905484], [-76.137271, 34.987865], [-76.013147, 35.061862], [-75.912987, 35.119607], [-75.757918, 35.183086], [-75.749563, 35.185623], [-75.635495, 35.220267], [-75.533629, 35.225832], [-75.486773, 35.391659], [-75.458661, 35.596604], [-75.496088, 35.728522], [-75.519012, 35.769094], [-75.569796, 35.863308], [-75.658539, 36.020437], [-75.718312, 36.113681], [-75.770653, 36.232088], [-75.796412, 36.290358], [-75.838439, 36.434904], [-75.867046, 36.550761], [-76.026752, 36.55056], [-76.122352, 36.55056], [-76.313217, 36.550558], [-76.313305, 36.550558], [-76.491485, 36.55074], [-76.541968, 36.550792], [-76.738331, 36.550992], [-76.915734, 36.546097], [-76.91604, 36.546089], [-76.91732, 36.546053], [-77.071621, 36.54612], [-77.164325, 36.54616], [-77.190177, 36.546171], [-77.298772, 36.546046], [-77.749708, 36.545527], [-77.767106, 36.54545], [-77.899777, 36.544858], [-78.046211, 36.544205], [-78.132913, 36.543818], [-78.323721, 36.542429], [-78.45728, 36.541456], [-78.509968, 36.541072], [-78.734125, 36.541616], [-78.796277, 36.541767], [-78.942012, 36.54212], [-79.138339, 36.541645], [-79.187317, 36.541527], [-79.218458, 36.541452], [-79.343119, 36.54115], [-79.47006, 36.540843], [-79.51065, 36.540745], [-79.513651, 36.540755], [-79.714854, 36.54144], [-80.027272, 36.542502], [-80.027342, 36.542503], [-80.053458, 36.542647], [-80.295246, 36.54398], [-80.431608, 36.550226], [-80.440346, 36.550613], [-80.612192, 36.558223], [-80.704834, 36.562326], [-80.840216, 36.561936], [-80.901664, 36.561758], [-80.901729, 36.561758], [-81.061869, 36.567027], [-81.176715, 36.571933], [-81.353225, 36.576245], [-81.499835, 36.579827], [-81.677539, 36.588124], [-81.699966, 36.536836], [-81.695315, 36.467919], [-81.734316, 36.413349], [-81.725376, 36.389746], [-81.70597, 36.338503], [-81.768981, 36.341049], [-81.833206, 36.347346], [-81.908141, 36.30202], [-81.918448, 36.287365], [-81.934373, 36.264723], [-81.960105, 36.228138], [-82.028744, 36.124329], [-82.080147, 36.105727], [-82.081153, 36.105699], [-82.12715, 36.104424], [-82.140851, 36.136223], [-82.211255, 36.159019], [-82.220257, 36.153827], [-82.265694, 36.127621], [-82.297659, 36.133517], [-82.346861, 36.115216], [-82.409462, 36.083416], [-82.416941, 36.072977], [-82.464562, 36.006515], [-82.508011, 35.98202], [-82.557878, 35.953908], [-82.610889, 35.974449], [-82.595529, 36.026019], [-82.605707, 36.037206], [-82.628369, 36.062112], [-82.725069, 36.018211], [-82.779401, 35.992518], [-82.787469, 35.95217], [-82.816134, 35.923993], [-82.860728, 35.947437], [-82.893755, 35.933864], [-82.910612, 35.926937], [-82.899722, 35.874609], [-82.937441, 35.827327], [-82.966654, 35.795453], [-82.978418, 35.782617], [-83.048534, 35.787713], [-83.097197, 35.776074], [-83.161541, 35.76337], [-83.198271, 35.725501], [-83.255355, 35.716237], [-83.256146, 35.715131], [-83.264748, 35.703096], [-83.297158, 35.657757], [-83.347266, 35.660481], [-83.42158, 35.611193], [-83.452435, 35.602925], [-83.498339, 35.562988], [-83.587831, 35.56697], [-83.653163, 35.568316], [-83.662916, 35.567807], [-83.77174, 35.562125], [-83.848506, 35.519266], [-83.916805, 35.473619], [-83.953236, 35.460028], [-83.958922, 35.457906], [-83.973175, 35.452589], [-84.021786, 35.407425], [-84.00759, 35.371668], [-84.038085, 35.34837], [-84.023514, 35.29579], [-84.029109, 35.292131], [-84.097512, 35.247389], [-84.17852, 35.240686], [-84.223722, 35.269085], [-84.283224, 35.226584], [-84.286603, 35.205765]]]}, "properties": {"OBJECTID": 31, "NAME": "North Carolina", "ABBR": "NC", "Shape_Length": 21.268767565574436, "Shape_Area": 13.567503175776144}}, {"type": "Feature", "id": 32, "geometry": {"type": "Polygon", "coordinates": [[[-114.052484, 37.604782], [-114.052713, 37.49202], [-114.051986, 37.284516], [-114.051761, 37.088439], [-114.050612, 37.000401], [-113.965919, 37.00003], [-112.966483, 37.000225], [-112.899202, 37.000307], [-112.829513, 37.000392], [-112.545105, 37.00074], [-112.538582, 37.00075], [-112.357701, 37.001031], [-111.413025, 37.001483], [-111.40588, 37.001487], [-111.278297, 37.000471], [-111.250773, 37.000721], [-111.066507, 37.002395], [-110.750701, 37.003203], [-110.470201, 36.998003], [-110.000688, 36.997974], [-109.495349, 36.999111], [-109.045234, 36.99909], [-109.043791, 37.484825], [-109.042615, 37.881091], [-109.041807, 38.153038], [-109.041773, 38.164696], [-109.060073, 38.275495], [-109.059973, 38.499993], [-109.059972, 38.500032], [-109.051523, 39.126101], [-109.051235, 39.366684], [-109.051078, 39.497745], [-109.050883, 39.660478], [-109.050626, 39.874976], [-109.050984, 40.180855], [-109.050743, 40.222661], [-109.04826, 40.653607], [-109.048271, 40.662608], [-109.048466, 40.826087], [-109.050087, 41.000665], [-109.250746, 41.001015], [-109.71542, 40.998197], [-110.000728, 40.997432], [-110.048494, 40.997304], [-110.12165, 40.997107], [-110.53983, 40.996352], [-110.872068, 40.997409], [-111.046735, 40.997965], [-111.046649, 41.251633], [-111.046612, 41.360698], [-111.045801, 41.565577], [-111.04583, 41.579851], [-111.046701, 42.001573], [-111.374141, 42.000899], [-111.471393, 41.999745], [-111.507818, 41.999692], [-111.507825, 41.999692], [-111.75079, 41.999336], [-112.109455, 41.997605], [-112.109544, 41.997604], [-112.159189, 41.998688], [-112.264948, 42.000997], [-112.648031, 42.000313], [-113.000052, 41.998234], [-113.000833, 41.998229], [-113.249171, 41.996209], [-113.49656, 41.993311], [-113.817976, 41.988586], [-114.041735, 41.993726], [-114.039913, 41.753787], [-114.040243, 41.491696], [-114.041459, 41.207758], [-114.042157, 40.999932], [-114.042157, 40.999902], [-114.043517, 40.726298], [-114.045589, 40.495807], [-114.04619, 40.398319], [-114.046385, 40.116942], [-114.046398, 40.097902], [-114.04728, 39.906104], [-114.047795, 39.794166], [-114.047193, 39.542749], [-114.047091, 39.499949], [-114.049116, 39.005515], [-114.048066, 38.878699], [-114.049449, 38.677368], [-114.050166, 38.572981], [-114.050166, 38.572926], [-114.050132, 38.404542], [-114.05015, 38.249966], [-114.049915, 38.148769], [-114.049915, 38.148607], [-114.04967, 37.881374], [-114.05174, 37.746003], [-114.052484, 37.604782]]]}, "properties": {"OBJECTID": 32, "NAME": "Utah", "ABBR": "UT", "Shape_Length": 19.997472746119133, "Shape_Area": 22.977374795988222}}, {"type": "Feature", "id": 33, "geometry": {"type": "Polygon", "coordinates": [[[-103.002527, 36.675192], [-103.002197, 36.602722], [-103.002443, 36.500403], [-102.162472, 36.500332], [-102.032348, 36.500072], [-101.826574, 36.49966], [-101.623924, 36.499534], [-101.085165, 36.49925], [-100.954161, 36.499536], [-100.884183, 36.499688], [-100.592623, 36.499475], [-100.546154, 36.499511], [-100.311027, 36.499694], [-100.003771, 36.499708], [-100.000415, 36.499708], [-100.000408, 36.055683], [-100.000405, 35.881239], [-100.000401, 35.619121], [-100.000397, 35.42237], [-100.000393, 35.182708], [-100.000392, 35.029936], [-100.000391, 34.746366], [-100.000389, 34.560515], [-99.997638, 34.561143], [-99.929342, 34.57672], [-99.842072, 34.506939], [-99.818194, 34.487846], [-99.76489, 34.435272], [-99.69647, 34.381042], [-99.600034, 34.374694], [-99.584488, 34.407679], [-99.47503, 34.396877], [-99.470977, 34.396477], [-99.42044, 34.38047], [-99.394964, 34.442105], [-99.350415, 34.437089], [-99.275348, 34.386605], [-99.221616, 34.325379], [-99.211608, 34.313976], [-99.189519, 34.214318], [-99.131561, 34.209358], [-99.058808, 34.201262], [-99.002924, 34.208788], [-98.952333, 34.204676], [-98.940228, 34.203692], [-98.872237, 34.160452], [-98.806818, 34.155907], [-98.73724, 34.130998], [-98.69008, 34.133161], [-98.648081, 34.164447], [-98.610208, 34.156183], [-98.577144, 34.148968], [-98.528208, 34.094967], [-98.475074, 34.064275], [-98.423541, 34.081955], [-98.414434, 34.08508], [-98.398449, 34.128462], [-98.364031, 34.157115], [-98.318758, 34.146427], [-98.22529, 34.127251], [-98.169128, 34.114177], [-98.138494, 34.141212], [-98.123385, 34.154546], [-98.099336, 34.104301], [-98.099104, 34.048645], [-98.082847, 34.002418], [-98.005675, 33.99597], [-97.94758, 33.991059], [-97.953703, 33.924379], [-97.951914, 33.891232], [-97.951223, 33.87843], [-97.865773, 33.849399], [-97.803481, 33.880196], [-97.759842, 33.925216], [-97.67178, 33.991376], [-97.609099, 33.968099], [-97.596163, 33.922112], [-97.561251, 33.899067], [-97.558278, 33.897105], [-97.486513, 33.917], [-97.484151, 33.913895], [-97.451477, 33.870936], [-97.444201, 33.823779], [-97.372949, 33.81946], [-97.318251, 33.865127], [-97.246188, 33.90035], [-97.206149, 33.914286], [-97.166637, 33.847317], [-97.20566, 33.80983], [-97.149402, 33.721973], [-97.09108, 33.735121], [-97.08786, 33.774105], [-97.078598, 33.812762], [-97.055846, 33.855747], [-96.985575, 33.886528], [-96.988753, 33.918474], [-96.952321, 33.944588], [-96.944625, 33.945019], [-96.934351, 33.945595], [-96.905261, 33.947225], [-96.897202, 33.90296], [-96.850601, 33.847217], [-96.794284, 33.868892], [-96.776774, 33.841982], [-96.71243, 33.831639], [-96.682111, 33.876651], [-96.659904, 33.916672], [-96.594682, 33.883025], [-96.59012, 33.880671], [-96.592934, 33.830922], [-96.572945, 33.819104], [-96.523871, 33.81812], [-96.502294, 33.773466], [-96.436462, 33.780056], [-96.403514, 33.746295], [-96.379668, 33.715537], [-96.363142, 33.694221], [-96.307396, 33.735011], [-96.277276, 33.769741], [-96.22903, 33.748027], [-96.173032, 33.800566], [-96.151637, 33.831952], [-96.063931, 33.841529], [-95.935332, 33.875105], [-95.887498, 33.863862], [-95.844886, 33.860428], [-95.820603, 33.858471], [-95.789647, 33.872443], [-95.737515, 33.895973], [-95.669985, 33.90585], [-95.603664, 33.927201], [-95.556922, 33.927026], [-95.525329, 33.885493], [-95.447377, 33.868856], [-95.352345, 33.867795], [-95.310457, 33.873849], [-95.283452, 33.877752], [-95.25363, 33.929716], [-95.2264, 33.96196], [-95.155915, 33.938488], [-95.149469, 33.936342], [-95.095009, 33.904822], [-95.046575, 33.862571], [-94.981657, 33.85229], [-94.939567, 33.810509], [-94.902283, 33.776295], [-94.841641, 33.739437], [-94.766153, 33.748037], [-94.73194, 33.720837], [-94.714872, 33.707267], [-94.630593, 33.673407], [-94.572879, 33.669892], [-94.528935, 33.621846], [-94.485882, 33.637873], [-94.481849, 33.789014], [-94.477276, 33.940836], [-94.474902, 34.019661], [-94.470151, 34.190184], [-94.465432, 34.359554], [-94.461176, 34.507463], [-94.457507, 34.634951], [-94.454403, 34.72895], [-94.449065, 34.890562], [-94.447513, 34.934079], [-94.436364, 35.246712], [-94.435323, 35.275899], [-94.431522, 35.369597], [-94.43408, 35.387481], [-94.434816, 35.392631], [-94.449703, 35.496725], [-94.473127, 35.638554], [-94.49306, 35.759253], [-94.494556, 35.768309], [-94.532078, 35.987858], [-94.551896, 36.10213], [-94.562275, 36.161979], [-94.586207, 36.299975], [-94.617926, 36.499421], [-94.617822, 36.612611], [-94.617999, 36.667928], [-94.618314, 36.766567], [-94.617971, 36.998912], [-94.712777, 36.998801], [-94.9953, 36.999536], [-95.007627, 36.999529], [-95.073511, 36.999495], [-95.322572, 36.999365], [-95.40774, 36.999348], [-95.522422, 36.999326], [-95.573606, 36.999317], [-95.786769, 36.999277], [-95.92813, 36.999252], [-95.964279, 36.99923], [-96.000818, 36.999208], [-96.217579, 36.999077], [-96.500296, 36.99865], [-96.52559, 36.998684], [-96.749846, 36.998995], [-97.10066, 36.999004], [-97.147729, 36.998979], [-97.384933, 36.998849], [-97.462354, 36.998831], [-97.768712, 36.998756], [-97.802321, 36.998705], [-98.04535, 36.998333], [-98.111993, 36.998254], [-98.347157, 36.997976], [-98.354081, 36.997967], [-98.54467, 36.998531], [-98.791944, 36.999261], [-99.000309, 36.999364], [-99.129457, 36.999428], [-99.407023, 36.999585], [-99.456211, 36.999707], [-99.541123, 36.999916], [-99.657667, 37.000203], [-99.99521, 37.001637], [-100.00258, 37.001625], [-100.08949, 37.001486], [-100.552692, 37.000741], [-100.633334, 37.00018], [-100.855643, 36.998632], [-100.945476, 36.998253], [-101.066459, 36.997742], [-101.211495, 36.99713], [-101.485335, 36.995617], [-101.555268, 36.995297], [-101.902449, 36.993708], [-102.028213, 36.993151], [-102.042249, 36.993089], [-102.355297, 36.994512], [-102.698151, 36.995155], [-102.841998, 36.999604], [-103.002208, 37.00011], [-103.001973, 36.909579], [-103.002527, 36.675192]]]}, "properties": {"OBJECTID": 33, "NAME": "Oklahoma", "ABBR": "OK", "Shape_Length": 24.400304710223736, "Shape_Area": 17.996637269365007}}, {"type": "Feature", "id": 34, "geometry": {"type": "Polygon", "coordinates": [[[-111.0569, 44.866665], [-111.055523, 44.72535], [-111.055345, 44.666269], [-111.05522, 44.624934], [-111.048986, 44.474079], [-111.04916, 44.374931], [-111.048464, 44.114837], [-111.047231, 43.983438], [-111.046527, 43.908382], [-111.046122, 43.687854], [-111.045373, 43.501058], [-111.044629, 43.315726], [-111.044155, 43.07237], [-111.044065, 43.019413], [-111.043971, 42.964456], [-111.043576, 42.72263], [-111.045542, 42.513919], [-111.047092, 42.349426], [-111.046701, 42.001573], [-111.04583, 41.579851], [-111.045801, 41.565577], [-111.046612, 41.360698], [-111.046649, 41.251633], [-111.046735, 40.997965], [-110.872068, 40.997409], [-110.53983, 40.996352], [-110.12165, 40.997107], [-110.048494, 40.997304], [-110.000728, 40.997432], [-109.71542, 40.998197], [-109.250746, 41.001015], [-109.050087, 41.000665], [-108.25066, 41.00012], [-107.918429, 41.001233], [-107.367454, 41.003079], [-107.317807, 41.002849], [-106.860389, 41.000725], [-106.32118, 40.998222], [-106.217584, 40.99774], [-106.190565, 40.997753], [-105.277148, 40.99818], [-105.27687, 40.998179], [-104.943381, 40.998081], [-104.855283, 40.998055], [-104.497068, 41.001812], [-104.053259, 41.001413], [-104.053152, 41.114464], [-104.052463, 41.278209], [-104.052297, 41.393221], [-104.052297, 41.393314], [-104.052645, 41.564283], [-104.052745, 41.613683], [-104.052835, 41.69783], [-104.053036, 41.885471], [-104.052772, 42.001737], [-104.052739, 42.016325], [-104.052803, 42.249969], [-104.053117, 42.499971], [-104.052672, 42.611773], [-104.052596, 42.630924], [-104.053137, 43.000592], [-104.053886, 43.289808], [-104.054695, 43.477823], [-104.054805, 43.503335], [-104.055042, 43.55861], [-104.055498, 43.853484], [-104.055427, 44.141088], [-104.055417, 44.18039], [-104.0554, 44.24999], [-104.055706, 44.570997], [-104.055821, 44.69135], [-104.057709, 44.997438], [-105.025277, 45.000297], [-105.038263, 45.000299], [-105.076612, 45.000304], [-105.848076, 45.000403], [-106.024891, 44.997591], [-106.263597, 44.993795], [-106.263726, 44.993795], [-106.888784, 44.995892], [-107.351452, 45.001414], [-107.911534, 45.001551], [-107.997365, 45.001572], [-108.248537, 45.000637], [-108.500691, 44.999698], [-108.621505, 44.999683], [-109.062274, 44.99963], [-109.103457, 45.005911], [-109.574333, 45.002638], [-109.798496, 45.002927], [-109.995062, 45.003181], [-110.324453, 44.999163], [-110.705284, 44.992331], [-110.78502, 45.002959], [-111.044287, 45.001352], [-111.044331, 45.000887], [-111.0569, 44.866665]]]}, "properties": {"OBJECTID": 34, "NAME": "Wyoming", "ABBR": "WY", "Shape_Length": 21.981666818716675, "Shape_Area": 27.973602257081826}}, {"type": "Feature", "id": 35, "geometry": {"type": "Polygon", "coordinates": [[[-82.598868, 38.201014], [-82.626186, 38.134842], [-82.549411, 38.06307], [-82.464991, 37.976866], [-82.479424, 37.93857], [-82.48756, 37.916982], [-82.418694, 37.872382], [-82.398469, 37.843062], [-82.369977, 37.801756], [-82.32736, 37.76224], [-82.320679, 37.745973], [-82.296122, 37.686181], [-82.226115, 37.653099], [-82.141559, 37.595173], [-82.064422, 37.544523], [-81.968301, 37.537805], [-81.932283, 37.511968], [-81.984895, 37.454322], [-81.936954, 37.419927], [-81.933605, 37.389224], [-81.896005, 37.331974], [-81.849953, 37.285234], [-81.774751, 37.274854], [-81.744007, 37.242535], [-81.739059, 37.239504], [-81.678607, 37.202474], [-81.560629, 37.20667], [-81.533074, 37.223421], [-81.483563, 37.250611], [-81.42795, 37.271022], [-81.36216, 37.337694], [-81.225107, 37.234881], [-81.112599, 37.278504], [-80.996016, 37.299552], [-80.980849, 37.30086], [-80.919262, 37.30617], [-80.835482, 37.334831], [-80.883251, 37.38394], [-80.865151, 37.419934], [-80.858151, 37.421014], [-80.857362, 37.421136], [-80.836449, 37.424362], [-80.770085, 37.37237], [-80.664974, 37.414222], [-80.544839, 37.474702], [-80.469572, 37.429033], [-80.464823, 37.426151], [-80.399883, 37.462321], [-80.291647, 37.536512], [-80.282443, 37.585488], [-80.223389, 37.623192], [-80.224306, 37.623999], [-80.292261, 37.683739], [-80.290037, 37.686144], [-80.258146, 37.720619], [-80.218619, 37.783298], [-80.199636, 37.827514], [-80.131934, 37.889507], [-80.055815, 37.951886], [-80.036239, 37.967927], [-79.971234, 38.044333], [-79.961985, 38.063615], [-79.938955, 38.111627], [-79.916177, 38.184394], [-79.850327, 38.233337], [-79.797017, 38.267276], [-79.787545, 38.273306], [-79.804096, 38.31393], [-79.734603, 38.356736], [-79.689678, 38.431447], [-79.691091, 38.463752], [-79.669131, 38.510891], [-79.649078, 38.591523], [-79.542573, 38.553225], [-79.476641, 38.457236], [-79.370305, 38.427252], [-79.311299, 38.418462], [-79.297761, 38.416446], [-79.231623, 38.474049], [-79.228426, 38.479749], [-79.201462, 38.527829], [-79.15436, 38.606526], [-79.092958, 38.659525], [-79.088058, 38.690123], [-79.057256, 38.761421], [-79.023056, 38.798621], [-78.999017, 38.840082], [-78.869279, 38.762999], [-78.82117, 38.83099], [-78.772796, 38.89375], [-78.68162, 38.925848], [-78.620456, 38.982609], [-78.561714, 39.009015], [-78.532269, 39.052772], [-78.508135, 39.088638], [-78.413946, 39.158423], [-78.4287, 39.187225], [-78.404983, 39.238014], [-78.401816, 39.276762], [-78.340483, 39.3535], [-78.337136, 39.409177], [-78.34709, 39.46602], [-78.229132, 39.390672], [-78.187373, 39.363997], [-78.033188, 39.264633], [-78.033186, 39.264632], [-78.032844, 39.264411], [-77.828304, 39.13243], [-77.82816, 39.132337], [-77.809128, 39.168575], [-77.778071, 39.229313], [-77.719522, 39.321322], [-77.745933, 39.353229], [-77.740015, 39.401702], [-77.798204, 39.475727], [-77.810946, 39.500747], [-77.823765, 39.525915], [-77.829817, 39.587296], [-77.925991, 39.60765], [-78.006737, 39.601345], [-78.027632, 39.620664], [-78.082263, 39.671174], [-78.225078, 39.658886], [-78.313036, 39.631009], [-78.332791, 39.628535], [-78.382962, 39.622254], [-78.438182, 39.563532], [-78.460954, 39.525995], [-78.468272, 39.526232], [-78.590657, 39.5302], [-78.655039, 39.54439], [-78.707101, 39.555865], [-78.739053, 39.609705], [-78.771143, 39.638395], [-78.851019, 39.554052], [-78.942621, 39.479622], [-78.956754, 39.440272], [-79.035626, 39.473352], [-79.06745, 39.472817], [-79.091332, 39.472415], [-79.1665, 39.400896], [-79.262395, 39.326252], [-79.283726, 39.309648], [-79.353753, 39.278047], [-79.424416, 39.228179], [-79.486876, 39.205969], [-79.484375, 39.344308], [-79.482369, 39.531697], [-79.476665, 39.721086], [-79.763777, 39.720784], [-79.916021, 39.721064], [-80.07595, 39.721358], [-80.421391, 39.721197], [-80.519345, 39.721411], [-80.519164, 39.962208], [-80.519123, 40.016418], [-80.519088, 40.15968], [-80.519042, 40.342109], [-80.519033, 40.399649], [-80.519021, 40.477371], [-80.518994, 40.638809], [-80.583637, 40.615528], [-80.627175, 40.619944], [-80.667961, 40.582504], [-80.622199, 40.520505], [-80.604899, 40.446675], [-80.627366, 40.395179], [-80.6316, 40.385476], [-80.606599, 40.303877], [-80.644602, 40.251278], [-80.684177, 40.187026], [-80.702579, 40.157149], [-80.705998, 40.151599], [-80.736808, 40.08008], [-80.738222, 40.033551], [-80.74013, 39.970801], [-80.764483, 39.950258], [-80.803398, 39.91877], [-80.823442, 39.85004], [-80.82428, 39.847167], [-80.824973, 39.8011], [-80.869937, 39.763563], [-80.835525, 39.71926], [-80.829768, 39.711847], [-80.865579, 39.662759], [-80.943786, 39.606934], [-81.037369, 39.538063], [-81.075954, 39.509668], [-81.121277, 39.457705], [-81.128537, 39.449383], [-81.18595, 39.430739], [-81.249092, 39.39], [-81.347571, 39.345778], [-81.370393, 39.348708], [-81.393798, 39.351714], [-81.41271, 39.394626], [-81.456147, 39.409282], [-81.503193, 39.37325], [-81.559651, 39.330782], [-81.565251, 39.276183], [-81.6139, 39.275347], [-81.678335, 39.273763], [-81.711632, 39.219236], [-81.721472, 39.210968], [-81.752758, 39.184684], [-81.752301, 39.181042], [-81.742957, 39.106586], [-81.750271, 39.104039], [-81.807859, 39.083986], [-81.793308, 39.040361], [-81.775738, 38.980745], [-81.827358, 38.945906], [-81.898474, 38.929611], [-81.941833, 38.993303], [-82.007066, 39.029586], [-82.041567, 39.017886], [-82.089069, 38.975986], [-82.098871, 38.960887], [-82.13477, 38.905587], [-82.161574, 38.82464], [-82.209294, 38.80268], [-82.201541, 38.76038], [-82.185571, 38.659591], [-82.175171, 38.608492], [-82.218971, 38.591691], [-82.274274, 38.593691], [-82.282137, 38.579868], [-82.293275, 38.560291], [-82.304227, 38.496315], [-82.324003, 38.449275], [-82.381777, 38.43479], [-82.44708, 38.426989], [-82.508971, 38.414651], [-82.560668, 38.404345], [-82.593677, 38.421816], [-82.597983, 38.344916], [-82.571881, 38.315788], [-82.5818, 38.248599], [-82.584698, 38.24052], [-82.598868, 38.201014]]]}, "properties": {"OBJECTID": 35, "NAME": "West Virginia", "ABBR": "WV", "Shape_Length": 16.50488134771216, "Shape_Area": 6.51344448909423}}, {"type": "Feature", "id": 36, "geometry": {"type": "Polygon", "coordinates": [[[-83.353242, 34.728655], [-83.349612, 34.717017], [-83.340043, 34.686334], [-83.338694, 34.682009], [-83.277964, 34.64486], [-83.221406, 34.609954], [-83.154581, 34.588205], [-83.102878, 34.537438], [-83.096862, 34.531531], [-83.050577, 34.49506], [-83.048293, 34.493261], [-82.995094, 34.47249], [-82.991392, 34.472987], [-82.92577, 34.481809], [-82.873835, 34.471515], [-82.842001, 34.399773], [-82.823424, 34.358879], [-82.780312, 34.296708], [-82.774632, 34.288373], [-82.744986, 34.244868], [-82.735984, 34.215469], [-82.715377, 34.148172], [-82.642801, 34.081319], [-82.595029, 34.013524], [-82.591859, 34.009025], [-82.563, 33.956561], [-82.556839, 33.94536], [-82.512954, 33.936976], [-82.431154, 33.867058], [-82.324484, 33.82004], [-82.239102, 33.730879], [-82.215942, 33.687761], [-82.199751, 33.657617], [-82.161912, 33.610649], [-82.11465, 33.59791], [-82.106244, 33.595643], [-82.028242, 33.54494], [-82.016585, 33.529097], [-81.990941, 33.494241], [-81.926339, 33.462943], [-81.920124, 33.410759], [-81.93274, 33.343547], [-81.846139, 33.303849], [-81.846504, 33.247259], [-81.846539, 33.241752], [-81.763538, 33.203654], [-81.762509, 33.197272], [-81.755138, 33.151556], [-81.658436, 33.103158], [-81.615959, 33.089345], [-81.601658, 33.084694], [-81.54397, 33.044406], [-81.502033, 33.015119], [-81.499569, 32.943728], [-81.464072, 32.89782], [-81.420623, 32.831229], [-81.41312, 32.744268], [-81.412673, 32.739089], [-81.393821, 32.653497], [-81.397109, 32.605593], [-81.386905, 32.598971], [-81.328756, 32.561234], [-81.284242, 32.547117], [-81.27493, 32.544164], [-81.194832, 32.465092], [-81.194934, 32.411495], [-81.173477, 32.384909], [-81.133035, 32.3348], [-81.128037, 32.276303], [-81.153534, 32.237693], [-81.147598, 32.227176], [-81.119364, 32.177148], [-81.113337, 32.113211], [-81.038268, 32.084475], [-81.006748, 32.101158], [-80.943229, 32.05783], [-80.88552, 32.034606], [-80.867431, 32.078496], [-80.858738, 32.099587], [-80.812506, 32.109752], [-80.721466, 32.160433], [-80.669169, 32.216789], [-80.72697, 32.265712], [-80.766041, 32.292614], [-80.714604, 32.325662], [-80.644797, 32.291503], [-80.596397, 32.273555], [-80.539432, 32.28703], [-80.455195, 32.326464], [-80.434306, 32.375199], [-80.457505, 32.41027], [-80.48462, 32.460982], [-80.472296, 32.483355], [-80.465713, 32.495306], [-80.413508, 32.47118], [-80.338357, 32.478736], [-80.252057, 32.527879], [-80.246364, 32.53112], [-80.190111, 32.546847], [-80.148409, 32.578485], [-80.077042, 32.603325], [-80.000804, 32.605898], [-79.968471, 32.639738], [-79.884964, 32.684408], [-79.868355, 32.734855], [-79.81824, 32.766358], [-79.726392, 32.806002], [-79.695144, 32.850404], [-79.601312, 32.898156], [-79.569765, 32.926698], [-79.606618, 32.972254], [-79.580728, 33.006453], [-79.522452, 33.035356], [-79.483502, 33.001271], [-79.42345, 33.015091], [-79.359964, 33.006678], [-79.339316, 33.050342], [-79.329912, 33.089992], [-79.291594, 33.109779], [-79.274497, 33.120063], [-79.215456, 33.155575], [-79.172397, 33.206583], [-79.180566, 33.237962], [-79.162335, 33.327253], [-79.135444, 33.403874], [-79.084591, 33.483676], [-79.028519, 33.533372], [-78.995134, 33.572671], [-78.938079, 33.639833], [-78.862934, 33.705661], [-78.77274, 33.768518], [-78.672263, 33.817594], [-78.541089, 33.851119], [-78.615935, 33.91553], [-78.650874, 33.945062], [-78.811713, 34.081013], [-79.071172, 34.299247], [-79.071246, 34.299311], [-79.071257, 34.29932], [-79.35832, 34.545365], [-79.45028, 34.620616], [-79.461794, 34.630037], [-79.675302, 34.804751], [-79.692949, 34.804969], [-79.924687, 34.807836], [-79.927401, 34.807869], [-80.077226, 34.809723], [-80.320836, 34.813628], [-80.56166, 34.817488], [-80.561712, 34.817489], [-80.797, 34.823881], [-80.782045, 34.935789], [-80.840552, 35.001458], [-80.906243, 35.075191], [-80.934953, 35.107416], [-81.041492, 35.04471], [-81.058032, 35.073197], [-81.036762, 35.122559], [-81.042306, 35.146776], [-81.042873, 35.149255], [-81.328094, 35.162293], [-81.367608, 35.164099], [-81.494268, 35.169889], [-81.768138, 35.179715], [-81.874414, 35.183527], [-81.969362, 35.186934], [-82.039655, 35.189456], [-82.105855, 35.190884], [-82.216, 35.19326], [-82.295358, 35.194972], [-82.353179, 35.198721], [-82.411305, 35.20249], [-82.455613, 35.177432], [-82.532564, 35.155624], [-82.577719, 35.146482], [-82.686044, 35.124552], [-82.746435, 35.079138], [-82.761801, 35.081835], [-82.783287, 35.085607], [-82.897503, 35.056028], [-82.897563, 35.056012], [-83.008414, 35.026942], [-83.108404, 35.00072], [-83.10861, 35.000666], [-83.124382, 34.955247], [-83.140625, 34.924922], [-83.201187, 34.88466], [-83.252586, 34.85349], [-83.284816, 34.82305], [-83.32387, 34.789719], [-83.320066, 34.759623], [-83.353242, 34.728655]]]}, "properties": {"OBJECTID": 36, "NAME": "South Carolina", "ABBR": "SC", "Shape_Length": 13.361923356012404, "Shape_Area": 7.861239779205854}}, {"type": "Feature", "id": 37, "geometry": {"type": "MultiPolygon", "coordinates": [[[[-68.92401, 43.885416], [-68.944433, 43.835335], [-68.888483, 43.80379], [-68.849009, 43.84985], [-68.874784, 43.904724], [-68.92401, 43.885416]]], [[[-71.083925, 45.30546], [-71.057862, 45.000058], [-71.036706, 44.736507], [-71.022993, 44.500067], [-71.011271, 44.301855], [-71.010272, 44.284897], [-71.008737, 44.258834], [-71.001368, 44.09294], [-70.98993, 43.839248], [-70.987259, 43.792983], [-70.981947, 43.700969], [-70.972717, 43.570264], [-70.963793, 43.54023], [-70.954756, 43.509811], [-70.96836, 43.429292], [-70.984336, 43.376137], [-70.92395, 43.324777], [-70.872586, 43.270161], [-70.81312, 43.217261], [-70.824802, 43.179694], [-70.828101, 43.129095], [-70.81955, 43.12324], [-70.756398, 43.079997], [-70.703819, 43.059834], [-70.665959, 43.076243], [-70.62251, 43.134582], [-70.596185, 43.163475], [-70.575787, 43.221868], [-70.585184, 43.270122], [-70.553854, 43.321895], [-70.517695, 43.344046], [-70.465975, 43.340255], [-70.416311, 43.361068], [-70.383981, 43.412949], [-70.327303, 43.45853], [-70.385615, 43.48704], [-70.361214, 43.529199], [-70.338738, 43.528118], [-70.321116, 43.527271], [-70.245499, 43.539644], [-70.206123, 43.557636], [-70.217087, 43.596726], [-70.190704, 43.645591], [-70.168227, 43.675145], [-70.096039, 43.672285], [-70.071304, 43.713781], [-70.001273, 43.710397], [-69.983685, 43.744404], [-69.915593, 43.775121], [-69.887406, 43.766602], [-69.862155, 43.758971], [-69.855081, 43.704755], [-69.833471, 43.70129], [-69.807359, 43.72809], [-69.754091, 43.743875], [-69.717074, 43.792412], [-69.695816, 43.796064], [-69.650818, 43.803794], [-69.578527, 43.823325], [-69.552606, 43.841356], [-69.50329, 43.837682], [-69.438066, 43.909548], [-69.422048, 43.923056], [-69.393288, 43.956429], [-69.38049, 43.943649], [-69.354577, 43.917774], [-69.321031, 43.856717], [-69.279918, 43.879588], [-69.242812, 43.918827], [-69.212939, 43.921413], [-69.17498, 43.976958], [-69.131536, 43.976098], [-69.077028, 43.973663], [-69.043912, 44.006345], [-69.068112, 44.039777], [-69.031878, 44.079045], [-69.075667, 44.13], [-69.054546, 44.171551], [-69.040193, 44.233682], [-69.021075, 44.230444], [-68.95189, 44.218728], [-68.934976, 44.202917], [-68.888597, 44.159559], [-68.935327, 44.130389], [-68.905098, 44.077353], [-68.874139, 44.025368], [-68.77965, 44.057763], [-68.669383, 44.076368], [-68.657031, 44.003832], [-68.617085, 44.010106], [-68.584101, 44.071598], [-68.531414, 44.089861], [-68.502942, 44.099731], [-68.438518, 44.116189], [-68.331032, 44.107589], [-68.314789, 44.197166], [-68.306519, 44.234838], [-68.17433, 44.225917], [-68.22949, 44.266927], [-68.191924, 44.306684], [-68.173608, 44.328406], [-68.189155, 44.373842], [-68.125624, 44.387136], [-68.103757, 44.364371], [-68.049334, 44.330739], [-68.01399, 44.390264], [-67.978876, 44.387043], [-67.943844, 44.407025], [-67.936531, 44.411196], [-67.899571, 44.394087], [-67.855108, 44.419443], [-67.837938, 44.464679], [-67.793589, 44.494788], [-67.70668, 44.501984], [-67.653123, 44.525832], [-67.634806, 44.487063], [-67.579726, 44.42914], [-67.503208, 44.476927], [-67.521168, 44.509919], [-67.491751, 44.556132], [-67.448513, 44.600331], [-67.398986, 44.60264], [-67.368268, 44.624681], [-67.293402, 44.599274], [-67.234274, 44.63721], [-67.169856, 44.662114], [-67.116744, 44.706115], [-67.073438, 44.741966], [-67.026149, 44.768208], [-66.949894, 44.817428], [-66.992959, 44.84919], [-66.983557, 44.903286], [-67.033473, 44.939932], [-67.082073, 45.029617], [-67.090785, 45.06873], [-67.112413, 45.112332], [-67.161246, 45.162888], [-67.203932, 45.171416], [-67.271075, 45.19109], [-67.298208, 45.146681], [-67.339869, 45.125603], [-67.390579, 45.154123], [-67.453473, 45.241136], [-67.480256, 45.268194], [-67.460554, 45.300388], [-67.427243, 45.373699], [-67.484328, 45.451964], [-67.476855, 45.497249], [-67.417417, 45.501994], [-67.423646, 45.572162], [-67.455406, 45.604674], [-67.534919, 45.595437], [-67.631762, 45.621418], [-67.675417, 45.630968], [-67.710464, 45.679381], [-67.803313, 45.677895], [-67.802894, 45.678937], [-67.781892, 45.731198], [-67.803626, 45.781633], [-67.763955, 45.829992], [-67.803678, 45.869388], [-67.750422, 45.917907], [-67.779984, 45.938172], [-67.780438, 46.038461], [-67.782114, 46.27939], [-67.788406, 46.601805], [-67.789799, 46.794878], [-67.789761, 47.065754], [-67.889155, 47.118782], [-67.952269, 47.196152], [-67.998171, 47.217852], [-68.082896, 47.271931], [-68.153509, 47.314048], [-68.204263, 47.33974], [-68.26971, 47.353743], [-68.361559, 47.355615], [-68.384281, 47.326953], [-68.375615, 47.292278], [-68.460064, 47.286075], [-68.507432, 47.296646], [-68.588725, 47.281731], [-68.604819, 47.249428], [-68.675913, 47.242636], [-68.803537, 47.216043], [-68.900985, 47.178529], [-68.966433, 47.212722], [-69.0402, 47.24511], [-69.053885, 47.377888], [-69.039301, 47.42218], [-69.108215, 47.435841], [-69.156074, 47.451045], [-69.219996, 47.457169], [-69.439198, 47.250043], [-69.566383, 47.125042], [-69.818552, 46.87504], [-69.997087, 46.695239], [-70.02302, 46.573496], [-70.053749, 46.429245], [-70.080293, 46.41054], [-70.118598, 46.384242], [-70.161338, 46.360993], [-70.207416, 46.331325], [-70.20572, 46.299874], [-70.232683, 46.284437], [-70.255493, 46.246453], [-70.290897, 46.185847], [-70.239567, 46.142771], [-70.26635, 46.101002], [-70.306735, 46.061353], [-70.31763, 46.019089], [-70.303035, 45.998985], [-70.312971, 45.961865], [-70.265411, 45.962701], [-70.252527, 45.933185], [-70.259118, 45.890764], [-70.329749, 45.853804], [-70.396621, 45.808495], [-70.415685, 45.786167], [-70.383553, 45.734878], [-70.446904, 45.704053], [-70.552794, 45.667845], [-70.552825, 45.667815], [-70.591276, 45.63056], [-70.649579, 45.598156], [-70.688215, 45.56399], [-70.723397, 45.510403], [-70.674904, 45.452408], [-70.635499, 45.427826], [-70.634662, 45.383617], [-70.677996, 45.394371], [-70.729973, 45.399368], [-70.755568, 45.42837], [-70.781472, 45.431168], [-70.825613, 45.400314], [-70.806245, 45.376567], [-70.819472, 45.341444], [-70.808614, 45.311615], [-70.829791, 45.28695], [-70.83402, 45.271804], [-70.844431, 45.234522], [-70.892823, 45.239181], [-70.912112, 45.296206], [-70.949366, 45.331545], [-71.012758, 45.344769], [-71.038211, 45.311931], [-71.083925, 45.30546]]]]}, "properties": {"OBJECTID": 37, "NAME": "Maine", "ABBR": "ME", "Shape_Length": 17.10571795897031, "Shape_Area": 10.0027660600587}}, {"type": "Feature", "id": 38, "geometry": {"type": "MultiPolygon", "coordinates": [[[[-156.049665, 19.780455], [-156.064378, 19.730769], [-156.03334, 19.669233], [-156.028996, 19.650101], [-155.997742, 19.642819], [-155.97822, 19.608162], [-155.969364, 19.555966], [-155.951504, 19.486652], [-155.924746, 19.453913], [-155.909101, 19.415458], [-155.888716, 19.348034], [-155.890857, 19.298908], [-155.90258, 19.258431], [-155.912084, 19.179118], [-155.914231, 19.099151], [-155.881565, 19.036648], [-155.806124, 19.013971], [-155.726058, 18.969441], [-155.67202, 18.91747], [-155.638069, 18.941727], [-155.613981, 18.970403], [-155.590712, 19.007677], [-155.555341, 19.069381], [-155.505296, 19.137911], [-155.453531, 19.151955], [-155.390716, 19.201174], [-155.360646, 19.208933], [-155.313385, 19.250701], [-155.264634, 19.274216], [-155.205907, 19.26091], [-155.15965, 19.268378], [-155.113287, 19.290616], [-155.020552, 19.33132], [-154.9442, 19.381855], [-154.876633, 19.433226], [-154.816024, 19.500651], [-154.814432, 19.530093], [-154.852633, 19.549175], [-154.947121, 19.604859], [-154.974357, 19.633204], [-154.981117, 19.69069], [-155.006438, 19.739289], [-155.045397, 19.739827], [-155.087133, 19.728016], [-155.091231, 19.776371], [-155.086356, 19.855402], [-155.124633, 19.897291], [-155.16664, 19.937893], [-155.270331, 20.014528], [-155.387592, 20.067122], [-155.502575, 20.114158], [-155.558947, 20.131573], [-155.598047, 20.124542], [-155.637473, 20.153054], [-155.704345, 20.191698], [-155.737018, 20.222776], [-155.798898, 20.254118], [-155.853307, 20.271551], [-155.890677, 20.255243], [-155.902794, 20.177076], [-155.89066, 20.123579], [-155.850399, 20.062509], [-155.825487, 20.025947], [-155.831962, 19.982778], [-155.856602, 19.968888], [-155.892547, 19.932165], [-155.915676, 19.887129], [-155.949265, 19.857037], [-155.976665, 19.850533], [-156.006281, 19.817583], [-156.049665, 19.780455]]], [[[-156.699904, 20.920632], [-156.687818, 20.890723], [-156.631808, 20.821243], [-156.554631, 20.786099], [-156.537766, 20.778411], [-156.50604, 20.799466], [-156.473576, 20.790759], [-156.462256, 20.753955], [-156.458452, 20.736679], [-156.443687, 20.656021], [-156.431886, 20.598146], [-156.377647, 20.57843], [-156.284405, 20.596491], [-156.210272, 20.628521], [-156.129912, 20.627526], [-156.0438, 20.664905], [-156.001884, 20.698067], [-155.985427, 20.744248], [-156.003546, 20.795548], [-156.059802, 20.810543], [-156.132683, 20.861372], [-156.194724, 20.891978], [-156.242569, 20.937841], [-156.332831, 20.946453], [-156.403318, 20.915829], [-156.481069, 20.898202], [-156.518721, 20.954665], [-156.562787, 21.01617], [-156.619595, 21.027796], [-156.680919, 20.980265], [-156.699904, 20.920632]]], [[[-156.670483, 20.559912], [-156.702279, 20.532454], [-156.668823, 20.504741], [-156.586252, 20.511714], [-156.539657, 20.527647], [-156.543048, 20.580118], [-156.567154, 20.604898], [-156.610748, 20.593773], [-156.670483, 20.559912]]], [[[-157.059144, 20.91341], [-157.059677, 20.884637], [-157.010925, 20.854479], [-156.991848, 20.826606], [-156.990692, 20.775905], [-156.967904, 20.735083], [-156.909095, 20.739536], [-156.890309, 20.744858], [-156.838335, 20.764578], [-156.808483, 20.820399], [-156.837061, 20.863578], [-156.873139, 20.894682], [-156.937543, 20.925277], [-157.010015, 20.92976], [-157.059144, 20.91341]]], [[[-157.277234, 21.158434], [-157.310762, 21.10163], [-157.252548, 21.087673], [-157.17162, 21.090704], [-157.080674, 21.101979], [-157.026184, 21.089018], [-156.953886, 21.066131], [-156.877151, 21.049303], [-156.802214, 21.067098], [-156.739356, 21.111339], [-156.70912, 21.158658], [-156.742245, 21.176217], [-156.841606, 21.167929], [-156.917874, 21.169025], [-156.921122, 21.169071], [-156.962861, 21.212134], [-156.984046, 21.212201], [-157.014282, 21.200698], [-157.040001, 21.190912], [-157.128221, 21.201491], [-157.202139, 21.219301], [-157.260704, 21.225687], [-157.249709, 21.184404], [-157.277234, 21.158434]]], [[[-158.232206, 21.583809], [-158.277693, 21.578792], [-158.231185, 21.52386], [-158.233014, 21.487603], [-158.182662, 21.430076], [-158.179214, 21.404303], [-158.140314, 21.373803], [-158.129385, 21.344821], [-158.103314, 21.297903], [-158.088314, 21.298803], [-158.086661, 21.299075], [-158.024514, 21.309303], [-157.981539, 21.315901], [-157.95075, 21.312512], [-157.890014, 21.306503], [-157.851062, 21.284533], [-157.809614, 21.257703], [-157.779958, 21.265255], [-157.757214, 21.278003], [-157.700114, 21.264003], [-157.673083, 21.284199], [-157.655045, 21.309392], [-157.651814, 21.313903], [-157.710614, 21.358503], [-157.724338, 21.403314], [-157.72252, 21.459228], [-157.764586, 21.461338], [-157.813914, 21.440303], [-157.845504, 21.46675], [-157.836959, 21.529948], [-157.877364, 21.57528], [-157.924605, 21.651186], [-157.968642, 21.712707], [-157.992314, 21.708003], [-158.050706, 21.671218], [-158.079909, 21.628104], [-158.125624, 21.586742], [-158.232206, 21.583809]]], [[[-159.78376, 22.0649], [-159.786716, 22.018804], [-159.754809, 21.977775], [-159.707809, 21.961232], [-159.64978, 21.933851], [-159.603293, 21.892251], [-159.574535, 21.892809], [-159.526932, 21.883889], [-159.444882, 21.86863], [-159.385285, 21.912442], [-159.337694, 21.951176], [-159.332578, 21.999355], [-159.334503, 22.041701], [-159.318294, 22.06142], [-159.293027, 22.122963], [-159.312307, 22.183085], [-159.361521, 22.214095], [-159.40248, 22.232606], [-159.431721, 22.220018], [-159.487953, 22.229515], [-159.51077, 22.203551], [-159.543938, 22.221698], [-159.581072, 22.223491], [-159.611664, 22.201391], [-159.705545, 22.159324], [-159.730558, 22.139956], [-159.745261, 22.097511], [-159.78376, 22.0649]]], [[[-160.249624, 21.815148], [-160.230387, 21.789678], [-160.205865, 21.779521], [-160.189796, 21.822453], [-160.17481, 21.846926], [-160.156106, 21.867933], [-160.124297, 21.876792], [-160.079079, 21.896083], [-160.085801, 21.927298], [-160.070306, 21.963954], [-160.051142, 21.981063], [-160.058557, 21.996383], [-160.072137, 22.003337], [-160.11276, 21.995248], [-160.122276, 21.962884], [-160.137064, 21.948635], [-160.193973, 21.922389], [-160.228979, 21.88912], [-160.249624, 21.815148]]]]}, "properties": {"OBJECTID": 38, "NAME": "Hawaii", "ABBR": "HI", "Shape_Length": 12.506800200648435, "Shape_Area": 1.4494177346700872}}, {"type": "Feature", "id": 39, "geometry": {"type": "Polygon", "coordinates": [[[-88.468668, 31.893862], [-88.468674, 31.790728], [-88.463631, 31.697948], [-88.459483, 31.621658], [-88.449451, 31.435843], [-88.448665, 31.421283], [-88.432012, 31.114304], [-88.426026, 30.998287], [-88.412473, 30.735603], [-88.412275, 30.731777], [-88.403936, 30.543365], [-88.395028, 30.369431], [-88.364027, 30.388012], [-88.311613, 30.368914], [-88.257769, 30.318939], [-88.195669, 30.321248], [-88.136178, 30.320735], [-88.105704, 30.401871], [-88.103773, 30.500909], [-88.081622, 30.546323], [-88.064903, 30.588298], [-88.062003, 30.644897], [-88.008401, 30.684962], [-87.931075, 30.6527], [-87.914961, 30.585899], [-87.901716, 30.550885], [-87.93336, 30.487363], [-87.914141, 30.44615], [-87.865022, 30.383456], [-87.796722, 30.324204], [-87.806471, 30.279804], [-87.893206, 30.239243], [-87.818872, 30.22832], [-87.656893, 30.249715], [-87.518329, 30.280441], [-87.452287, 30.344103], [-87.431789, 30.403199], [-87.366606, 30.436649], [-87.41469, 30.457295], [-87.444727, 30.50749], [-87.431455, 30.550258], [-87.401194, 30.604389], [-87.400194, 30.657207], [-87.442296, 30.692667], [-87.523626, 30.738291], [-87.542273, 30.767487], [-87.634948, 30.865863], [-87.592069, 30.951466], [-87.598942, 30.997428], [-87.598834, 30.997428], [-87.519538, 30.997558], [-87.425796, 30.998064], [-87.312211, 30.99841], [-87.16365, 30.999028], [-87.162649, 30.999032], [-86.927856, 30.997684], [-86.831984, 30.99736], [-86.809964, 30.997183], [-86.785697, 30.996989], [-86.688246, 30.996208], [-86.563499, 30.995208], [-86.388649, 30.994534], [-86.364979, 30.994443], [-86.187253, 30.994072], [-86.132725, 30.993959], [-86.035043, 30.993755], [-85.893636, 30.993461], [-85.749719, 30.995288], [-85.498006, 30.997871], [-85.488303, 30.99797], [-85.333323, 30.999561], [-85.145963, 31.000699], [-85.031289, 31.000653], [-85.002503, 31.000688], [-85.011396, 31.053552], [-85.021112, 31.07547], [-85.035619, 31.108198], [-85.10752, 31.186457], [-85.108196, 31.258597], [-85.089778, 31.295032], [-85.088834, 31.308654], [-85.087933, 31.321654], [-85.092491, 31.362887], [-85.066009, 31.431369], [-85.071625, 31.46839], [-85.051686, 31.519546], [-85.041885, 31.54469], [-85.057964, 31.570846], [-85.058173, 31.620233], [-85.125534, 31.694971], [-85.118934, 31.73267], [-85.125445, 31.762975], [-85.129164, 31.780284], [-85.141835, 31.839267], [-85.114035, 31.893366], [-85.067833, 31.967364], [-85.063595, 31.991863], [-85.051415, 32.062262], [-85.047067, 32.087395], [-85.058753, 32.136024], [-84.997769, 32.185451], [-84.930131, 32.219057], [-84.919946, 32.230854], [-84.891845, 32.263404], [-84.955708, 32.305916], [-85.0081, 32.336683], [-84.98347, 32.363192], [-84.981155, 32.379046], [-84.971835, 32.442849], [-84.999791, 32.507073], [-85.001135, 32.510161], [-85.007104, 32.523874], [-85.069852, 32.583152], [-85.076077, 32.608074], [-85.088537, 32.657964], [-85.114254, 32.730453], [-85.124538, 32.751636], [-85.160967, 32.826678], [-85.184404, 32.861323], [-85.186122, 32.870144], [-85.232445, 33.108081], [-85.2366, 33.12955], [-85.294351, 33.427999], [-85.304948, 33.482763], [-85.314052, 33.529811], [-85.338121, 33.653121], [-85.360536, 33.767963], [-85.386675, 33.901708], [-85.398876, 33.964134], [-85.421078, 34.080819], [-85.429504, 34.125101], [-85.463145, 34.286197], [-85.502476, 34.474533], [-85.513049, 34.523953], [-85.526899, 34.588692], [-85.53441, 34.623797], [-85.561429, 34.750086], [-85.582817, 34.860442], [-85.59517, 34.924178], [-85.60517, 34.984685], [-85.863951, 34.987037], [-86.311279, 34.991105], [-86.318766, 34.991085], [-86.467803, 34.990699], [-86.783633, 34.991932], [-86.783653, 34.991932], [-86.836291, 34.99281], [-87.210764, 34.999056], [-87.216688, 34.999155], [-87.224059, 34.999237], [-87.606103, 35.003526], [-87.62503, 35.003739], [-87.688711, 35.004279], [-87.851891, 35.005663], [-87.984921, 35.005917], [-88.000037, 35.005946], [-88.202964, 35.008035], [-88.200069, 34.995641], [-88.154622, 34.922399], [-88.097893, 34.892209], [-88.134268, 34.622666], [-88.139565, 34.581703], [-88.154907, 34.463041], [-88.173267, 34.321046], [-88.203589, 34.086534], [-88.207234, 34.058339], [-88.248393, 33.744914], [-88.25445, 33.698785], [-88.274522, 33.534008], [-88.304448, 33.288326], [-88.31714, 33.184129], [-88.34009, 32.99127], [-88.347496, 32.929041], [-88.373343, 32.711831], [-88.389254, 32.578128], [-88.421317, 32.308685], [-88.428283, 32.250149], [-88.431151, 32.227642], [-88.468665, 31.933179], [-88.468668, 31.893862]]]}, "properties": {"OBJECTID": 39, "NAME": "Alabama", "ABBR": "AL", "Shape_Length": 16.904421890123672, "Shape_Area": 12.89736450195764}}, {"type": "Feature", "id": 40, "geometry": {"type": "Polygon", "coordinates": [[[-102.051753, 40.003085], [-102.051263, 39.818999], [-102.050002, 39.574063], [-102.049971, 39.568186], [-102.048969, 39.373719], [-102.04721, 39.133153], [-102.04658, 39.047045], [-102.045722, 38.697572], [-102.04552, 38.615171], [-102.044953, 38.384425], [-102.04466, 38.268756], [-102.044644, 38.262418], [-102.044264, 38.113017], [-102.041975, 37.738547], [-102.041885, 37.723881], [-102.0419, 37.644284], [-102.041948, 37.389196], [-102.041972, 37.25817], [-102.041992, 37.106557], [-102.041929, 37.035089], [-102.042249, 36.993089], [-102.028213, 36.993151], [-101.902449, 36.993708], [-101.555268, 36.995297], [-101.485335, 36.995617], [-101.211495, 36.99713], [-101.066459, 36.997742], [-100.945476, 36.998253], [-100.855643, 36.998632], [-100.633334, 37.00018], [-100.552692, 37.000741], [-100.08949, 37.001486], [-100.00258, 37.001625], [-99.99521, 37.001637], [-99.657667, 37.000203], [-99.541123, 36.999916], [-99.456211, 36.999707], [-99.407023, 36.999585], [-99.129457, 36.999428], [-99.000309, 36.999364], [-98.791944, 36.999261], [-98.54467, 36.998531], [-98.354081, 36.997967], [-98.347157, 36.997976], [-98.111993, 36.998254], [-98.04535, 36.998333], [-97.802321, 36.998705], [-97.768712, 36.998756], [-97.462354, 36.998831], [-97.384933, 36.998849], [-97.147729, 36.998979], [-97.10066, 36.999004], [-96.749846, 36.998995], [-96.52559, 36.998684], [-96.500296, 36.99865], [-96.217579, 36.999077], [-96.000818, 36.999208], [-95.964279, 36.99923], [-95.92813, 36.999252], [-95.786769, 36.999277], [-95.573606, 36.999317], [-95.522422, 36.999326], [-95.40774, 36.999348], [-95.322572, 36.999365], [-95.073511, 36.999495], [-95.007627, 36.999529], [-94.9953, 36.999536], [-94.712777, 36.998801], [-94.617971, 36.998912], [-94.61811, 37.056803], [-94.618358, 37.160218], [-94.617761, 37.338425], [-94.617675, 37.364177], [-94.617518, 37.410916], [-94.617853, 37.653585], [-94.61788, 37.673117], [-94.617892, 37.682221], [-94.614472, 37.987806], [-94.614108, 38.037063], [-94.613937, 38.06006], [-94.612621, 38.237773], [-94.61278, 38.388725], [-94.612873, 38.477578], [-94.612873, 38.477609], [-94.609497, 38.738109], [-94.609463, 38.740707], [-94.608968, 38.847218], [-94.608341, 38.981813], [-94.607878, 39.044092], [-94.607538, 39.089791], [-94.607361, 39.113451], [-94.59194, 39.15501], [-94.601945, 39.15551], [-94.623941, 39.15661], [-94.680343, 39.18431], [-94.741945, 39.17021], [-94.792002, 39.201267], [-94.799671, 39.206025], [-94.825671, 39.241736], [-94.85708, 39.273832], [-94.908073, 39.32367], [-94.88898, 39.392439], [-94.94667, 39.399724], [-94.965755, 39.421689], [-94.982152, 39.440559], [-95.049853, 39.494422], [-95.091427, 39.533265], [-95.113565, 39.553948], [-95.076696, 39.576771], [-95.047173, 39.595124], [-95.044058, 39.613675], [-95.037472, 39.652912], [-94.971325, 39.686417], [-94.971086, 39.723153], [-94.899324, 39.724049], [-94.860379, 39.749537], [-94.871152, 39.773001], [-94.877865, 39.820707], [-94.878685, 39.826529], [-94.928474, 39.876351], [-94.951548, 39.90054], [-94.993382, 39.898572], [-95.018751, 39.897379], [-95.081542, 39.861725], [-95.142453, 39.895427], [-95.231122, 39.943791], [-95.308298, 40.000005], [-95.339904, 40.000036], [-95.784583, 40.00047], [-95.788119, 40.000474], [-96.010687, 40.000712], [-96.024098, 40.000726], [-96.154373, 40.000502], [-96.23918, 40.000698], [-96.239216, 40.000698], [-96.46372, 40.000966], [-96.469953, 40.000973], [-96.805776, 40.001375], [-96.87382, 40.001457], [-96.916415, 40.001461], [-97.009173, 40.00147], [-97.369207, 40.001946], [-97.415841, 40.002008], [-97.777163, 40.002174], [-97.821509, 40.002194], [-97.931833, 40.002243], [-98.076042, 40.002308], [-98.274026, 40.002344], [-98.504464, 40.002387], [-98.613764, 40.002407], [-98.726382, 40.002343], [-99.067027, 40.00215], [-99.085606, 40.00214], [-99.179142, 40.002116], [-99.501801, 40.002033], [-99.625336, 40.001785], [-99.628263, 40.001779], [-99.81341, 40.001407], [-100.177807, 40.001573], [-100.193599, 40.00158], [-100.477027, 40.001759], [-100.738834, 40.00227], [-100.758839, 40.002309], [-101.060326, 40.002314], [-101.294, 40.002566], [-101.324045, 40.002572], [-101.411038, 40.002589], [-101.542282, 40.002616], [-101.83217, 40.00294], [-102.051753, 40.003085]]]}, "properties": {"OBJECTID": 40, "NAME": "Kansas", "ABBR": "KS", "Shape_Length": 21.03565378260891, "Shape_Area": 22.013618209505417}}, {"type": "Feature", "id": 41, "geometry": {"type": "MultiPolygon", "coordinates": [[[[-71.631473, 41.166686], [-71.593701, 41.146347], [-71.519211, 41.149632], [-71.534085, 41.18187], [-71.545411, 41.242738], [-71.593343, 41.237436], [-71.631473, 41.166686]]], [[[-71.860514, 41.320256], [-71.862773, 41.309799], [-71.785958, 41.325747], [-71.701632, 41.336976], [-71.624506, 41.360878], [-71.555382, 41.373324], [-71.483296, 41.37173], [-71.455372, 41.40797], [-71.428653, 41.454166], [-71.417213, 41.45604], [-71.389285, 41.460613], [-71.351097, 41.45081], [-71.312695, 41.45141], [-71.28564, 41.487813], [-71.245993, 41.48131], [-71.193021, 41.457939], [-71.140225, 41.485864], [-71.120571, 41.497457], [-71.137493, 41.60257], [-71.135986, 41.621402], [-71.132889, 41.660111], [-71.195641, 41.675099], [-71.208601, 41.690318], [-71.261393, 41.75231], [-71.317403, 41.777265], [-71.329397, 41.782609], [-71.339598, 41.832009], [-71.339299, 41.893408], [-71.381701, 41.893208], [-71.381462, 41.95215], [-71.381432, 41.985093], [-71.381402, 42.018807], [-71.498225, 42.015883], [-71.55944, 42.014351], [-71.591097, 42.013522], [-71.606695, 42.013114], [-71.799243, 42.008074], [-71.792768, 41.80701], [-71.789696, 41.725207], [-71.789679, 41.724743], [-71.789357, 41.596919], [-71.789359, 41.596861], [-71.793569, 41.505762], [-71.797684, 41.416717], [-71.83965, 41.412127], [-71.835952, 41.353943], [-71.860514, 41.320256]]]]}, "properties": {"OBJECTID": 41, "NAME": "Rhode Island", "ABBR": "RI", "Shape_Length": 3.0199099891816372, "Shape_Area": 0.3463465022982053}}, {"type": "Feature", "id": 42, "geometry": {"type": "Polygon", "coordinates": [[[-73.727776, 41.100704], [-73.70603, 41.074306], [-73.659534, 41.017865], [-73.659363, 41.004042], [-73.657337, 40.985179], [-73.5957, 41.016003], [-73.561969, 41.016805], [-73.516904, 41.038746], [-73.46824, 41.051355], [-73.422166, 41.04757], [-73.387228, 41.058255], [-73.354232, 41.085647], [-73.372297, 41.104028], [-73.330661, 41.110004], [-73.297216, 41.113677], [-73.296603, 41.113744], [-73.269819, 41.116685], [-73.262359, 41.117504], [-73.202657, 41.158104], [-73.172837, 41.153451], [-73.130254, 41.146805], [-73.108353, 41.153726], [-73.101175, 41.163735], [-73.079451, 41.194023], [-73.02045, 41.206405], [-72.986248, 41.233505], [-72.970507, 41.241283], [-72.935647, 41.258505], [-72.903935, 41.249203], [-72.881446, 41.242605], [-72.786143, 41.264804], [-72.760342, 41.241243], [-72.69044, 41.246705], [-72.654355, 41.265635], [-72.653839, 41.265905], [-72.598037, 41.268706], [-72.547236, 41.250507], [-72.534566, 41.253833], [-72.47254, 41.270111], [-72.405931, 41.278406], [-72.38663, 41.261806], [-72.348644, 41.277454], [-72.293045, 41.280052], [-72.248355, 41.29588], [-72.235532, 41.300421], [-72.201423, 41.315705], [-72.134222, 41.299406], [-72.094444, 41.314172], [-72.021899, 41.316846], [-71.956748, 41.329879], [-71.886303, 41.336418], [-71.860514, 41.320256], [-71.835952, 41.353943], [-71.83965, 41.412127], [-71.797684, 41.416717], [-71.793569, 41.505762], [-71.789359, 41.596861], [-71.789357, 41.596919], [-71.789679, 41.724743], [-71.789696, 41.725207], [-71.792768, 41.80701], [-71.799243, 42.008074], [-71.800651, 42.023578], [-71.846007, 42.024382], [-71.987327, 42.026889], [-72.135732, 42.029151], [-72.205357, 42.030212], [-72.317149, 42.031916], [-72.528132, 42.034304], [-72.607934, 42.030804], [-72.735497, 42.036408], [-72.76674, 42.003004], [-72.77476, 42.002138], [-72.810079, 41.998325], [-72.847143, 42.036903], [-72.863693, 42.037094], [-72.99955, 42.038662], [-73.053398, 42.040125], [-73.12723, 42.042132], [-73.231057, 42.044954], [-73.487315, 42.049647], [-73.505009, 41.823781], [-73.51792, 41.666729], [-73.520018, 41.641205], [-73.521835, 41.619756], [-73.529679, 41.527169], [-73.53697, 41.441102], [-73.543149, 41.376779], [-73.544137, 41.366493], [-73.550962, 41.29543], [-73.48271, 41.212768], [-73.727776, 41.100704]]]}, "properties": {"OBJECTID": 42, "NAME": "Connecticut", "ABBR": "CT", "Shape_Length": 5.712399317211353, "Shape_Area": 1.4002623183263483}}, {"type": "Feature", "id": 43, "geometry": {"type": "MultiPolygon", "coordinates": [[[[-84.616225, 45.894479], [-84.650788, 45.859219], [-84.587577, 45.806709], [-84.484133, 45.730719], [-84.394043, 45.727632], [-84.356025, 45.771904], [-84.419701, 45.799832], [-84.5179, 45.828552], [-84.616225, 45.894479]]], [[[-85.701815, 45.736138], [-85.696878, 45.697259], [-85.622747, 45.586037], [-85.56164, 45.572222], [-85.509282, 45.596484], [-85.377137, 45.769022], [-85.360957, 45.817563], [-85.524454, 45.829803], [-85.651872, 45.743148], [-85.701815, 45.736138]]], [[[-86.138101, 45.043046], [-86.15483, 45.002402], [-86.081493, 44.990104], [-85.976889, 45.062668], [-85.954027, 45.119289], [-85.989418, 45.151077], [-86.044436, 45.15959], [-86.138101, 45.043046]]], [[[-86.824834, 41.760248], [-86.699686, 41.759863], [-86.640049, 41.759679], [-86.524225, 41.75958], [-86.501778, 41.759561], [-86.2261, 41.760024], [-86.226075, 41.760024], [-86.062568, 41.759661], [-85.791368, 41.759059], [-85.79134, 41.759059], [-85.659755, 41.759245], [-85.292184, 41.759763], [-85.23284, 41.759847], [-85.196779, 41.759879], [-84.825133, 41.760207], [-84.805888, 41.760224], [-84.806087, 41.696097], [-84.438072, 41.704911], [-84.399554, 41.705929], [-84.360424, 41.706964], [-84.134422, 41.712939], [-83.880395, 41.720203], [-83.763154, 41.723555], [-83.763043, 41.723558], [-83.453836, 41.732655], [-83.42408, 41.740746], [-83.441672, 41.808654], [-83.396224, 41.852973], [-83.341561, 41.879964], [-83.326028, 41.924969], [-83.269525, 41.93905], [-83.216901, 41.988569], [-83.194957, 42.033116], [-83.18553, 42.052251], [-83.133515, 42.088151], [-83.133927, 42.174748], [-83.125472, 42.200835], [-83.096525, 42.290146], [-82.988623, 42.332447], [-82.923974, 42.352076], [-82.870351, 42.450896], [-82.870337, 42.451018], [-82.85932, 42.541943], [-82.755931, 42.564423], [-82.766008, 42.600059], [-82.801026, 42.629553], [-82.707889, 42.675505], [-82.639705, 42.661241], [-82.706375, 42.621115], [-82.679063, 42.522218], [-82.584, 42.554049], [-82.509939, 42.637302], [-82.467487, 42.761918], [-82.469916, 42.887467], [-82.428607, 42.952009], [-82.415941, 43.005563], [-82.486046, 43.102494], [-82.506047, 43.168836], [-82.52309, 43.225369], [-82.539934, 43.422386], [-82.593789, 43.581475], [-82.606483, 43.690458], [-82.612228, 43.739779], [-82.633645, 43.831232], [-82.709843, 43.948234], [-82.793209, 44.023255], [-82.928889, 44.069397], [-83.024609, 44.045182], [-83.046582, 44.015718], [-83.134886, 43.993155], [-83.261535, 43.973533], [-83.282315, 43.938039], [-83.407151, 43.919815], [-83.432615, 43.885281], [-83.479572, 43.793633], [-83.50609, 43.745166], [-83.512345, 43.733734], [-83.683356, 43.590592], [-83.699422, 43.601646], [-83.73101, 43.623377], [-83.817899, 43.673797], [-83.909484, 43.67263], [-83.947745, 43.735173], [-83.92938, 43.777099], [-83.910618, 43.893228], [-83.901334, 43.908435], [-83.869411, 43.960727], [-83.787868, 43.985287], [-83.693219, 43.988778], [-83.679659, 44.036373], [-83.584095, 44.056756], [-83.567749, 44.155907], [-83.564651, 44.163533], [-83.524822, 44.261566], [-83.442736, 44.265369], [-83.401827, 44.301839], [-83.336993, 44.332928], [-83.317615, 44.486067], [-83.316969, 44.511692], [-83.314522, 44.608734], [-83.276841, 44.689363], [-83.296976, 44.758504], [-83.316271, 44.8586], [-83.320508, 44.88058], [-83.35282, 44.886173], [-83.438861, 44.940852], [-83.435827, 45.000021], [-83.442057, 45.051065], [-83.39926, 45.070373], [-83.340262, 45.041554], [-83.265901, 45.026853], [-83.315929, 45.140001], [-83.385216, 45.207113], [-83.405919, 45.227166], [-83.385109, 45.274204], [-83.488831, 45.355881], [-83.599278, 45.35257], [-83.697321, 45.396248], [-83.841548, 45.435296], [-83.909477, 45.485793], [-83.998355, 45.491167], [-84.09591, 45.497307], [-84.126537, 45.556625], [-84.196048, 45.621465], [-84.210898, 45.62624], [-84.329542, 45.664389], [-84.413647, 45.669436], [-84.461685, 45.652413], [-84.553316, 45.698575], [-84.718909, 45.777608], [-84.732247, 45.780506], [-84.77277, 45.78931], [-84.866981, 45.752075], [-85.014514, 45.760338], [-84.970955, 45.686343], [-85.061493, 45.639514], [-85.119742, 45.569035], [-85.109257, 45.521635], [-85.040941, 45.43671], [-84.980958, 45.429391], [-84.912961, 45.409785], [-84.959124, 45.375982], [-85.05481, 45.3641], [-85.096062, 45.363097], [-85.196709, 45.36065], [-85.294853, 45.316417], [-85.371598, 45.270843], [-85.37783, 45.207653], [-85.380469, 45.180885], [-85.366754, 45.1016], [-85.380664, 45.046328], [-85.431421, 45.016658], [-85.475209, 44.991061], [-85.520039, 44.974004], [-85.555148, 45.027043], [-85.566135, 45.043641], [-85.531466, 45.177256], [-85.551077, 45.210751], [-85.63313, 45.170908], [-85.681102, 45.092701], [-85.74645, 45.051237], [-85.780445, 44.97794], [-85.85431, 44.938155], [-85.931606, 44.968796], [-85.980225, 44.906144], [-86.058868, 44.91102], [-86.065972, 44.82153], [-86.078504, 44.778339], [-86.089192, 44.741504], [-86.160274, 44.728197], [-86.24848, 44.699054], [-86.253956, 44.648088], [-86.220703, 44.56675], [-86.237026, 44.518307], [-86.24892, 44.483012], [-86.251932, 44.400992], [-86.268716, 44.345332], [-86.351644, 44.229437], [-86.387843, 44.178702], [-86.429877, 44.11979], [-86.514708, 44.058127], [-86.501744, 44.02192], [-86.463142, 43.970984], [-86.447921, 43.918097], [-86.431204, 43.840728], [-86.435491, 43.819437], [-86.445129, 43.771572], [-86.510325, 43.698633], [-86.540793, 43.644601], [-86.529513, 43.59347], [-86.479282, 43.515343], [-86.463522, 43.472338], [-86.448749, 43.432021], [-86.407838, 43.338444], [-86.348062, 43.244888], [-86.316264, 43.195122], [-86.273934, 43.118376], [-86.254651, 43.083417], [-86.22631, 42.988292], [-86.214298, 42.884892], [-86.214143, 42.883563], [-86.208544, 42.767552], [-86.208314, 42.762797], [-86.226643, 42.64493], [-86.240647, 42.540008], [-86.276999, 42.419318], [-86.284453, 42.394571], [-86.356223, 42.254174], [-86.366385, 42.243116], [-86.466267, 42.134414], [-86.501327, 42.084548], [-86.528119, 42.038428], [-86.597904, 41.918299], [-86.693272, 41.835411], [-86.824834, 41.760248]]], [[[-89.221339, 47.908078], [-89.255209, 47.876111], [-89.201819, 47.850252], [-89.157745, 47.824024], [-89.04447, 47.855759], [-88.898993, 47.900694], [-88.85293, 47.965331], [-88.718562, 47.995143], [-88.579179, 48.040767], [-88.550447, 48.10212], [-88.42738, 48.166773], [-88.425169, 48.210659], [-88.54704, 48.1749], [-88.631915, 48.148316], [-88.728205, 48.101923], [-88.816091, 48.057015], [-88.893708, 48.034779], [-88.940893, 48.019599], [-89.01831, 47.992534], [-89.179161, 47.935039], [-89.221339, 47.908078]]], [[[-90.418143, 46.566102], [-90.387235, 46.533671], [-90.331894, 46.553286], [-90.285714, 46.518854], [-90.214873, 46.499955], [-90.158248, 46.420493], [-90.120496, 46.33686], [-89.929133, 46.299924], [-89.638423, 46.243812], [-89.091637, 46.138513], [-88.991224, 46.096545], [-88.932775, 46.072116], [-88.811955, 46.021617], [-88.740001, 46.027316], [-88.683239, 46.014474], [-88.679139, 46.013546], [-88.657767, 45.989295], [-88.61307, 45.990635], [-88.593867, 46.01514], [-88.526679, 46.02083], [-88.40987, 45.979696], [-88.380189, 45.991662], [-88.309526, 45.959377], [-88.246313, 45.962991], [-88.178014, 45.947119], [-88.116863, 45.92282], [-88.115352, 45.922219], [-88.07395, 45.875601], [-88.135073, 45.821702], [-88.105524, 45.798847], [-88.057017, 45.784985], [-88.04852, 45.782557], [-87.995882, 45.795443], [-87.966976, 45.764029], [-87.879818, 45.754851], [-87.833056, 45.722761], [-87.805082, 45.703564], [-87.781013, 45.673942], [-87.824682, 45.653219], [-87.777677, 45.609212], [-87.787298, 45.574914], [-87.804209, 45.524684], [-87.805779, 45.473147], [-87.847435, 45.444185], [-87.856836, 45.393114], [-87.863495, 45.353028], [-87.80047, 45.353616], [-87.750934, 45.355045], [-87.706773, 45.383835], [-87.657355, 45.36876], [-87.667429, 45.316368], [-87.711486, 45.245232], [-87.741811, 45.197059], [-87.695061, 45.15053], [-87.648197, 45.106376], [-87.590214, 45.095272], [-87.54897, 45.191599], [-87.465207, 45.273359], [-87.350858, 45.407751], [-87.288732, 45.501614], [-87.253456, 45.550124], [-87.172247, 45.661796], [-87.070448, 45.718788], [-86.964281, 45.67277], [-86.838752, 45.722316], [-86.773285, 45.811394], [-86.647325, 45.732627], [-86.70519, 45.69091], [-86.712334, 45.610948], [-86.636901, 45.542062], [-86.616978, 45.62059], [-86.541436, 45.708119], [-86.459886, 45.750235], [-86.439667, 45.760678], [-86.34914, 45.834169], [-86.278013, 45.942066], [-86.072073, 45.965322], [-85.913775, 45.919448], [-85.865846, 45.94758], [-85.810448, 45.980096], [-85.697209, 45.960167], [-85.648587, 45.983704], [-85.540864, 46.07959], [-85.3814, 46.082053], [-85.26639, 46.065788], [-85.152032, 46.050734], [-85.003602, 46.006139], [-84.917489, 45.930679], [-84.792768, 45.8587], [-84.706388, 45.848667], [-84.734007, 45.907035], [-84.63286, 45.951016], [-84.567498, 45.947711], [-84.480441, 45.977773], [-84.376434, 45.931971], [-84.254957, 45.956077], [-84.114612, 45.967917], [-84.080076, 45.970831], [-83.910843, 45.965622], [-83.801045, 45.937591], [-83.657665, 45.945472], [-83.583057, 45.915928], [-83.526352, 45.918645], [-83.480644, 45.996173], [-83.598617, 46.090094], [-83.719796, 46.10104], [-83.815831, 46.108538], [-83.882308, 46.042074], [-83.974017, 46.081561], [-84.026541, 46.131657], [-84.114946, 46.174123], [-84.108094, 46.241247], [-84.097771, 46.256521], [-84.138911, 46.37223], [-84.125031, 46.470152], [-84.11793, 46.517628], [-84.193734, 46.539929], [-84.293021, 46.492812], [-84.420279, 46.501086], [-84.461832, 46.466575], [-84.493406, 46.440322], [-84.60795, 46.456756], [-84.678428, 46.487703], [-84.849772, 46.460254], [-84.969469, 46.476299], [-85.027379, 46.553765], [-85.028296, 46.675134], [-84.964657, 46.772854], [-85.173048, 46.763643], [-85.237879, 46.755712], [-85.256866, 46.753389], [-85.482102, 46.680441], [-85.841063, 46.688905], [-85.864613, 46.686577], [-85.99505, 46.673685], [-86.138301, 46.672944], [-86.18803, 46.654017], [-86.459936, 46.551937], [-86.557737, 46.487443], [-86.627386, 46.533719], [-86.695651, 46.555035], [-86.750163, 46.479118], [-86.810973, 46.449672], [-86.903748, 46.466147], [-86.976964, 46.52659], [-87.116366, 46.50616], [-87.175071, 46.497557], [-87.366773, 46.507312], [-87.381655, 46.580068], [-87.503031, 46.647506], [-87.573209, 46.72048], [-87.595313, 46.782959], [-87.68717, 46.841751], [-87.776936, 46.876735], [-87.900345, 46.909695], [-88.044528, 46.917459], [-88.065198, 46.918572], [-88.143695, 46.966674], [-88.244444, 46.929621], [-88.372688, 46.872286], [-88.477942, 46.850569], [-88.455411, 46.92333], [-88.43937, 46.941991], [-88.385613, 47.004531], [-88.340059, 47.080503], [-88.239902, 47.139445], [-88.200457, 47.199726], [-88.194225, 47.209251], [-88.096858, 47.26136], [-88.016485, 47.306284], [-87.943366, 47.335908], [-87.94162, 47.390082], [-87.8003, 47.392157], [-87.60471, 47.388634], [-87.591504, 47.424122], [-87.680073, 47.455694], [-87.80119, 47.47331], [-87.929276, 47.478746], [-88.085259, 47.46897], [-88.217829, 47.448747], [-88.285202, 47.422401], [-88.41868, 47.371197], [-88.500787, 47.293512], [-88.512953, 47.286116], [-88.584919, 47.24237], [-88.699667, 47.20484], [-88.814841, 47.141408], [-88.889147, 47.100584], [-88.924499, 47.042165], [-88.933375, 47.033608], [-88.959416, 47.008505], [-89.028937, 47.001149], [-89.142602, 46.984868], [-89.227921, 46.912963], [-89.415161, 46.843992], [-89.499087, 46.84163], [-89.569815, 46.831868], [-89.642262, 46.825349], [-89.720284, 46.830422], [-89.831963, 46.804061], [-89.884337, 46.76548], [-89.918473, 46.740332], [-90.045427, 46.66828], [-90.237616, 46.624493], [-90.327633, 46.607752], [-90.418143, 46.566102]]]]}, "properties": {"OBJECTID": 43, "NAME": "Michigan", "ABBR": "MI", "Shape_Length": 42.30475316944393, "Shape_Area": 17.352434014595204}}, {"type": "Feature", "id": 44, "geometry": {"type": "MultiPolygon", "coordinates": [[[[-180.518697, 51.975299], [-180.515381, 51.921266], [-180.456499, 51.890924], [-180.350531, 51.873668], [-180.257003, 51.911747], [-180.226093, 51.970691], [-180.363169, 52.02571], [-180.417158, 52.016839], [-180.518697, 51.975299]]], [[[-181.399522, 51.655254], [-181.395149, 51.616013], [-181.227615, 51.554117], [-181.130766, 51.556984], [-181.069796, 51.530087], [-180.968482, 51.449882], [-180.746744, 51.337237], [-180.519597, 51.363858], [-180.581775, 51.416193], [-180.70423, 51.41923], [-180.804768, 51.477869], [-181.074685, 51.623902], [-181.339415, 51.683063], [-181.399522, 51.655254]]], [[[-181.53663, 51.987847], [-181.567554, 51.965531], [-181.497522, 51.899642], [-181.46062, 51.903244], [-181.408418, 51.95265], [-181.447403, 51.973966], [-181.53663, 51.987847]]], [[[-181.795573, 51.830888], [-181.72906, 51.765184], [-181.625941, 51.747854], [-181.622006, 51.792624], [-181.670316, 51.83679], [-181.795573, 51.830888]]], [[[-181.906342, 52.055139], [-181.920801, 52.018958], [-181.879074, 51.97701], [-181.799115, 51.991154], [-181.798702, 52.0315], [-181.845246, 52.061419], [-181.906342, 52.055139]]], [[[-182.786929, 51.920356], [-182.821226, 51.879217], [-182.73782, 51.861889], [-182.688247, 51.825969], [-182.665786, 51.866767], [-182.628752, 51.901943], [-182.590479, 51.930819], [-182.500735, 51.922031], [-182.39901, 51.922252], [-182.388462, 51.950827], [-182.427947, 52.00181], [-182.390928, 52.028516], [-182.324063, 52.092165], [-182.351361, 52.130898], [-182.418744, 52.144925], [-182.479009, 52.06306], [-182.539476, 51.999749], [-182.632652, 51.968373], [-182.689188, 51.933271], [-182.786929, 51.920356]]], [[[-186.136022, 52.792481], [-186.180975, 52.759803], [-186.024898, 52.707457], [-185.841868, 52.706057], [-185.859899, 52.750735], [-185.932721, 52.757635], [-186.136022, 52.792481]]], [[[-186.560988, 52.470526], [-186.680066, 52.412056], [-186.513634, 52.368611], [-186.456236, 52.392664], [-186.348721, 52.356368], [-186.274318, 52.356577], [-186.251713, 52.392344], [-186.297762, 52.434802], [-186.227215, 52.509903], [-186.361953, 52.524207], [-186.444275, 52.47947], [-186.560988, 52.470526]]], [[[-187.541103, 52.954545], [-187.527157, 52.890232], [-187.414939, 52.921325], [-187.330071, 52.913009], [-187.245778, 52.877488], [-187.236648, 52.823654], [-187.190627, 52.789288], [-187.096386, 52.761665], [-187.017414, 52.791078], [-186.903777, 52.78678], [-186.833115, 52.795227], [-186.795066, 52.848909], [-186.715597, 52.827931], [-186.576195, 52.828797], [-186.574652, 52.868343], [-186.748688, 52.94436], [-186.878026, 52.99035], [-187.207142, 53.008566], [-187.356748, 53.004976], [-187.541103, 52.954545]]], [[[-133.935035, 55.920693], [-133.920269, 55.860299], [-133.861058, 55.848848], [-133.700487, 55.837425], [-133.701171, 55.785164], [-133.643343, 55.729041], [-133.716684, 55.660227], [-133.728568, 55.593132], [-133.752889, 55.544286], [-133.789074, 55.457896], [-133.697917, 55.454763], [-133.630964, 55.416118], [-133.633025, 55.361303], [-133.690193, 55.304413], [-133.658378, 55.232678], [-133.596781, 55.218237], [-133.586624, 55.308804], [-133.468236, 55.281682], [-133.471957, 55.247531], [-133.404516, 55.214996], [-133.341278, 55.205705], [-133.281998, 55.217121], [-133.23251, 55.198832], [-133.215105, 55.13688], [-133.239714, 55.092419], [-133.197738, 55.033408], [-133.164807, 54.976913], [-133.099066, 54.919011], [-132.990608, 54.820998], [-132.91877, 54.783257], [-132.877229, 54.753776], [-132.866374, 54.70039], [-132.753038, 54.673248], [-132.674343, 54.674656], [-132.639051, 54.753256], [-132.50939, 54.781263], [-132.403552, 54.784601], [-132.366408, 54.751202], [-132.307962, 54.718719], [-132.228242, 54.725175], [-132.165201, 54.694055], [-132.029766, 54.701194], [-131.99961, 54.73198], [-131.957933, 54.791244], [-131.983343, 54.897818], [-131.984611, 55.027983], [-132.027532, 55.10468], [-131.977416, 55.180954], [-132.037141, 55.275149], [-132.126417, 55.288423], [-132.258075, 55.416147], [-132.142964, 55.457946], [-132.301138, 55.550965], [-132.382524, 55.665341], [-132.46255, 55.673859], [-132.470716, 55.782167], [-132.618483, 55.911481], [-132.837611, 56.024331], [-132.859802, 56.052774], [-132.896452, 56.099748], [-132.833883, 56.103908], [-132.887604, 56.172942], [-132.966941, 56.22428], [-133.039897, 56.239045], [-133.078249, 56.246806], [-133.158252, 56.314772], [-133.197028, 56.33302], [-133.418389, 56.332136], [-133.582135, 56.35251], [-133.656434, 56.326913], [-133.656908, 56.281232], [-133.672119, 56.222738], [-133.643836, 56.127743], [-133.65926, 56.083822], [-133.731419, 56.028861], [-133.816382, 55.964029], [-133.935035, 55.920693]]], [[[-134.393003, 56.864288], [-134.418554, 56.822337], [-134.376294, 56.668612], [-134.30114, 56.620321], [-134.320154, 56.554488], [-134.241958, 56.555535], [-134.197987, 56.531032], [-134.25194, 56.444554], [-134.243145, 56.395782], [-134.294698, 56.335892], [-134.282231, 56.254793], [-134.259768, 56.134444], [-134.202197, 56.035179], [-134.291823, 55.926223], [-134.374984, 55.928496], [-134.344671, 55.846316], [-134.311782, 55.812289], [-134.255115, 55.844618], [-134.20827, 55.876713], [-134.118081, 55.914646], [-134.099824, 55.984144], [-134.121887, 56.029899], [-134.087465, 56.094943], [-134.018062, 56.08818], [-133.960544, 56.091363], [-133.927744, 56.145953], [-133.942005, 56.180099], [-133.881159, 56.223201], [-133.876643, 56.275888], [-133.834574, 56.319805], [-133.821647, 56.391606], [-133.655487, 56.442283], [-133.460653, 56.454124], [-133.415398, 56.456449], [-133.30059, 56.462347], [-133.183512, 56.454245], [-133.041745, 56.51836], [-132.933061, 56.522204], [-132.806857, 56.505496], [-132.671173, 56.543075], [-132.611345, 56.599917], [-132.619277, 56.660782], [-132.743226, 56.713724], [-132.796622, 56.776936], [-132.903231, 56.803614], [-132.98139, 56.927384], [-133.104631, 57.005705], [-133.317891, 57.002679], [-133.334292, 57.002446], [-133.536278, 57.038704], [-133.739453, 57.072188], [-133.887977, 57.097748], [-134.008876, 57.074582], [-134.049238, 57.029207], [-133.921471, 56.961515], [-133.86906, 56.845942], [-133.942956, 56.805555], [-134.006655, 56.851591], [-134.047773, 56.923004], [-134.147123, 56.956974], [-134.193771, 56.933602], [-134.270479, 56.935584], [-134.393003, 56.864288]]], [[[-134.960523, 58.403762], [-134.958192, 58.322061], [-134.864319, 58.180493], [-134.783792, 58.082296], [-134.752418, 57.93896], [-134.709044, 57.780502], [-134.695448, 57.685339], [-134.607577, 57.513046], [-134.55556, 57.407432], [-134.640189, 57.239856], [-134.634585, 57.109867], [-134.565707, 57.023741], [-134.497738, 57.031198], [-134.443806, 57.062296], [-134.386072, 57.087396], [-134.378379, 57.11502], [-134.302741, 57.136566], [-134.193649, 57.184883], [-134.100138, 57.266289], [-133.983521, 57.302842], [-133.875693, 57.267617], [-133.840915, 57.271078], [-133.786418, 57.311532], [-133.866951, 57.367873], [-133.871601, 57.484162], [-133.81762, 57.568357], [-133.808305, 57.609608], [-133.896866, 57.685528], [-133.904894, 57.80741], [-133.999968, 57.914814], [-134.087592, 57.996479], [-134.138251, 58.047107], [-134.184003, 58.077299], [-134.174372, 58.125288], [-134.254406, 58.14436], [-134.256243, 58.144797], [-134.329892, 58.134994], [-134.46178, 58.159293], [-134.608931, 58.171641], [-134.699976, 58.161498], [-134.724498, 58.211469], [-134.735849, 58.234601], [-134.788462, 58.289094], [-134.865105, 58.35728], [-134.960523, 58.403762]]], [[[-136.563244, 58.035056], [-136.573308, 57.926848], [-136.484279, 57.896464], [-136.458849, 57.853905], [-136.372397, 57.832591], [-136.372007, 57.832236], [-136.304704, 57.771055], [-136.250838, 57.684835], [-136.238186, 57.625995], [-136.163079, 57.558865], [-136.088091, 57.555295], [-136.047567, 57.513766], [-135.943786, 57.458784], [-135.892151, 57.408052], [-135.85818, 57.321362], [-135.837739, 57.282072], [-135.870539, 57.221643], [-135.832273, 57.170651], [-135.753601, 57.167172], [-135.755027, 57.123976], [-135.844632, 57.083572], [-135.856041, 56.99564], [-135.825618, 56.989036], [-135.6369, 57.009878], [-135.604575, 57.045838], [-135.571524, 57.105701], [-135.457927, 57.070169], [-135.353467, 57.020909], [-135.442359, 56.942359], [-135.476837, 56.891236], [-135.506889, 56.865982], [-135.550738, 56.841232], [-135.467197, 56.771414], [-135.362261, 56.758746], [-135.305097, 56.726386], [-135.21585, 56.665344], [-135.175846, 56.67788], [-135.123409, 56.602827], [-135.058258, 56.529457], [-134.977102, 56.437298], [-134.915931, 56.360559], [-134.839431, 56.309407], [-134.81019, 56.244991], [-134.763554, 56.210367], [-134.674047, 56.166929], [-134.653846, 56.198389], [-134.634687, 56.265836], [-134.634848, 56.345301], [-134.64179, 56.445483], [-134.669798, 56.524133], [-134.626963, 56.553872], [-134.615975, 56.637293], [-134.62969, 56.7096], [-134.663454, 56.804691], [-134.695755, 56.900795], [-134.738243, 56.975745], [-134.854968, 57.26477], [-134.825599, 57.372147], [-134.824911, 57.500071], [-134.939944, 57.763616], [-134.94945, 57.781263], [-135.004972, 57.884342], [-134.926415, 57.921923], [-134.950864, 58.036997], [-135.108916, 58.088274], [-135.275817, 58.097028], [-135.497932, 58.168886], [-135.712419, 58.231896], [-135.783401, 58.286713], [-135.877489, 58.259856], [-136.033699, 58.276732], [-136.176463, 58.265115], [-136.29037, 58.251765], [-136.387134, 58.252418], [-136.365565, 58.148858], [-136.446307, 58.113344], [-136.538729, 58.093486], [-136.563244, 58.035056]]], [[[-152.064121, 60.417138], [-152.080017, 60.341192], [-151.956285, 60.367842], [-151.891564, 60.440178], [-151.839217, 60.485863], [-151.952479, 60.51061], [-152.064121, 60.417138]]], [[[-153.597433, 59.386828], [-153.546717, 59.331349], [-153.515308, 59.320879], [-153.38692, 59.330751], [-153.347794, 59.377986], [-153.412515, 59.415106], [-153.489027, 59.415231], [-153.597433, 59.386828]]], [[[-154.779684, 57.366336], [-154.793861, 57.288863], [-154.691876, 57.284111], [-154.594998, 57.257162], [-154.523452, 57.129107], [-154.528558, 57.001893], [-154.40751, 56.968335], [-154.312908, 56.918674], [-154.305733, 56.846872], [-154.129037, 56.742169], [-154.153167, 56.681698], [-154.017062, 56.689312], [-153.9718, 56.744862], [-153.90217, 56.771209], [-153.83966, 56.8221], [-153.776488, 56.830316], [-153.699429, 56.855383], [-153.603644, 56.887337], [-153.541512, 56.887876], [-153.543449, 56.995246], [-153.580851, 57.049049], [-153.48654, 57.085916], [-153.404283, 57.080512], [-153.342038, 56.982826], [-153.266842, 56.999644], [-153.200237, 57.04204], [-153.064351, 57.103791], [-152.900561, 57.132077], [-152.880342, 57.164799], [-152.949354, 57.187347], [-152.943484, 57.256957], [-152.818208, 57.265369], [-152.695719, 57.281319], [-152.630462, 57.322669], [-152.601169, 57.382166], [-152.570548, 57.44891], [-152.474904, 57.434205], [-152.323708, 57.342662], [-152.253624, 57.384021], [-152.323704, 57.467863], [-152.259662, 57.527158], [-152.159698, 57.593616], [-152.161638, 57.623289], [-152.313995, 57.636421], [-152.386826, 57.667924], [-152.440203, 57.726641], [-152.298783, 57.745926], [-152.212268, 57.791435], [-152.351173, 57.834769], [-152.324124, 57.916605], [-152.422594, 57.948663], [-152.432629, 57.97603], [-152.526304, 57.913267], [-152.635399, 57.918611], [-152.681225, 57.875676], [-152.753458, 57.834453], [-152.790232, 57.858059], [-152.804828, 57.899176], [-152.751999, 57.933467], [-152.722545, 57.987365], [-152.766694, 58.029888], [-152.656822, 58.06105], [-152.529057, 58.09378], [-152.482695, 58.129814], [-152.37442, 58.120015], [-152.265132, 58.135733], [-152.112226, 58.14856], [-152.034141, 58.183739], [-151.862342, 58.168267], [-151.795717, 58.211098], [-151.817132, 58.263446], [-151.981802, 58.347972], [-152.089271, 58.367645], [-152.129278, 58.396415], [-152.227856, 58.376425], [-152.301734, 58.428698], [-152.356111, 58.423471], [-152.344881, 58.391631], [-152.387364, 58.3595], [-152.432256, 58.355222], [-152.498501, 58.372352], [-152.512504, 58.42735], [-152.467218, 58.47661], [-152.387631, 58.522871], [-152.337233, 58.589096], [-152.35473, 58.638281], [-152.453838, 58.618516], [-152.560192, 58.619681], [-152.616151, 58.601853], [-152.666241, 58.544088], [-152.640334, 58.469869], [-152.733866, 58.460663], [-152.787797, 58.411314], [-152.883128, 58.400444], [-152.925607, 58.339687], [-153.044337, 58.306337], [-153.101862, 58.257939], [-153.202822, 58.208081], [-153.22373, 58.162121], [-153.316148, 58.140391], [-153.362302, 58.106787], [-153.419804, 58.059639], [-153.365595, 58.039053], [-153.29903, 57.985627], [-153.386443, 57.936527], [-153.484624, 57.976501], [-153.533225, 57.941118], [-153.512045, 57.909157], [-153.648819, 57.880104], [-153.721197, 57.890616], [-153.781429, 57.876418], [-153.935241, 57.813048], [-153.9303, 57.696792], [-153.994593, 57.656906], [-154.19698, 57.66464], [-154.292492, 57.644224], [-154.411406, 57.598453], [-154.522081, 57.577787], [-154.618725, 57.514973], [-154.693331, 57.446086], [-154.779684, 57.366336]]], [[[-154.840435, 56.420321], [-154.742907, 56.401679], [-154.624302, 56.475182], [-154.529527, 56.502656], [-154.266352, 56.496367], [-154.02095, 56.482026], [-153.887698, 56.533638], [-153.878784, 56.565926], [-154.025061, 56.572518], [-154.095853, 56.617787], [-154.210356, 56.609685], [-154.514098, 56.60406], [-154.70616, 56.521274], [-154.840435, 56.420321]]], [[[-155.750022, 55.82185], [-155.718613, 55.772357], [-155.591022, 55.761726], [-155.566327, 55.789489], [-155.554265, 55.846461], [-155.530611, 55.912214], [-155.605393, 55.928827], [-155.688118, 55.864887], [-155.750022, 55.82185]]], [[[-156.733648, 56.077594], [-156.735312, 56.022641], [-156.681834, 55.994338], [-156.618222, 56.017803], [-156.614777, 56.065179], [-156.683023, 56.098811], [-156.733648, 56.077594]]], [[[-157.288722, 56.56604], [-157.326079, 56.52517], [-157.168797, 56.530211], [-157.047193, 56.519932], [-156.975569, 56.540447], [-157.091166, 56.581135], [-157.172047, 56.59804], [-157.288722, 56.56604]]], [[[-160.252768, 54.913252], [-160.226986, 54.864076], [-160.099314, 54.962854], [-160.027054, 55.020911], [-159.813644, 55.027468], [-159.752798, 55.06614], [-159.635245, 55.037295], [-159.504453, 55.027317], [-159.448001, 54.941375], [-159.3097, 54.865814], [-159.272373, 54.864205], [-159.203247, 54.914843], [-159.338489, 55.046684], [-159.488785, 55.188813], [-159.521115, 55.253394], [-159.670324, 55.182338], [-159.816438, 55.178052], [-159.843878, 55.249368], [-159.87061, 55.28489], [-160.025276, 55.203915], [-160.137121, 55.171566], [-160.18728, 55.118377], [-160.192077, 55.038158], [-160.252768, 54.913252]]], [[[-160.85664, 55.318488], [-160.841936, 55.20444], [-160.8214, 55.117851], [-160.734961, 55.151311], [-160.655596, 55.160261], [-160.525245, 55.129872], [-160.48653, 55.181952], [-160.527636, 55.256374], [-160.468281, 55.288925], [-160.341236, 55.2518], [-160.306569, 55.303276], [-160.154057, 55.377519], [-160.137051, 55.45071], [-160.260584, 55.463675], [-160.33344, 55.436928], [-160.517532, 55.379378], [-160.687461, 55.402198], [-160.808948, 55.370122], [-160.85664, 55.318488]]], [[[-161.078507, 58.635577], [-161.075651, 58.549916], [-160.961437, 58.553723], [-160.880536, 58.581325], [-160.67933, 58.780226], [-160.700648, 58.817368], [-160.918607, 58.746935], [-161.056616, 58.702202], [-161.078507, 58.635577]]], [[[-161.426024, 55.216563], [-161.451305, 55.178027], [-161.344171, 55.158504], [-161.329894, 55.219418], [-161.356745, 55.221262], [-161.426024, 55.216563]]], [[[-161.697148, 55.249148], [-161.691572, 55.198479], [-161.560226, 55.207045], [-161.523453, 55.271659], [-161.697148, 55.249148]]], [[[-162.844381, 54.510428], [-162.861755, 54.424771], [-162.760266, 54.372193], [-162.608627, 54.369147], [-162.466969, 54.342692], [-162.388773, 54.367623], [-162.344859, 54.401336], [-162.585334, 54.447995], [-162.844381, 54.510428]]], [[[-165.602243, 54.045267], [-165.555786, 54.023551], [-165.287683, 54.038349], [-165.088301, 54.072491], [-164.956157, 54.060988], [-164.816184, 54.158754], [-164.763718, 54.223153], [-164.824201, 54.225527], [-164.883152, 54.196187], [-165.007928, 54.134934], [-165.140996, 54.131079], [-165.280788, 54.115625], [-165.468239, 54.079641], [-165.602243, 54.045267]]], [[[-166.061568, 54.185092], [-166.11226, 54.122528], [-166.046456, 54.044186], [-165.901667, 54.06287], [-165.875147, 54.03642], [-165.784452, 54.069435], [-165.549235, 54.112196], [-165.383737, 54.196731], [-165.47847, 54.295333], [-165.625568, 54.298964], [-165.86821, 54.214884], [-165.959769, 54.220982], [-166.061568, 54.185092]]], [[[-167.43064, 60.197005], [-167.34353, 60.126286], [-167.33331, 60.066625], [-167.22576, 60.040879], [-167.065801, 59.987959], [-166.939593, 59.965482], [-166.795215, 59.913184], [-166.665549, 59.878167], [-166.51284, 59.846424], [-166.362151, 59.838603], [-166.272189, 59.811454], [-166.190427, 59.750205], [-166.084303, 59.776058], [-166.085016, 59.839648], [-165.982338, 59.871636], [-165.856843, 59.869727], [-165.769853, 59.900494], [-165.70663, 59.883563], [-165.582323, 59.908241], [-165.532654, 59.953424], [-165.6339, 60.019596], [-165.709244, 60.066002], [-165.6667, 60.124303], [-165.723505, 60.163823], [-165.683575, 60.198334], [-165.722554, 60.236467], [-165.679891, 60.292434], [-165.883107, 60.343367], [-166.037361, 60.319455], [-166.103317, 60.36732], [-166.149784, 60.436699], [-166.241053, 60.388819], [-166.371895, 60.355155], [-166.490379, 60.389465], [-166.54861, 60.361855], [-166.616587, 60.31922], [-166.71356, 60.32734], [-166.835846, 60.26875], [-166.813148, 60.249767], [-166.84262, 60.210469], [-166.938681, 60.214703], [-167.112862, 60.231481], [-167.317623, 60.23154], [-167.43064, 60.197005]]], [[[-167.790946, 53.33552], [-167.851529, 53.308668], [-167.747772, 53.273564], [-167.622191, 53.250362], [-167.539265, 53.277864], [-167.488233, 53.269121], [-167.417731, 53.329856], [-167.308144, 53.33433], [-167.291849, 53.364102], [-167.166366, 53.412793], [-167.075404, 53.424979], [-166.994347, 53.429201], [-166.878105, 53.429884], [-166.749176, 53.440944], [-166.656252, 53.487119], [-166.581029, 53.530449], [-166.509, 53.5838], [-166.444927, 53.640646], [-166.32028, 53.674276], [-166.244074, 53.710708], [-166.138675, 53.731082], [-166.097548, 53.826933], [-166.113055, 53.853716], [-166.198769, 53.8361], [-166.336786, 53.78709], [-166.404914, 53.809345], [-166.320022, 53.869527], [-166.250953, 53.876851], [-166.210703, 53.915922], [-166.160943, 53.935638], [-166.075301, 53.969571], [-166.172383, 53.998124], [-166.225662, 53.986229], [-166.264537, 53.97755], [-166.357135, 54.002343], [-166.437101, 53.955644], [-166.508406, 53.923949], [-166.587411, 53.959831], [-166.644645, 54.014495], [-166.742605, 54.015501], [-166.879506, 53.988716], [-167.03127, 53.945204], [-167.14101, 53.866774], [-167.141984, 53.826932], [-167.098153, 53.799987], [-167.005796, 53.755446], [-167.041263, 53.707929], [-167.071841, 53.66556], [-167.107854, 53.633056], [-167.161658, 53.605909], [-167.135713, 53.551227], [-167.188051, 53.524073], [-167.278845, 53.478565], [-167.369809, 53.450646], [-167.457384, 53.442793], [-167.591237, 53.393346], [-167.694502, 53.388034], [-167.790946, 53.33552]]], [[[-168.128955, 65.655742], [-168.047645, 65.569147], [-167.851259, 65.538179], [-167.684403, 65.489077], [-167.474049, 65.412742], [-167.348764, 65.397889], [-167.067732, 65.385115], [-166.899706, 65.36064], [-166.750727, 65.33317], [-166.596989, 65.336245], [-166.439429, 65.319057], [-166.347214, 65.27634], [-166.451736, 65.236177], [-166.479938, 65.167248], [-166.634474, 65.125872], [-166.886702, 65.138761], [-166.911947, 65.125963], [-166.737275, 65.027525], [-166.697833, 64.9912], [-166.586091, 64.955711], [-166.432271, 64.883159], [-166.40734, 64.85228], [-166.479003, 64.797035], [-166.482706, 64.7551], [-166.41395, 64.651228], [-166.236963, 64.583557], [-165.819619, 64.54017], [-165.291668, 64.48073], [-165.001985, 64.433916], [-164.807771, 64.449431], [-164.548323, 64.516737], [-164.307298, 64.561487], [-164.147084, 64.564551], [-163.974377, 64.551369], [-163.829764, 64.574964], [-163.686362, 64.568797], [-163.412925, 64.524985], [-163.249117, 64.456222], [-163.133197, 64.381843], [-163.091511, 64.437735], [-163.027183, 64.477944], [-163.033256, 64.519313], [-162.940801, 64.542416], [-162.857587, 64.499779], [-162.836565, 64.436701], [-162.768449, 64.333515], [-162.632267, 64.385733], [-162.603261, 64.479903], [-162.540021, 64.53093], [-162.234502, 64.619335], [-162.188171, 64.672394], [-162.060316, 64.692871], [-161.878388, 64.709475], [-161.773003, 64.749257], [-161.645545, 64.776451], [-161.518236, 64.753249], [-161.37701, 64.773035], [-161.327873, 64.829835], [-161.213781, 64.883323], [-161.133087, 64.898218], [-161.079743, 64.869548], [-160.935999, 64.82237], [-160.783423, 64.71716], [-160.793381, 64.619317], [-160.992919, 64.541295], [-161.198054, 64.496626], [-161.389904, 64.547832], [-161.469071, 64.506574], [-161.504928, 64.423073], [-161.263544, 64.398166], [-161.177737, 64.343541], [-160.962032, 64.220575], [-160.941121, 64.066319], [-160.900489, 63.99834], [-160.765644, 63.828714], [-160.783328, 63.752893], [-161.073597, 63.5617], [-161.191187, 63.490072], [-161.421109, 63.46015], [-161.67655, 63.465003], [-161.982192, 63.446312], [-162.07318, 63.513767], [-162.252435, 63.541752], [-162.401227, 63.634366], [-162.587551, 63.625114], [-162.707583, 63.577606], [-162.562031, 63.537104], [-162.352298, 63.454068], [-162.421554, 63.409013], [-162.526612, 63.31655], [-162.602885, 63.277182], [-162.724104, 63.214614], [-162.821146, 63.205595], [-162.844583, 63.15419], [-162.919751, 63.120152], [-163.05402, 63.058333], [-163.316226, 63.037762], [-163.529962, 63.135399], [-163.616296, 63.141212], [-163.732674, 63.213256], [-163.885083, 63.222307], [-164.067015, 63.262275], [-164.209499, 63.251471], [-164.442391, 63.202671], [-164.607448, 63.112898], [-164.685236, 63.02219], [-164.81303, 62.903918], [-164.875663, 62.806253], [-164.86439, 62.752041], [-164.837726, 62.685266], [-164.962455, 62.658245], [-165.052225, 62.598216], [-165.096178, 62.522451], [-165.269293, 62.427351], [-165.458522, 62.282846], [-165.672059, 62.139889], [-165.754317, 62.055954], [-165.74355, 61.962532], [-165.650125, 61.874152], [-165.639538, 61.847005], [-165.804001, 61.825684], [-165.940886, 61.849079], [-166.094334, 61.813858], [-166.051019, 61.766688], [-166.143779, 61.724351], [-166.211809, 61.608372], [-166.149599, 61.513287], [-166.07542, 61.492979], [-165.999557, 61.539719], [-165.912518, 61.556199], [-165.86569, 61.535045], [-165.746374, 61.489303], [-165.791107, 61.449851], [-165.877126, 61.431148], [-165.921216, 61.403079], [-165.831387, 61.306718], [-165.787464, 61.310062], [-165.623339, 61.27843], [-165.632902, 61.227964], [-165.640311, 61.138065], [-165.555162, 61.092673], [-165.459258, 61.083423], [-165.385459, 61.079573], [-165.325574, 61.169305], [-165.203779, 61.15034], [-165.139425, 61.092945], [-165.057864, 61.059745], [-165.133959, 61.011249], [-165.194967, 60.973899], [-165.108517, 60.926575], [-165.085112, 60.913762], [-165.030205, 60.838049], [-165.040865, 60.772659], [-165.010474, 60.744788], [-164.991687, 60.698839], [-165.073113, 60.684216], [-165.206455, 60.610226], [-165.367697, 60.581157], [-165.42037, 60.550691], [-165.362996, 60.506865], [-165.274888, 60.49902], [-165.19047, 60.498], [-165.09396, 60.531861], [-164.986974, 60.542405], [-164.95681, 60.527836], [-165.015176, 60.471413], [-165.069714, 60.460892], [-165.129424, 60.433706], [-164.984548, 60.349928], [-164.777254, 60.293832], [-164.69891, 60.296297], [-164.619522, 60.234937], [-164.517668, 60.199492], [-164.411037, 60.097674], [-164.272829, 60.046193], [-164.131831, 59.991176], [-164.178726, 59.961809], [-164.208496, 59.93446], [-164.133414, 59.845612], [-163.930819, 59.803853], [-163.77225, 59.795624], [-163.458113, 59.809958], [-163.172654, 59.845058], [-162.929156, 59.908054], [-162.808534, 59.933933], [-162.737468, 59.972254], [-162.62259, 59.971809], [-162.515297, 59.976183], [-162.48767, 60.028082], [-162.49563, 60.078949], [-162.494202, 60.130271], [-162.451302, 60.174367], [-162.372262, 60.167009], [-162.228393, 60.056313], [-162.14307, 59.967506], [-162.108793, 59.920107], [-162.046568, 59.849688], [-161.885541, 59.69839], [-161.873965, 59.649487], [-161.773, 59.566243], [-161.702551, 59.490906], [-161.790396, 59.468197], [-161.849009, 59.432494], [-161.992924, 59.338385], [-162.048605, 59.254177], [-161.99688, 59.174126], [-161.910288, 59.093503], [-161.804055, 58.991717], [-161.764812, 58.846235], [-161.824128, 58.734549], [-161.994665, 58.688828], [-162.171743, 58.648441], [-162.027384, 58.60705], [-161.802177, 58.612318], [-161.75202, 58.551842], [-161.550558, 58.61116], [-161.372335, 58.666172], [-161.339602, 58.739339], [-161.338003, 58.742912], [-161.221963, 58.777741], [-161.073769, 58.826024], [-161.031462, 58.839808], [-161.001122, 58.849693], [-160.872024, 58.878472], [-160.82351, 58.829136], [-160.730992, 58.921186], [-160.516447, 59.01124], [-160.317801, 59.070477], [-160.256613, 58.99448], [-160.322943, 58.953953], [-160.232809, 58.901127], [-160.150549, 58.866062], [-159.979365, 58.835535], [-159.908407, 58.779903], [-159.792944, 58.823971], [-159.748204, 58.875827], [-159.712135, 58.929468], [-159.616141, 58.931601], [-159.60192, 58.884671], [-159.64357, 58.845063], [-159.532368, 58.833609], [-159.4098, 58.773611], [-159.228419, 58.603047], [-159.063367, 58.423139], [-158.880948, 58.39067], [-158.795337, 58.408032], [-158.704073, 58.482759], [-158.827873, 58.626432], [-158.861228, 58.69558], [-158.780157, 58.75379], [-158.790399, 58.804712], [-158.767769, 58.864264], [-158.619705, 58.911048], [-158.520348, 58.857105], [-158.564854, 58.802715], [-158.423849, 58.769847], [-158.376894, 58.748043], [-158.332114, 58.665313], [-158.232297, 58.619903], [-158.140328, 58.615021], [-157.777958, 58.703289], [-157.572545, 58.75084], [-157.388672, 58.805347], [-157.196313, 58.84936], [-157.116887, 58.867534], [-157.095394, 58.866671], [-157.016109, 58.863491], [-156.993569, 58.836799], [-157.062251, 58.740188], [-157.135948, 58.680732], [-157.234322, 58.616668], [-157.313593, 58.565044], [-157.481508, 58.480772], [-157.541062, 58.377303], [-157.54723, 58.277536], [-157.480151, 58.217355], [-157.556577, 58.148446], [-157.596622, 58.088671], [-157.642247, 57.868778], [-157.68337, 57.753696], [-157.7092, 57.65746], [-157.684303, 57.609975], [-157.678912, 57.563889], [-157.772517, 57.547056], [-157.931644, 57.476209], [-158.083805, 57.357182], [-158.229903, 57.321535], [-158.3202, 57.281559], [-158.531348, 57.132157], [-158.679313, 56.988626], [-158.686204, 56.911556], [-158.646832, 56.846993], [-158.656375, 56.810013], [-158.744554, 56.795113], [-158.853314, 56.792621], [-158.893568, 56.809309], [-158.972755, 56.842139], [-159.219976, 56.739531], [-159.534981, 56.62653], [-159.828069, 56.543935], [-159.985635, 56.449743], [-160.146272, 56.400176], [-160.222898, 56.346868], [-160.385942, 56.279706], [-160.405889, 56.207938], [-160.488728, 56.077214], [-160.589589, 55.983048], [-160.533705, 55.95995], [-160.457214, 55.917233], [-160.508452, 55.869379], [-160.564033, 55.863719], [-160.793234, 55.88596], [-160.81106, 55.94723], [-160.807139, 56.02398], [-160.964764, 56.023754], [-161.156889, 56.012216], [-161.450461, 55.954485], [-161.712302, 55.904232], [-161.807852, 55.891954], [-161.898975, 55.833464], [-162.050649, 55.790897], [-162.120905, 55.749089], [-162.21957, 55.710867], [-162.365486, 55.604586], [-162.56543, 55.466849], [-162.641669, 55.392576], [-162.813274, 55.299458], [-162.900046, 55.252466], [-162.861539, 55.198339], [-163.032275, 55.172147], [-163.132026, 55.179629], [-163.314671, 55.126312], [-163.28079, 55.032959], [-163.343787, 54.974439], [-163.429567, 54.954759], [-163.527128, 55.040871], [-163.774112, 55.05578], [-163.894714, 55.039115], [-163.994198, 54.983315], [-164.119215, 54.969416], [-164.204916, 54.93124], [-164.343553, 54.894139], [-164.435299, 54.933126], [-164.576279, 54.895342], [-164.576915, 54.824564], [-164.674855, 54.702596], [-164.741834, 54.645441], [-164.864352, 54.620188], [-164.948808, 54.579877], [-164.944654, 54.532903], [-164.904095, 54.499195], [-164.861493, 54.431353], [-164.743995, 54.394216], [-164.640475, 54.391166], [-164.456573, 54.419856], [-164.352723, 54.465023], [-164.337557, 54.524259], [-164.257604, 54.572722], [-164.038289, 54.624688], [-163.803609, 54.636498], [-163.572402, 54.623211], [-163.392217, 54.658496], [-163.223198, 54.676895], [-163.037807, 54.646995], [-163.068971, 54.712605], [-163.184314, 54.774912], [-163.281398, 54.77673], [-163.353016, 54.810174], [-163.254607, 54.838907], [-163.149599, 54.885906], [-163.065621, 54.926172], [-162.962224, 54.993538], [-162.913703, 54.950273], [-162.834264, 54.926851], [-162.708472, 54.95848], [-162.587986, 54.97201], [-162.56931, 55.004599], [-162.471383, 55.051932], [-162.413529, 55.03656], [-162.435492, 54.929249], [-162.428256, 54.895434], [-162.349334, 54.836049], [-162.282963, 54.841216], [-162.236825, 54.88163], [-162.235694, 54.962601], [-162.219345, 55.028975], [-162.190367, 55.066981], [-162.118759, 55.102911], [-162.0533, 55.074212], [-161.956614, 55.112174], [-161.906453, 55.10032], [-161.792316, 55.052278], [-161.690365, 55.0785], [-161.550376, 55.065734], [-161.576662, 55.103831], [-161.718633, 55.154166], [-161.817251, 55.176529], [-161.863358, 55.266989], [-161.777433, 55.329377], [-161.686514, 55.408041], [-161.700088, 55.51439], [-161.658281, 55.560447], [-161.587066, 55.62006], [-161.482083, 55.633979], [-161.392632, 55.628221], [-161.376121, 55.569794], [-161.46929, 55.49683], [-161.478322, 55.4406], [-161.51423, 55.385254], [-161.486133, 55.359322], [-161.253996, 55.355896], [-161.080568, 55.408498], [-160.97657, 55.472736], [-160.836744, 55.473135], [-160.78142, 55.45178], [-160.666936, 55.459776], [-160.654136, 55.512596], [-160.521354, 55.47442], [-160.462764, 55.506654], [-160.46432, 55.533243], [-160.392606, 55.602771], [-160.279846, 55.641384], [-160.130464, 55.68142], [-160.058462, 55.721735], [-160.026301, 55.792296], [-159.937109, 55.803307], [-159.847379, 55.802531], [-159.770318, 55.852358], [-159.679812, 55.838766], [-159.627502, 55.803249], [-159.673211, 55.750962], [-159.67922, 55.655896], [-159.760384, 55.615204], [-159.733918, 55.569986], [-159.696732, 55.573307], [-159.572144, 55.627685], [-159.561458, 55.640914], [-159.532773, 55.676425], [-159.394615, 55.714945], [-159.086237, 55.83487], [-159.096207, 55.914751], [-158.898136, 55.951042], [-158.74858, 55.959366], [-158.653234, 55.958616], [-158.638231, 55.994744], [-158.50986, 55.979618], [-158.431491, 55.994453], [-158.394942, 56.064722], [-158.374344, 56.134523], [-158.283211, 56.173213], [-158.117817, 56.230743], [-158.207407, 56.294355], [-158.288389, 56.31609], [-158.415115, 56.336229], [-158.489566, 56.341866], [-158.438434, 56.427472], [-158.371973, 56.467335], [-158.284719, 56.48109], [-158.246164, 56.466125], [-158.12746, 56.460806], [-157.971731, 56.476738], [-157.869144, 56.456613], [-157.817846, 56.514211], [-157.869917, 56.566838], [-157.918561, 56.643138], [-157.791864, 56.670693], [-157.719068, 56.653085], [-157.674607, 56.609508], [-157.605251, 56.621316], [-157.496543, 56.616898], [-157.45218, 56.643221], [-157.563822, 56.703427], [-157.530785, 56.753776], [-157.411508, 56.778352], [-157.290531, 56.804714], [-157.183656, 56.76908], [-157.073473, 56.838346], [-157.034644, 56.884488], [-156.935649, 56.920088], [-156.826002, 56.897668], [-156.704236, 56.98708], [-156.63786, 56.993906], [-156.55054, 56.984611], [-156.479131, 57.068396], [-156.44303, 57.119534], [-156.342124, 57.177851], [-156.334424, 57.182301], [-156.342963, 57.248057], [-156.336447, 57.336082], [-156.36206, 57.400475], [-156.220126, 57.445296], [-156.091689, 57.43983], [-156.012862, 57.451395], [-156.046825, 57.525725], [-155.915282, 57.535332], [-155.7328, 57.549733], [-155.724188, 57.633446], [-155.629933, 57.656377], [-155.615224, 57.688075], [-155.609374, 57.7777], [-155.506554, 57.760971], [-155.354032, 57.715262], [-155.28536, 57.758727], [-155.272938, 57.823982], [-155.097116, 57.865357], [-155.061827, 57.904331], [-155.118669, 57.953926], [-155.026296, 57.999303], [-154.87658, 58.027723], [-154.765308, 58.003711], [-154.581568, 58.019286], [-154.478, 58.05238], [-154.34047, 58.090922], [-154.222486, 58.132567], [-154.145298, 58.210932], [-154.103433, 58.280162], [-154.074166, 58.352662], [-153.985437, 58.390878], [-154.070681, 58.440019], [-154.001939, 58.492347], [-153.930494, 58.497483], [-153.910015, 58.561214], [-153.851453, 58.611873], [-153.73104, 58.608225], [-153.591656, 58.640085], [-153.552671, 58.687177], [-153.445023, 58.709311], [-153.402493, 58.742608], [-153.36941, 58.821256], [-153.294458, 58.855037], [-153.267428, 58.867219], [-153.322864, 58.90785], [-153.393123, 58.951098], [-153.479961, 58.995287], [-153.596511, 59.000193], [-153.695686, 59.073995], [-153.793994, 59.071417], [-153.932846, 59.062678], [-154.063511, 59.072141], [-154.180713, 59.123236], [-154.172966, 59.172497], [-154.141214, 59.216599], [-154.122703, 59.287623], [-154.030829, 59.327041], [-153.998528, 59.384724], [-153.925329, 59.405255], [-153.862221, 59.424125], [-153.747223, 59.429658], [-153.699047, 59.463604], [-153.761502, 59.543412], [-153.684947, 59.552866], [-153.57785, 59.555992], [-153.553185, 59.597047], [-153.542488, 59.630237], [-153.409444, 59.636329], [-153.308859, 59.625707], [-153.24004, 59.632427], [-153.155041, 59.654345], [-153.051581, 59.691563], [-153.016375, 59.751128], [-153.009106, 59.830644], [-152.967289, 59.881495], [-152.860889, 59.875034], [-152.700844, 59.92031], [-152.679424, 59.968055], [-152.575175, 60.048261], [-152.550199, 60.113716], [-152.578752, 60.169871], [-152.57496, 60.206452], [-152.539865, 60.241645], [-152.411303, 60.287865], [-152.376765, 60.345614], [-152.234221, 60.393889], [-152.301972, 60.414329], [-152.331387, 60.473526], [-152.26152, 60.538238], [-152.136183, 60.578476], [-152.039404, 60.660518], [-151.897943, 60.721751], [-151.716402, 60.710416], [-151.703825, 60.732377], [-151.777333, 60.810462], [-151.800287, 60.853673], [-151.720838, 60.904258], [-151.600149, 60.96559], [-151.480323, 61.010903], [-151.349027, 61.010005], [-151.252407, 61.039969], [-151.166629, 61.046405], [-151.121715, 61.083575], [-151.047759, 61.160891], [-150.974035, 61.194469], [-150.939274, 61.2103], [-150.827318, 61.228391], [-150.679925, 61.26589], [-150.53602, 61.269726], [-150.425023, 61.245554], [-150.204917, 61.25955], [-150.221014, 61.194186], [-150.228797, 61.162583], [-150.265917, 61.127367], [-150.065669, 61.151081], [-150.005064, 61.138558], [-149.831945, 61.076199], [-149.71719, 61.011305], [-149.748487, 61.001239], [-149.853716, 60.967397], [-149.900158, 60.940045], [-149.985397, 60.879035], [-150.109299, 60.890359], [-150.194151, 60.901342], [-150.341732, 61.024203], [-150.401882, 61.036229], [-150.501946, 61.007959], [-150.705835, 60.937794], [-150.895531, 60.853167], [-151.062581, 60.78743], [-151.261342, 60.769802], [-151.370538, 60.733573], [-151.410296, 60.711024], [-151.350177, 60.634661], [-151.303148, 60.561327], [-151.281833, 60.496035], [-151.306112, 60.387258], [-151.366896, 60.372656], [-151.381981, 60.296952], [-151.421724, 60.212932], [-151.606903, 60.099559], [-151.718032, 60.009474], [-151.757715, 59.917638], [-151.813641, 59.844298], [-151.86949, 59.76916], [-151.746837, 59.686235], [-151.643083, 59.646967], [-151.448691, 59.648172], [-151.296917, 59.696863], [-151.205481, 59.630286], [-151.327825, 59.573049], [-151.516361, 59.523521], [-151.742937, 59.468287], [-151.886535, 59.421034], [-151.963152, 59.344959], [-151.984123, 59.278697], [-151.915706, 59.227523], [-151.858146, 59.144235], [-151.66239, 59.089736], [-151.433412, 59.135519], [-151.470645, 59.242623], [-151.341623, 59.222233], [-151.287793, 59.219419], [-151.126269, 59.209925], [-151.001218, 59.224151], [-150.942234, 59.233138], [-150.887843, 59.267922], [-150.912839, 59.305216], [-150.82279, 59.330765], [-150.721821, 59.292089], [-150.680894, 59.305414], [-150.60951, 59.386316], [-150.581204, 59.445235], [-150.498922, 59.4563], [-150.477739, 59.422113], [-150.430166, 59.343359], [-150.385363, 59.341965], [-150.359014, 59.399686], [-150.29713, 59.424749], [-150.28086, 59.466835], [-150.133769, 59.556788], [-150.002359, 59.630565], [-149.919466, 59.691838], [-149.842694, 59.701302], [-149.746242, 59.637587], [-149.731988, 59.706785], [-149.626333, 59.734412], [-149.527815, 59.706848], [-149.50678, 59.770929], [-149.595553, 59.797722], [-149.572736, 59.852319], [-149.472249, 59.903695], [-149.376615, 59.835881], [-149.270645, 59.872069], [-149.221089, 59.93875], [-149.123284, 59.968561], [-149.036489, 59.942139], [-148.936428, 59.953431], [-148.859578, 59.9244], [-148.801347, 59.952796], [-148.689518, 59.944703], [-148.649552, 59.923555], [-148.634799, 59.915749], [-148.478903, 59.935808], [-148.401688, 59.977838], [-148.313984, 60.033861], [-148.220576, 59.976352], [-148.254082, 59.932359], [-148.101261, 59.952796], [-147.956797, 59.959402], [-147.855106, 59.871917], [-147.913338, 59.837183], [-147.929262, 59.783877], [-147.876497, 59.763895], [-147.765144, 59.795956], [-147.646067, 59.81783], [-147.508331, 59.841959], [-147.391868, 59.877762], [-147.470303, 59.906734], [-147.452239, 59.954013], [-147.339816, 59.962104], [-147.376419, 60.016194], [-147.257817, 60.107885], [-147.145227, 60.171323], [-146.993375, 60.240082], [-146.916509, 60.290975], [-146.694056, 60.27961], [-146.650874, 60.242984], [-146.607714, 60.241184], [-146.490826, 60.294941], [-146.393278, 60.327478], [-146.232703, 60.338853], [-146.197251, 60.348296], [-146.088156, 60.364989], [-145.988568, 60.387429], [-145.831224, 60.350295], [-145.639226, 60.301973], [-145.510832, 60.318298], [-145.380086, 60.352831], [-145.254771, 60.31145], [-145.13675, 60.296221], [-145.089161, 60.320016], [-144.95787, 60.288154], [-144.929349, 60.228255], [-144.654921, 60.204885], [-144.555115, 60.178488], [-144.429271, 60.148023], [-144.348935, 60.091187], [-144.186767, 60.11697], [-144.110322, 60.098942], [-144.052561, 60.041762], [-144.005901, 60.012984], [-143.897051, 59.985941], [-143.893348, 59.986724], [-143.781671, 60.010357], [-143.624174, 60.03726], [-143.26784, 60.058658], [-143.068722, 60.068606], [-142.908881, 60.090331], [-142.74489, 60.094133], [-142.426594, 60.071069], [-142.062476, 60.023784], [-141.91224, 60.009782], [-141.736262, 59.961908], [-141.595398, 59.961908], [-141.485229, 59.925027], [-141.392833, 59.870031], [-141.156519, 59.813585], [-140.922657, 59.75169], [-140.792533, 59.728576], [-140.411922, 59.699652], [-140.242599, 59.687891], [-140.176246, 59.735968], [-140.080445, 59.756302], [-139.871244, 59.802614], [-139.776858, 59.833838], [-139.608567, 59.821964], [-139.588799, 59.708971], [-139.585811, 59.642768], [-139.742682, 59.623874], [-139.861328, 59.546681], [-139.632918, 59.459909], [-139.42019, 59.379763], [-139.271053, 59.337424], [-139.071501, 59.287153], [-138.91977, 59.248534], [-138.807207, 59.208776], [-138.636723, 59.130589], [-138.35793, 59.069398], [-138.224344, 59.03222], [-138.066353, 58.95713], [-137.952016, 58.886033], [-137.924629, 58.843932], [-137.936181, 58.810654], [-137.941849, 58.794326], [-137.836469, 58.741567], [-137.681654, 58.656456], [-137.65373, 58.608328], [-137.568237, 58.587993], [-137.355349, 58.492378], [-137.239387, 58.453163], [-137.07813, 58.397478], [-136.986405, 58.404047], [-136.911734, 58.370256], [-136.857626, 58.316364], [-136.717114, 58.273512], [-136.701271, 58.21942], [-136.591945, 58.21789], [-136.567977, 58.245157], [-136.57682, 58.277955], [-136.544797, 58.316669], [-136.437173, 58.302421], [-136.265927, 58.314503], [-136.111951, 58.342534], [-136.041839, 58.380165], [-135.917938, 58.381241], [-135.728075, 58.397071], [-135.649882, 58.324521], [-135.544234, 58.330232], [-135.449987, 58.339072], [-135.40808, 58.343003], [-135.306528, 58.24292], [-135.227757, 58.236904], [-135.087893, 58.200077], [-135.101231, 58.292611], [-135.049083, 58.309299], [-135.068458, 58.374161], [-135.104434, 58.449267], [-135.06179, 58.451357], [-134.936918, 58.457478], [-134.750607, 58.391537], [-134.631223, 58.24745], [-134.464655, 58.227392], [-134.375599, 58.208709], [-134.234592, 58.197238], [-134.146705, 58.199088], [-134.078175, 58.15205], [-134.049623, 58.062031], [-133.848796, 57.935444], [-133.703117, 57.792156], [-133.703045, 57.792041], [-133.65455, 57.713693], [-133.676469, 57.625196], [-133.62078, 57.578923], [-133.519618, 57.530709], [-133.514984, 57.473349], [-133.472059, 57.368655], [-133.489758, 57.305196], [-133.544837, 57.242574], [-133.466952, 57.15936], [-133.322379, 57.112731], [-133.247434, 57.136806], [-133.161468, 57.086268], [-132.93754, 57.048325], [-132.892408, 56.99302], [-132.792109, 56.856156], [-132.556777, 56.757247], [-132.545842, 56.713626], [-132.542904, 56.70191], [-132.529056, 56.637975], [-132.450809, 56.564103], [-132.528656, 56.529274], [-132.627563, 56.462874], [-132.791891, 56.449173], [-132.896361, 56.457982], [-132.977182, 56.439677], [-133.06038, 56.358382], [-133.069619, 56.346327], [-133.070075, 56.330955], [-133.029731, 56.315704], [-132.961101, 56.296171], [-132.926778, 56.266192], [-132.877601, 56.240326], [-132.843735, 56.238937], [-132.718361, 56.217708], [-132.708716, 56.112128], [-132.594254, 56.021863], [-132.492814, 56.066441], [-132.449853, 55.956191], [-132.397323, 55.878872], [-132.323261, 55.851883], [-132.279981, 55.924844], [-132.170217, 55.919236], [-132.067431, 55.875083], [-132.130432, 55.811424], [-132.26509, 55.762179], [-132.224186, 55.701771], [-132.1997, 55.633839], [-132.183226, 55.588133], [-132.114673, 55.550628], [-131.971811, 55.498284], [-131.844176, 55.456747], [-131.854316, 55.421079], [-131.862181, 55.289289], [-131.828414, 55.198487], [-131.748353, 55.128593], [-131.684151, 55.119098], [-131.605321, 55.107441], [-131.589406, 55.088945], [-131.646295, 55.035584], [-131.60568, 55.004408], [-131.611908, 54.982275], [-131.621967, 54.946536], [-131.594586, 54.931135], [-131.491523, 54.930397], [-131.433492, 54.89654], [-131.327642, 54.859127], [-131.253689, 54.866784], [-131.195215, 54.919772], [-131.246007, 54.940496], [-131.246037, 54.98956], [-131.190052, 55.043178], [-131.190647, 55.108018], [-131.160511, 55.197486], [-131.093825, 55.19134], [-131.087516, 55.163041], [-131.052317, 55.118165], [-131.013234, 55.090074], [-130.997076, 55.044261], [-131.01208, 54.996243], [-130.975048, 54.974858], [-130.960418, 54.93369], [-130.947356, 54.886738], [-130.932472, 54.806943], [-130.866884, 54.769073], [-130.844163, 54.765806], [-130.79214, 54.784789], [-130.737441, 54.75355], [-130.68621, 54.716915], [-130.628088, 54.739346], [-130.636763, 54.778461], [-130.529246, 54.810905], [-130.339522, 54.921381], [-130.22153, 55.025995], [-130.169312, 55.105429], [-130.104767, 55.18898], [-130.001753, 55.264562], [-129.982367, 55.302084], [-130.023577, 55.338264], [-130.039947, 55.429427], [-130.085432, 55.491522], [-130.120151, 55.563924], [-130.111696, 55.682056], [-130.15008, 55.727104], [-130.13824, 55.763034], [-130.123739, 55.807045], [-130.084529, 55.824002], [-130.013217, 55.916387], [-130.004279, 55.993384], [-130.10278, 56.116701], [-130.245559, 56.096881], [-130.246596, 56.097201], [-130.343735, 56.127167], [-130.425594, 56.140681], [-130.466893, 56.239794], [-130.622501, 56.267944], [-130.740638, 56.342958], [-130.810726, 56.371068], [-131.085723, 56.406545], [-131.086814, 56.407099], [-131.167944, 56.448366], [-131.461825, 56.547909], [-131.58124, 56.61328], [-131.835152, 56.601854], [-131.901779, 56.753163], [-131.871744, 56.80497], [-132.125953, 56.874703], [-132.118937, 56.891234], [-132.051064, 57.05116], [-132.371332, 57.095234], [-132.252207, 57.21566], [-132.368004, 57.34869], [-132.559198, 57.503931], [-132.655299, 57.601749], [-132.756833, 57.705097], [-132.869338, 57.842945], [-133.076441, 57.999766], [-133.176464, 58.150155], [-133.176962, 58.150515], [-133.343745, 58.270919], [-133.461495, 58.38553], [-133.379928, 58.427913], [-133.699856, 58.607294], [-133.840413, 58.727995], [-134.250547, 58.85805], [-134.328985, 58.919597], [-134.328013, 58.962976], [-134.328003, 58.963435], [-134.401063, 58.976225], [-134.379792, 59.034965], [-134.481262, 59.128075], [-134.56671, 59.128282], [-134.664091, 59.181176], [-134.702404, 59.24784], [-134.961993, 59.28038], [-135.029266, 59.345368], [-135.029142, 59.345601], [-135.010054, 59.381292], [-135.067377, 59.421859], [-135.026349, 59.474662], [-135.027477, 59.563696], [-135.114609, 59.623419], [-135.214365, 59.664347], [-135.231169, 59.69718], [-135.477457, 59.79963], [-135.717341, 59.73008], [-135.945926, 59.663806], [-136.190373, 59.639858], [-136.350643, 59.59933], [-136.237361, 59.558738], [-136.23425, 59.524735], [-136.358162, 59.449803], [-136.474347, 59.464198], [-136.466836, 59.284256], [-136.490056, 59.260098], [-136.581542, 59.164913], [-136.826654, 59.158393], [-136.863917, 59.138476], [-137.264773, 59.002356], [-137.447404, 58.909517], [-137.526445, 58.906838], [-137.525699, 58.908975], [-137.498579, 58.986698], [-137.604298, 59.243061], [-138.584841, 59.752457], [-138.643444, 59.792506], [-138.702075, 59.910249], [-139.046448, 59.998238], [-139.200368, 60.090704], [-139.082268, 60.323828], [-139.086691, 60.357657], [-139.698383, 60.340424], [-139.989164, 60.185243], [-140.472314, 60.310593], [-140.535112, 60.224227], [-141.001862, 60.306108], [-141.001872, 60.39169], [-141.002044, 61.90405], [-141.002492, 65.839411], [-141.002492, 65.840078], [-141.00264, 68.498365], [-141.002704, 69.645612], [-141.210488, 69.684193], [-141.430872, 69.695147], [-141.713401, 69.7895], [-142.015673, 69.837978], [-142.239905, 69.8966], [-142.404398, 69.916513], [-142.452959, 69.958127], [-142.746839, 70.042533], [-142.999822, 70.088307], [-143.28191, 70.151054], [-143.425231, 70.12493], [-143.517332, 70.13842], [-143.914276, 70.115698], [-144.274936, 70.048713], [-144.455453, 70.035246], [-144.672337, 69.966878], [-144.792646, 69.979798], [-144.902336, 69.964512], [-145.175105, 69.991709], [-145.434862, 70.036996], [-145.623338, 70.084377], [-145.85833, 70.165998], [-146.006444, 70.140404], [-146.129612, 70.15895], [-146.508166, 70.186046], [-146.885804, 70.185919], [-146.991142, 70.147612], [-147.161634, 70.155614], [-147.23336, 70.207555], [-147.431565, 70.188827], [-147.765137, 70.219807], [-147.863752, 70.293318], [-147.961533, 70.314202], [-148.20351, 70.348189], [-148.35147, 70.304454], [-148.466183, 70.31361], [-148.477077, 70.359069], [-148.66705, 70.430085], [-148.929012, 70.426836], [-149.179181, 70.485701], [-149.461788, 70.518272], [-149.740221, 70.498152], [-149.866731, 70.51077], [-150.074494, 70.439334], [-150.301549, 70.418393], [-150.414391, 70.459695], [-150.557448, 70.481644], [-150.78636, 70.463272], [-150.903798, 70.460911], [-151.020474, 70.433842], [-151.17522, 70.375559], [-151.297631, 70.400749], [-151.50445, 70.431104], [-151.739895, 70.436208], [-151.73432, 70.503493], [-151.697291, 70.547742], [-151.975818, 70.563216], [-152.078696, 70.584505], [-152.296723, 70.602288], [-152.433814, 70.616927], [-152.473381, 70.68367], [-152.352229, 70.697803], [-152.34845, 70.744383], [-152.192494, 70.795295], [-152.223087, 70.824595], [-152.423568, 70.858709], [-152.696902, 70.882086], [-152.904277, 70.883877], [-153.049241, 70.913102], [-153.238514, 70.922467], [-153.426299, 70.890131], [-153.666397, 70.883448], [-153.890514, 70.885719], [-154.12752, 70.778133], [-154.29035, 70.821495], [-154.430262, 70.831258], [-154.572491, 70.82594], [-154.608348, 70.942405], [-154.581163, 71.007321], [-154.942898, 71.126264], [-155.060798, 71.145422], [-155.262636, 71.079149], [-155.364194, 70.994195], [-155.513327, 70.940579], [-155.485949, 70.885905], [-155.543064, 70.847175], [-155.731875, 70.83116], [-155.924988, 70.85272], [-155.979298, 70.918524], [-155.952084, 70.964831], [-155.762102, 70.985644], [-155.705521, 71.020153], [-155.533381, 71.067683], [-155.520771, 71.102476], [-155.587736, 71.17256], [-155.895139, 71.193899], [-156.044649, 71.184701], [-156.074445, 71.242489], [-156.309942, 71.259881], [-156.531158, 71.296338], [-156.568684, 71.352561], [-156.809687, 71.286886], [-156.906199, 71.239616], [-157.176111, 71.095549], [-157.421034, 70.976805], [-157.768485, 70.875842], [-158.03243, 70.832262], [-158.366335, 70.819711], [-158.573946, 70.794949], [-158.853453, 70.792351], [-159.115005, 70.817401], [-159.171843, 70.875102], [-159.648416, 70.794367], [-159.869205, 70.706396], [-160.21486, 70.559086], [-160.812822, 70.376695], [-161.288229, 70.296771], [-161.581943, 70.302876], [-161.879298, 70.329268], [-162.302346, 70.204226], [-162.503603, 70.100392], [-162.788111, 69.929096], [-162.989115, 69.825249], [-163.071934, 69.737604], [-163.151292, 69.612629], [-163.151381, 69.430261], [-163.244686, 69.30608], [-163.574064, 69.124076], [-163.927029, 69.000801], [-164.253186, 68.930937], [-164.526916, 68.917907], [-164.967571, 68.883028], [-165.522387, 68.855837], [-165.923763, 68.86843], [-166.224216, 68.873173], [-166.19345, 68.726647], [-166.22979, 68.613769], [-166.283149, 68.521245], [-166.328487, 68.442259], [-166.59183, 68.405549], [-166.838997, 68.337184], [-166.600918, 68.333635], [-166.313166, 68.289162], [-166.089481, 68.221297], [-165.974998, 68.140908], [-165.872116, 68.110045], [-165.688165, 68.090394], [-165.396548, 68.034729], [-165.350078, 68.025858], [-165.094256, 67.931962], [-164.533965, 67.725605], [-164.256662, 67.65165], [-164.051316, 67.56635], [-163.878809, 67.416124], [-163.740847, 67.209959], [-163.702072, 67.109374], [-163.591243, 67.092372], [-163.299293, 67.060747], [-163.011703, 67.029537], [-162.843006, 66.991176], [-162.635497, 66.998433], [-162.468468, 66.980603], [-162.466729, 66.950997], [-162.582883, 66.904291], [-162.626723, 66.859571], [-162.501442, 66.742502], [-162.349801, 66.726712], [-162.175425, 66.687788], [-162.105668, 66.622583], [-161.874907, 66.511445], [-161.863717, 66.459486], [-161.916336, 66.34948], [-161.694431, 66.396173], [-161.57544, 66.396805], [-161.322153, 66.368553], [-161.089188, 66.315139], [-160.993992, 66.234443], [-161.198998, 66.210948], [-161.320805, 66.22359], [-161.341216, 66.255099], [-161.484566, 66.262425], [-161.548456, 66.239911], [-161.61397, 66.176692], [-161.775563, 66.073731], [-161.838044, 66.022581], [-162.13745, 66.078546], [-162.33131, 66.031402], [-162.423752, 66.048983], [-162.62231, 66.039525], [-162.750731, 66.090159], [-162.997499, 66.076844], [-163.146752, 66.059486], [-163.372098, 66.085028], [-163.495871, 66.085387], [-163.69542, 66.059551], [-163.803606, 66.100058], [-163.916577, 66.190493], [-163.925178, 66.225077], [-163.843134, 66.259868], [-163.849189, 66.307638], [-163.873132, 66.389014], [-163.798714, 66.436874], [-163.728335, 66.498551], [-163.603983, 66.558088], [-163.824193, 66.591679], [-164.39597, 66.581196], [-164.400751, 66.581109], [-164.816119, 66.525024], [-165.40723, 66.42044], [-166.038108, 66.269511], [-166.76897, 66.06858], [-167.282778, 65.897384], [-167.650076, 65.795701], [-167.979914, 65.72797], [-168.128955, 65.655742]]], [[[-169.286537, 52.784747], [-169.261782, 52.754897], [-169.170388, 52.776663], [-169.005055, 52.829992], [-168.851034, 52.90804], [-168.755548, 52.907507], [-168.688485, 52.9664], [-168.613981, 53.008776], [-168.457121, 53.055839], [-168.41254, 53.110683], [-168.343093, 53.170553], [-168.296247, 53.227235], [-168.092029, 53.28827], [-167.959114, 53.341788], [-167.842346, 53.386489], [-167.856855, 53.428609], [-167.808135, 53.473861], [-167.789182, 53.519329], [-167.914687, 53.522716], [-168.027024, 53.562755], [-168.238339, 53.521902], [-168.342145, 53.475992], [-168.395373, 53.397776], [-168.420539, 53.322743], [-168.445101, 53.26533], [-168.581909, 53.286521], [-168.763349, 53.182812], [-168.804919, 53.120015], [-168.785253, 53.045038], [-168.861078, 53.016384], [-168.959477, 52.936739], [-169.044483, 52.893927], [-169.286537, 52.784747]]], [[[-169.818329, 56.633611], [-169.685844, 56.539716], [-169.582643, 56.536938], [-169.453805, 56.583785], [-169.474341, 56.625182], [-169.61371, 56.62276], [-169.818329, 56.633611]]], [[[-170.1707, 52.784917], [-170.207904, 52.708898], [-170.077751, 52.720416], [-169.951515, 52.788615], [-169.818565, 52.791577], [-169.70389, 52.777117], [-169.666529, 52.864349], [-169.662402, 52.951752], [-169.68005, 53.035075], [-169.747474, 53.093199], [-169.820215, 53.066789], [-169.762757, 52.97805], [-169.857584, 52.908533], [-170.026359, 52.944911], [-170.092238, 52.919386], [-170.1707, 52.784917]]], [[[-170.420066, 57.212916], [-170.421886, 57.161201], [-170.286337, 57.128168], [-170.133903, 57.181328], [-170.144015, 57.242803], [-170.30311, 57.238028], [-170.420066, 57.212916]]], [[[-170.81796, 52.636274], [-170.841953, 52.55817], [-170.788512, 52.540239], [-170.685931, 52.581227], [-170.584977, 52.587185], [-170.532161, 52.67997], [-170.671562, 52.698081], [-170.81796, 52.636274]]], [[[-171.312675, 52.493501], [-171.304187, 52.449951], [-171.226746, 52.434268], [-171.19603, 52.500105], [-171.256785, 52.528579], [-171.312675, 52.493501]]], [[[-171.836853, 63.564881], [-171.850006, 63.485037], [-171.760134, 63.381631], [-171.667137, 63.356164], [-171.528106, 63.324931], [-171.433341, 63.307576], [-171.285433, 63.366462], [-171.226349, 63.395106], [-171.067686, 63.424577], [-170.89619, 63.417743], [-170.663559, 63.376107], [-170.430679, 63.314282], [-170.303653, 63.23869], [-170.263055, 63.179145], [-170.186508, 63.181616], [-170.049645, 63.163375], [-169.881253, 63.105846], [-169.788489, 63.043013], [-169.757271, 62.960085], [-169.638331, 62.937525], [-169.568038, 62.976877], [-169.576988, 63.027023], [-169.535007, 63.074353], [-169.436771, 63.113577], [-169.230546, 63.172946], [-169.075053, 63.177687], [-168.939173, 63.137651], [-168.841677, 63.153842], [-168.75156, 63.21796], [-168.685168, 63.296425], [-168.937408, 63.333787], [-169.087937, 63.340935], [-169.462756, 63.360456], [-169.566585, 63.388723], [-169.656497, 63.429927], [-169.857101, 63.441973], [-170.007966, 63.475426], [-170.048986, 63.537956], [-170.095856, 63.612699], [-170.176436, 63.625487], [-170.267503, 63.675814], [-170.344878, 63.694223], [-170.488215, 63.696721], [-170.606305, 63.67273], [-170.859055, 63.587501], [-170.95084, 63.570125], [-171.309356, 63.621083], [-171.552879, 63.666249], [-171.583073, 63.715555], [-171.613205, 63.785063], [-171.743421, 63.782969], [-171.802847, 63.716389], [-171.791904, 63.620623], [-171.836853, 63.564881]]], [[[-172.612291, 52.306827], [-172.640009, 52.244764], [-172.528112, 52.254335], [-172.414436, 52.276739], [-172.301462, 52.32995], [-172.326461, 52.366471], [-172.448199, 52.391438], [-172.545133, 52.357862], [-172.612291, 52.306827]]], [[[-173.074662, 60.704655], [-173.115589, 60.658969], [-173.06382, 60.502587], [-172.896018, 60.450585], [-172.630292, 60.33492], [-172.416554, 60.314345], [-172.254283, 60.297373], [-172.238882, 60.33664], [-172.380966, 60.382762], [-172.545932, 60.412223], [-172.847364, 60.51674], [-172.912656, 60.604127], [-173.074662, 60.704655]]], [[[-175.301572, 52.055601], [-175.323338, 52.007487], [-175.155689, 52.011511], [-175.014823, 52.006999], [-174.892322, 52.019686], [-174.736608, 52.007307], [-174.556294, 52.036732], [-174.408709, 52.01281], [-174.382677, 52.081657], [-174.278295, 52.089488], [-174.099852, 52.072077], [-173.901091, 52.049434], [-173.820708, 52.043311], [-173.695332, 52.055318], [-173.513063, 52.025309], [-173.393986, 52.028673], [-173.169574, 52.043849], [-172.980239, 52.064048], [-172.947828, 52.10737], [-173.17442, 52.126277], [-173.375246, 52.108227], [-173.529939, 52.159363], [-173.65442, 52.146191], [-173.899982, 52.139948], [-174.022654, 52.133712], [-174.04701, 52.236261], [-173.985219, 52.317599], [-174.068264, 52.39033], [-174.185363, 52.417787], [-174.329834, 52.373547], [-174.455995, 52.313689], [-174.462978, 52.21303], [-174.554686, 52.160404], [-174.715221, 52.127374], [-174.887258, 52.128601], [-175.031229, 52.092108], [-175.301572, 52.055601]]], [[[-176.950144, 51.686718], [-176.987399, 51.606871], [-176.938933, 51.590981], [-176.809016, 51.616234], [-176.71544, 51.620421], [-176.656021, 51.658305], [-176.543964, 51.698718], [-176.467066, 51.726667], [-176.289937, 51.741677], [-176.158201, 51.7689], [-175.99848, 51.801541], [-175.963057, 51.846252], [-175.789134, 51.919322], [-175.639755, 51.933644], [-175.424875, 51.972331], [-175.450486, 52.012741], [-175.66429, 51.993861], [-175.807864, 51.989664], [-175.88753, 51.995141], [-176.007605, 52.066227], [-176.055999, 52.109468], [-176.149526, 52.117569], [-176.211204, 52.064705], [-176.183039, 51.998903], [-176.168659, 51.948024], [-176.173887, 51.882448], [-176.311589, 51.872462], [-176.431689, 51.861168], [-176.576397, 51.842274], [-176.554677, 51.909833], [-176.549135, 51.95556], [-176.579991, 52.003237], [-176.698787, 51.964453], [-176.774039, 51.965894], [-176.810449, 51.927088], [-176.762494, 51.867877], [-176.781905, 51.832372], [-176.917104, 51.797015], [-176.950144, 51.686718]]], [[[-177.670135, 51.74338], [-177.707818, 51.703267], [-177.651402, 51.653603], [-177.483975, 51.682277], [-177.348026, 51.696512], [-177.275137, 51.680509], [-177.189956, 51.697216], [-177.105204, 51.719332], [-177.098677, 51.829646], [-177.045106, 51.898604], [-177.099282, 51.936118], [-177.181287, 51.943166], [-177.199555, 51.910238], [-177.228193, 51.803782], [-177.313165, 51.778222], [-177.49214, 51.770305], [-177.670135, 51.74338]]], [[[-178.197106, 51.905463], [-178.224145, 51.86488], [-178.08609, 51.808046], [-177.995288, 51.781534], [-177.981646, 51.715616], [-178.054814, 51.704767], [-178.11788, 51.67783], [-178.045676, 51.630061], [-177.909201, 51.59667], [-177.867976, 51.679373], [-177.82754, 51.712085], [-177.755038, 51.772833], [-177.649294, 51.80185], [-177.615327, 51.855079], [-177.757445, 51.847041], [-177.887439, 51.850889], [-177.95211, 51.915347], [-178.090648, 51.919398], [-178.197106, 51.905463]]], [[[-178.889362, 51.570351], [-178.825971, 51.547084], [-178.7346, 51.542325], [-178.584804, 51.563859], [-178.55149, 51.610174], [-178.678164, 51.626009], [-178.889362, 51.570351]]], [[[-178.876858, 51.837916], [-178.895973, 51.779218], [-178.792424, 51.74607], [-178.73337, 51.783946], [-178.779673, 51.851546], [-178.876858, 51.837916]]], [[[-179.17428, 51.279056], [-179.126871, 51.219861], [-179.072335, 51.250962], [-178.908898, 51.340581], [-178.926889, 51.383639], [-178.995606, 51.414483], [-179.17428, 51.279056]]]]}, "properties": {"OBJECTID": 44, "NAME": "Alaska", "ABBR": "AK", "Shape_Length": 279.5809556440767, "Shape_Area": 287.8871872217678}}, {"type": "Feature", "id": 45, "geometry": {"type": "Polygon", "coordinates": [[[-75.773788, 39.722208], [-75.788598, 39.722207], [-75.766907, 39.37766], [-75.766897, 39.377507], [-75.760443, 39.296798], [-75.756437, 39.246695], [-75.748157, 39.14314], [-75.723105, 38.829834], [-75.707557, 38.635393], [-75.707553, 38.635343], [-75.701779, 38.560775], [-75.700384, 38.542751], [-75.693723, 38.460136], [-75.479285, 38.453706], [-75.341289, 38.452444], [-75.185457, 38.45102], [-75.048941, 38.451271], [-75.053975, 38.536281], [-75.071807, 38.696505], [-75.089475, 38.797206], [-75.113333, 38.783006], [-75.159024, 38.790201], [-75.232031, 38.844262], [-75.30408, 38.913168], [-75.302554, 38.93901], [-75.306654, 38.947668], [-75.340892, 39.019968], [-75.396279, 39.057892], [-75.407475, 39.133714], [-75.394792, 39.188362], [-75.408378, 39.264706], [-75.469326, 39.330828], [-75.505645, 39.370402], [-75.521684, 39.387879], [-75.571832, 39.438905], [-75.59307, 39.479194], [-75.52809, 39.498122], [-75.527678, 39.535286], [-75.512734, 39.578008], [-75.543967, 39.596008], [-75.559448, 39.62982], [-75.535146, 39.64722], [-75.509744, 39.686121], [-75.477642, 39.715021], [-75.459441, 39.765821], [-75.415064, 39.801927], [-75.481209, 39.829199], [-75.570435, 39.839193], [-75.57965, 39.837422], [-75.592565, 39.83494], [-75.594319, 39.834603], [-75.662848, 39.821433], [-75.717061, 39.792333], [-75.75323, 39.757997], [-75.773788, 39.722208]]]}, "properties": {"OBJECTID": 45, "NAME": "Delaware", "ABBR": "DE", "Shape_Length": 4.078031396463933, "Shape_Area": 0.5537157694336452}}, {"type": "Feature", "id": 46, "geometry": {"type": "Polygon", "coordinates": [[[-109.049205, 31.796556], [-109.050054, 31.332507], [-108.861038, 31.33232], [-108.707667, 31.333196], [-108.208583, 31.3334], [-108.208582, 31.499747], [-108.208404, 31.783604], [-107.422256, 31.783604], [-107.296803, 31.78363], [-106.993554, 31.783694], [-106.531741, 31.783915], [-106.528252, 31.783153], [-106.581354, 31.813911], [-106.63589, 31.871519], [-106.623455, 31.914039], [-106.630124, 31.971263], [-106.618496, 32.0005], [-106.513996, 32.000823], [-106.377183, 32.001245], [-106.200709, 32.00179], [-105.997981, 32.00198], [-105.750537, 32.002211], [-105.154003, 32.000502], [-104.918366, 32.000477], [-104.847749, 32.00047], [-104.643535, 32.000448], [-104.02453, 32.000015], [-103.980223, 32.000038], [-103.722891, 32.000171], [-103.32651, 32.000375], [-103.064432, 32.000523], [-103.064431, 32.087056], [-103.064431, 32.145011], [-103.064705, 32.522198], [-103.06477, 32.587988], [-103.064838, 32.726956], [-103.064898, 32.849364], [-103.063478, 32.959112], [-103.060112, 33.219231], [-103.056504, 33.38842], [-103.05262, 33.57058], [-103.052619, 33.570605], [-103.047355, 33.824681], [-103.043525, 34.079388], [-103.043845, 34.302654], [-103.043859, 34.312756], [-103.043955, 34.379561], [-103.043081, 34.619788], [-103.042778, 34.747367], [-103.042748, 34.954148], [-103.04272, 35.144741], [-103.042627, 35.183163], [-103.041563, 35.622493], [-103.041366, 35.739439], [-103.040833, 36.055237], [-103.041933, 36.500445], [-103.002443, 36.500403], [-103.002197, 36.602722], [-103.002527, 36.675192], [-103.001973, 36.909579], [-103.002208, 37.00011], [-103.08611, 36.999871], [-103.733257, 36.998022], [-104.007859, 36.99599], [-104.338843, 36.993541], [-104.732041, 36.993453], [-105.12081, 36.995434], [-105.155053, 36.99548], [-105.220515, 36.995569], [-105.251306, 36.995611], [-105.41932, 36.995862], [-105.533932, 36.995881], [-105.716481, 36.995855], [-105.71848, 36.995852], [-105.997482, 36.995423], [-106.006326, 36.995393], [-106.343149, 36.994236], [-106.476244, 36.99378], [-106.869806, 36.992432], [-106.877302, 37.000145], [-107.420923, 37.000011], [-107.481747, 37.00001], [-108.000633, 37.000007], [-108.379314, 36.999571], [-108.62032, 36.999293], [-109.045234, 36.99909], [-109.045444, 36.874595], [-109.04574, 36.117034], [-109.045882, 36.002707], [-109.046035, 35.879806], [-109.046307, 35.614257], [-109.046807, 35.363612], [-109.046366, 35.175513], [-109.045862, 34.959824], [-109.045862, 34.959723], [-109.046149, 34.579296], [-109.046192, 34.522398], [-109.046436, 33.875057], [-109.046619, 33.777412], [-109.047308, 33.409788], [-109.047247, 33.20897], [-109.047247, 33.2089], [-109.047127, 32.777799], [-109.047127, 32.777575], [-109.047622, 32.426382], [-109.048306, 32.084098], [-109.049205, 31.796556]]]}, "properties": {"OBJECTID": 46, "NAME": "New Mexico", "ABBR": "NM", "Shape_Length": 23.55227369868791, "Shape_Area": 30.892800504395893}}, {"type": "Feature", "id": 47, "geometry": {"type": "MultiPolygon", "coordinates": [[[[-65.342066, 18.345293], [-65.337449, 18.308311], [-65.283267, 18.280217], [-65.241255, 18.301081], [-65.221566, 18.320962], [-65.255931, 18.34212], [-65.342066, 18.345293]]], [[[-65.576858, 18.103227], [-65.542085, 18.08118], [-65.451378, 18.086099], [-65.374417, 18.108044], [-65.291233, 18.103472], [-65.28796, 18.1481], [-65.398164, 18.161726], [-65.505918, 18.152608], [-65.576858, 18.103227]]], [[[-67.239127, 18.37383], [-67.271349, 18.362332], [-67.235136, 18.299938], [-67.225239, 18.297988], [-67.209962, 18.294977], [-67.19122, 18.266752], [-67.158, 18.216722], [-67.180753, 18.168201], [-67.180821, 18.168058], [-67.199313, 18.091138], [-67.209886, 18.035442], [-67.211972, 17.992996], [-67.183456, 17.931138], [-67.133732, 17.951922], [-67.107808, 17.951626], [-67.089826, 17.951421], [-67.054454, 17.973168], [-67.014743, 17.968471], [-66.982205, 17.961195], [-66.978699, 17.957294], [-66.955576, 17.93156], [-66.92726, 17.926878], [-66.883439, 17.952529], [-66.858319, 17.951076], [-66.857912, 17.951052], [-66.838582, 17.949934], [-66.784951, 17.978329], [-66.775357, 17.984434], [-66.758465, 17.995184], [-66.746246, 17.990352], [-66.716955, 17.990347], [-66.697033, 17.981977], [-66.664389, 17.968262], [-66.645649, 17.980263], [-66.583231, 17.961232], [-66.540536, 17.975479], [-66.510141, 17.985621], [-66.453295, 17.980136], [-66.445479, 17.979382], [-66.385057, 17.939007], [-66.338388, 17.976461], [-66.338138, 17.976354], [-66.297677, 17.959151], [-66.243233, 17.913772], [-66.220529, 17.917813], [-66.155385, 17.929409], [-66.098626, 17.957938], [-66.068102, 17.945608], [-66.041702, 17.934944], [-66.023998, 17.975899], [-66.017953, 17.974905], [-65.984548, 17.969414], [-65.914934, 17.982769], [-65.884935, 17.988524], [-65.850917, 18.011969], [-65.83314, 18.024221], [-65.809172, 18.056821], [-65.802905, 18.071189], [-65.777582, 18.129242], [-65.758726, 18.156604], [-65.733355, 18.165773], [-65.695854, 18.179327], [-65.659924, 18.191576], [-65.635279, 18.199978], [-65.599063, 18.212964], [-65.588315, 18.25426], [-65.613948, 18.293818], [-65.624869, 18.310673], [-65.564929, 18.325045], [-65.565947, 18.358336], [-65.58623, 18.393386], [-65.62402, 18.387173], [-65.66135, 18.389042], [-65.718616, 18.391909], [-65.741795, 18.398185], [-65.771693, 18.40628], [-65.827736, 18.425565], [-65.831474, 18.426852], [-65.904986, 18.450929], [-65.990788, 18.460422], [-65.992802, 18.460174], [-66.03432, 18.455073], [-66.039438, 18.454444], [-66.129259, 18.472178], [-66.137957, 18.473895], [-66.18672, 18.469735], [-66.195881, 18.470657], [-66.258013, 18.476909], [-66.315023, 18.474744], [-66.315475, 18.474727], [-66.349502, 18.479217], [-66.420919, 18.488642], [-66.438948, 18.481496], [-66.47029, 18.469073], [-66.534255, 18.479488], [-66.586253, 18.487955], [-66.624616, 18.494202], [-66.733984, 18.47346], [-66.765569, 18.482799], [-66.799318, 18.492778], [-66.83659, 18.491133], [-66.901565, 18.488264], [-66.924088, 18.48727], [-66.956314, 18.493903], [-67.042275, 18.511597], [-67.097302, 18.511671], [-67.125654, 18.511709], [-67.16901, 18.466355], [-67.159607, 18.415918], [-67.160168, 18.415603], [-67.226743, 18.37825], [-67.239127, 18.37383]]], [[[-67.941221, 18.12693], [-67.95581, 18.074235], [-67.885546, 18.036475], [-67.850632, 18.046271], [-67.820914, 18.084714], [-67.846218, 18.127579], [-67.896292, 18.136805], [-67.941221, 18.12693]]]]}, "properties": {"OBJECTID": 47, "NAME": "Puerto Rico", "ABBR": "PR", "Shape_Length": 5.684394683154188, "Shape_Area": 0.7960722411253237}}, {"type": "Feature", "id": 48, "geometry": {"type": "Polygon", "coordinates": [[[-73.41632, 44.099431], [-73.436881, 44.042587], [-73.405978, 44.011494], [-73.411249, 43.975605], [-73.407743, 43.929896], [-73.374052, 43.875572], [-73.390303, 43.81738], [-73.382528, 43.808168], [-73.350708, 43.770472], [-73.361109, 43.753242], [-73.393724, 43.699209], [-73.414547, 43.658218], [-73.424978, 43.598784], [-73.395768, 43.568096], [-73.327703, 43.625922], [-73.292114, 43.584518], [-73.242043, 43.534934], [-73.252833, 43.363502], [-73.255366, 43.314545], [-73.269781, 43.035932], [-73.273834, 42.94364], [-73.278674, 42.833419], [-73.290945, 42.801929], [-73.264958, 42.745949], [-73.023019, 42.740981], [-72.930108, 42.739074], [-72.864293, 42.737723], [-72.809114, 42.73659], [-72.45852, 42.726862], [-72.477616, 42.761254], [-72.539601, 42.804841], [-72.556113, 42.866261], [-72.53147, 42.897959], [-72.532187, 42.954954], [-72.492598, 42.967657], [-72.444978, 43.004425], [-72.462249, 43.044223], [-72.435192, 43.086631], [-72.451803, 43.153495], [-72.450397, 43.161222], [-72.440564, 43.215263], [-72.433627, 43.232874], [-72.421584, 43.263451], [-72.402533, 43.320389], [-72.413378, 43.36275], [-72.380895, 43.493403], [-72.379441, 43.574078], [-72.333598, 43.6056], [-72.329523, 43.608402], [-72.284806, 43.720369], [-72.22207, 43.75984], [-72.211484, 43.773053], [-72.183334, 43.808186], [-72.169781, 43.873434], [-72.105876, 43.949379], [-72.116707, 43.991963], [-72.075487, 44.034623], [-72.036884, 44.103128], [-72.053861, 44.159936], [-72.061339, 44.18496], [-72.053991, 44.246935], [-72.046303, 44.291992], [-72.002315, 44.32488], [-71.945164, 44.337753], [-71.875864, 44.337379], [-71.83784, 44.34776], [-71.818839, 44.352948], [-71.778614, 44.399808], [-71.763193, 44.403577], [-71.690921, 44.421243], [-71.646552, 44.468878], [-71.579975, 44.501787], [-71.588077, 44.547859], [-71.544923, 44.579287], [-71.551723, 44.627607], [-71.584575, 44.66536], [-71.62691, 44.747233], [-71.570403, 44.805285], [-71.522394, 44.88082], [-71.494404, 44.911846], [-71.531606, 44.976032], [-71.501089, 45.013386], [-71.609841, 45.012718], [-71.691899, 45.011428], [-71.899316, 45.008055], [-71.91501, 45.0078], [-72.023293, 45.006801], [-72.348584, 45.005634], [-72.532504, 45.007869], [-72.553781, 45.009441], [-72.582372, 45.011552], [-72.936441, 45.014276], [-73.048387, 45.014799], [-73.192576, 45.012867], [-73.343126, 45.010849], [-73.344742, 44.970477], [-73.338981, 44.91769], [-73.379824, 44.857046], [-73.36568, 44.82646], [-73.334432, 44.802197], [-73.357673, 44.751027], [-73.365562, 44.700306], [-73.389968, 44.619629], [-73.367276, 44.567554], [-73.363662, 44.563547], [-73.347985, 44.546172], [-73.312872, 44.507255], [-73.293614, 44.440568], [-73.320955, 44.382678], [-73.334638, 44.356886], [-73.32423, 44.310032], [-73.317457, 44.263531], [-73.316619, 44.257778], [-73.34989, 44.230365], [-73.3954, 44.166912], [-73.41632, 44.099431]]]}, "properties": {"OBJECTID": 48, "NAME": "Vermont", "ABBR": "VT", "Shape_Length": 8.281962693976569, "Shape_Area": 2.80160705782143}}, {"type": "Feature", "id": 49, "geometry": {"type": "Polygon", "coordinates": [[[-75.559448, 39.62982], [-75.543967, 39.596008], [-75.512734, 39.578008], [-75.527678, 39.535286], [-75.52809, 39.498122], [-75.536433, 39.460567], [-75.465214, 39.438938], [-75.442395, 39.402299], [-75.417109, 39.388919], [-75.399306, 39.379498], [-75.35556, 39.347831], [-75.326756, 39.332481], [-75.285335, 39.29222], [-75.244359, 39.285708], [-75.212512, 39.262763], [-75.166669, 39.222585], [-75.136669, 39.181891], [-75.090796, 39.21081], [-75.048489, 39.21523], [-74.998004, 39.191261], [-74.915157, 39.176705], [-74.905183, 39.174953], [-74.885916, 39.143635], [-74.903666, 39.087445], [-74.955365, 39.00127], [-74.967276, 38.933421], [-74.933573, 38.928527], [-74.86446, 38.940418], [-74.807919, 38.985956], [-74.778779, 39.023081], [-74.705878, 39.102945], [-74.714343, 39.119812], [-74.671432, 39.17981], [-74.646597, 39.21201], [-74.58101, 39.270827], [-74.540789, 39.300033], [-74.521799, 39.313824], [-74.412693, 39.360824], [-74.366991, 39.402025], [-74.304344, 39.471453], [-74.300699, 39.481814], [-74.291586, 39.507713], [-74.190975, 39.625126], [-74.101444, 39.756181], [-74.092411, 39.793875], [-74.090946, 39.799986], [-74.077248, 39.910999], [-74.076913, 39.912742], [-74.064136, 39.979165], [-74.034964, 40.102592], [-74.030182, 40.122822], [-74.007638, 40.195614], [-73.981682, 40.279419], [-73.971382, 40.348018], [-73.976983, 40.408516], [-73.997944, 40.476676], [-74.019335, 40.471252], [-74.047885, 40.418916], [-74.108296, 40.443796], [-74.157095, 40.447579], [-74.206189, 40.440715], [-74.224654, 40.448671], [-74.261891, 40.464714], [-74.260613, 40.502444], [-74.249213, 40.545072], [-74.216841, 40.558626], [-74.20369, 40.592699], [-74.20367, 40.593214], [-74.202249, 40.630911], [-74.200188, 40.631848], [-74.170612, 40.645297], [-74.160148, 40.646085], [-74.086807, 40.651604], [-74.071092, 40.667072], [-74.067722, 40.670389], [-74.047314, 40.690474], [-74.047041, 40.691013], [-74.029476, 40.72566], [-74.01951, 40.745317], [-74.013785, 40.756609], [-74.005853, 40.767735], [-73.984587, 40.797561], [-73.971213, 40.816319], [-73.968083, 40.820708], [-73.953216, 40.847467], [-73.938082, 40.874707], [-73.934894, 40.882658], [-73.920486, 40.918583], [-73.907281, 40.951506], [-73.89398, 40.997205], [-74.041055, 41.059096], [-74.211619, 41.13299], [-74.234475, 41.142891], [-74.234494, 41.1429], [-74.301996, 41.172602], [-74.36704, 41.20422], [-74.457586, 41.248233], [-74.694916, 41.357431], [-74.760327, 41.340333], [-74.815705, 41.296159], [-74.867407, 41.227778], [-74.879335, 41.205056], [-74.905258, 41.155676], [-74.979875, 41.110431], [-74.983044, 41.106026], [-74.992388, 41.093037], [-75.015273, 41.061223], [-75.070534, 41.018628], [-75.133088, 40.980187], [-75.123256, 40.965314], [-75.097722, 40.926687], [-75.06544, 40.88569], [-75.090964, 40.849195], [-75.108507, 40.791102], [-75.177479, 40.764233], [-75.192614, 40.715882], [-75.191061, 40.637979], [-75.189238, 40.609065], [-75.188202, 40.592622], [-75.186739, 40.569414], [-75.13675, 40.575739], [-75.078505, 40.548304], [-75.062229, 40.481399], [-75.07057, 40.455173], [-75.056104, 40.416074], [-75.024777, 40.403463], [-74.969599, 40.399778], [-74.946008, 40.357314], [-74.928112, 40.339837], [-74.903312, 40.315615], [-74.85651, 40.277415], [-74.823909, 40.241516], [-74.760607, 40.198917], [-74.748499, 40.184917], [-74.721606, 40.153818], [-74.723381, 40.152904], [-74.76949, 40.129153], [-74.825909, 40.123918], [-74.863811, 40.082218], [-74.932213, 40.068419], [-74.972856, 40.046513], [-74.989916, 40.037319], [-75.059019, 39.99252], [-75.060132, 39.992019], [-75.119222, 39.96542], [-75.135722, 39.94712], [-75.13555, 39.943323], [-75.134267, 39.914935], [-75.133422, 39.896221], [-75.141437, 39.893926], [-75.183025, 39.882021], [-75.211198, 39.866527], [-75.221027, 39.861121], [-75.257275, 39.854943], [-75.293378, 39.84879], [-75.341767, 39.84609], [-75.410494, 39.80468], [-75.415064, 39.801927], [-75.459441, 39.765821], [-75.477642, 39.715021], [-75.509744, 39.686121], [-75.535146, 39.64722], [-75.559448, 39.62982]]]}, "properties": {"OBJECTID": 49, "NAME": "New Jersey", "ABBR": "NJ", "Shape_Length": 7.940007465522103, "Shape_Area": 2.1346020277382234}}, {"type": "Feature", "id": 50, "geometry": {"type": "Polygon", "coordinates": [[[-80.519895, 40.906669], [-80.519873, 40.900332], [-80.519709, 40.851345], [-80.518994, 40.638809], [-80.519021, 40.477371], [-80.519033, 40.399649], [-80.519042, 40.342109], [-80.519088, 40.15968], [-80.519123, 40.016418], [-80.519164, 39.962208], [-80.519345, 39.721411], [-80.421391, 39.721197], [-80.07595, 39.721358], [-79.916021, 39.721064], [-79.763777, 39.720784], [-79.476665, 39.721086], [-79.392461, 39.721447], [-79.045579, 39.722936], [-78.928419, 39.723006], [-78.808302, 39.723079], [-78.723581, 39.72313], [-78.38048, 39.722712], [-78.342836, 39.722666], [-78.342596, 39.722666], [-78.098973, 39.722474], [-78.075864, 39.722456], [-77.768647, 39.721546], [-77.469276, 39.720237], [-77.469147, 39.720237], [-77.459141, 39.720237], [-77.239952, 39.720241], [-77.217026, 39.720225], [-76.99932, 39.720076], [-76.991064, 39.72007], [-76.787099, 39.721056], [-76.715773, 39.721401], [-76.69766, 39.721409], [-76.569451, 39.721467], [-76.418982, 39.721534], [-76.239686, 39.72165], [-76.233487, 39.721654], [-76.233281, 39.721654], [-76.135699, 39.721776], [-75.788598, 39.722207], [-75.773788, 39.722208], [-75.75323, 39.757997], [-75.717061, 39.792333], [-75.662848, 39.821433], [-75.594319, 39.834603], [-75.592565, 39.83494], [-75.57965, 39.837422], [-75.570435, 39.839193], [-75.481209, 39.829199], [-75.415064, 39.801927], [-75.410494, 39.80468], [-75.341767, 39.84609], [-75.293378, 39.84879], [-75.257275, 39.854943], [-75.221027, 39.861121], [-75.211198, 39.866527], [-75.183025, 39.882021], [-75.141437, 39.893926], [-75.133422, 39.896221], [-75.134267, 39.914935], [-75.13555, 39.943323], [-75.135722, 39.94712], [-75.119222, 39.96542], [-75.060132, 39.992019], [-75.059019, 39.99252], [-74.989916, 40.037319], [-74.972856, 40.046513], [-74.932213, 40.068419], [-74.863811, 40.082218], [-74.825909, 40.123918], [-74.76949, 40.129153], [-74.723381, 40.152904], [-74.721606, 40.153818], [-74.748499, 40.184917], [-74.760607, 40.198917], [-74.823909, 40.241516], [-74.85651, 40.277415], [-74.903312, 40.315615], [-74.928112, 40.339837], [-74.946008, 40.357314], [-74.969599, 40.399778], [-75.024777, 40.403463], [-75.056104, 40.416074], [-75.07057, 40.455173], [-75.062229, 40.481399], [-75.078505, 40.548304], [-75.13675, 40.575739], [-75.186739, 40.569414], [-75.188202, 40.592622], [-75.189238, 40.609065], [-75.191061, 40.637979], [-75.192614, 40.715882], [-75.177479, 40.764233], [-75.108507, 40.791102], [-75.090964, 40.849195], [-75.06544, 40.88569], [-75.097722, 40.926687], [-75.123256, 40.965314], [-75.133088, 40.980187], [-75.070534, 41.018628], [-75.015273, 41.061223], [-74.992388, 41.093037], [-74.983044, 41.106026], [-74.979875, 41.110431], [-74.905258, 41.155676], [-74.879335, 41.205056], [-74.867407, 41.227778], [-74.815705, 41.296159], [-74.760327, 41.340333], [-74.694916, 41.357431], [-74.734895, 41.425826], [-74.756274, 41.427636], [-74.799548, 41.431298], [-74.89036, 41.455332], [-74.982465, 41.496475], [-75.043881, 41.575102], [-75.0462, 41.603772], [-75.049283, 41.64187], [-75.053433, 41.752546], [-75.074414, 41.802199], [-75.113371, 41.840706], [-75.145295, 41.849746], [-75.190205, 41.862462], [-75.263007, 41.885117], [-75.291764, 41.9471], [-75.341127, 41.99278], [-75.359933, 41.993698], [-75.477146, 41.999415], [-75.483142, 41.999407], [-75.870679, 41.998836], [-76.105842, 41.998866], [-76.145521, 41.998875], [-76.462157, 41.998942], [-76.557701, 42.000158], [-76.55812, 42.000163], [-76.926928, 42.000732], [-76.965794, 42.000792], [-77.007637, 42.000856], [-77.610023, 41.999158], [-77.749935, 41.998764], [-77.832033, 41.998532], [-78.03118, 41.999423], [-78.206382, 41.999097], [-78.271207, 41.998976], [-78.308147, 41.99908], [-78.596653, 41.999885], [-78.918901, 41.999111], [-78.983068, 41.998957], [-79.061261, 41.998846], [-79.472475, 41.998263], [-79.610839, 41.998528], [-79.761316, 41.998816], [-79.762125, 42.131254], [-79.761954, 42.269868], [-79.844664, 42.235494], [-79.923927, 42.207554], [-80.020326, 42.163124], [-80.088515, 42.173192], [-80.136216, 42.149945], [-80.154087, 42.114765], [-80.32998, 42.036176], [-80.519429, 41.977531], [-80.5194, 41.849571], [-80.519361, 41.669775], [-80.51918, 41.499348], [-80.519169, 41.489118], [-80.518897, 41.232564], [-80.519201, 41.133227], [-80.519226, 41.125102], [-80.519895, 40.906669]]]}, "properties": {"OBJECTID": 50, "NAME": "Pennsylvania", "ABBR": "PA", "Shape_Length": 16.563281234114655, "Shape_Area": 12.537439076293964}}, {"type": "Feature", "id": 51, "geometry": {"type": "Polygon", "coordinates": [[[-72.556113, 42.866261], [-72.539601, 42.804841], [-72.477616, 42.761254], [-72.45852, 42.726862], [-72.283035, 42.722019], [-72.124527, 42.717645], [-72.111058, 42.717277], [-71.929031, 42.712302], [-71.89877, 42.711475], [-71.745818, 42.707296], [-71.636215, 42.704897], [-71.351875, 42.698163], [-71.294206, 42.696999], [-71.255606, 42.736398], [-71.255111, 42.736406], [-71.245385, 42.736564], [-71.181804, 42.737599], [-71.186105, 42.790698], [-71.149704, 42.815498], [-71.116376, 42.811912], [-71.064202, 42.806298], [-71.048717, 42.831073], [-71.031202, 42.859098], [-70.966501, 42.868998], [-70.9308, 42.884598], [-70.864751, 42.870267], [-70.817297, 42.872299], [-70.809655, 42.893592], [-70.801481, 42.916371], [-70.798637, 42.924297], [-70.765223, 42.975358], [-70.735478, 43.01221], [-70.703819, 43.059834], [-70.756398, 43.079997], [-70.81955, 43.12324], [-70.828101, 43.129095], [-70.824802, 43.179694], [-70.81312, 43.217261], [-70.872586, 43.270161], [-70.92395, 43.324777], [-70.984336, 43.376137], [-70.96836, 43.429292], [-70.954756, 43.509811], [-70.963793, 43.54023], [-70.972717, 43.570264], [-70.981947, 43.700969], [-70.987259, 43.792983], [-70.98993, 43.839248], [-71.001368, 44.09294], [-71.008737, 44.258834], [-71.010272, 44.284897], [-71.011271, 44.301855], [-71.022993, 44.500067], [-71.036706, 44.736507], [-71.057862, 45.000058], [-71.083925, 45.30546], [-71.10935, 45.282231], [-71.139431, 45.242967], [-71.182588, 45.241078], [-71.2445, 45.268148], [-71.283685, 45.301986], [-71.360665, 45.269844], [-71.438547, 45.239013], [-71.405637, 45.198148], [-71.419059, 45.170497], [-71.448679, 45.10901], [-71.4984, 45.069638], [-71.501089, 45.013386], [-71.531606, 44.976032], [-71.494404, 44.911846], [-71.522394, 44.88082], [-71.570403, 44.805285], [-71.62691, 44.747233], [-71.584575, 44.66536], [-71.551723, 44.627607], [-71.544923, 44.579287], [-71.588077, 44.547859], [-71.579975, 44.501787], [-71.646552, 44.468878], [-71.690921, 44.421243], [-71.763193, 44.403577], [-71.778614, 44.399808], [-71.818839, 44.352948], [-71.83784, 44.34776], [-71.875864, 44.337379], [-71.945164, 44.337753], [-72.002315, 44.32488], [-72.046303, 44.291992], [-72.053991, 44.246935], [-72.061339, 44.18496], [-72.053861, 44.159936], [-72.036884, 44.103128], [-72.075487, 44.034623], [-72.116707, 43.991963], [-72.105876, 43.949379], [-72.169781, 43.873434], [-72.183334, 43.808186], [-72.211484, 43.773053], [-72.22207, 43.75984], [-72.284806, 43.720369], [-72.329523, 43.608402], [-72.333598, 43.6056], [-72.379441, 43.574078], [-72.380895, 43.493403], [-72.413378, 43.36275], [-72.402533, 43.320389], [-72.421584, 43.263451], [-72.433627, 43.232874], [-72.440564, 43.215263], [-72.450397, 43.161222], [-72.451803, 43.153495], [-72.435192, 43.086631], [-72.462249, 43.044223], [-72.444978, 43.004425], [-72.492598, 42.967657], [-72.532187, 42.954954], [-72.53147, 42.897959], [-72.556113, 42.866261]]]}, "properties": {"OBJECTID": 51, "NAME": "New Hampshire", "ABBR": "NH", "Shape_Length": 8.062249325178943, "Shape_Area": 2.6835225270007745}}, {"type": "Feature", "id": 52, "geometry": {"type": "Polygon", "coordinates": [[[-114.799694, 32.593626], [-114.814196, 32.564793], [-114.795646, 32.550961], [-114.811547, 32.522839], [-114.813624, 32.494282], [-113.750767, 32.16901], [-113.333779, 32.040254], [-112.365054, 31.741135], [-111.366793, 31.42477], [-111.074836, 31.332244], [-110.459762, 31.333147], [-109.829699, 31.334072], [-109.4945, 31.333399], [-109.050054, 31.332507], [-109.049205, 31.796556], [-109.048306, 32.084098], [-109.047622, 32.426382], [-109.047127, 32.777575], [-109.047127, 32.777799], [-109.047247, 33.2089], [-109.047247, 33.20897], [-109.047308, 33.409788], [-109.046619, 33.777412], [-109.046436, 33.875057], [-109.046192, 34.522398], [-109.046149, 34.579296], [-109.045862, 34.959723], [-109.045862, 34.959824], [-109.046366, 35.175513], [-109.046807, 35.363612], [-109.046307, 35.614257], [-109.046035, 35.879806], [-109.045882, 36.002707], [-109.04574, 36.117034], [-109.045444, 36.874595], [-109.045234, 36.99909], [-109.495349, 36.999111], [-110.000688, 36.997974], [-110.470201, 36.998003], [-110.750701, 37.003203], [-111.066507, 37.002395], [-111.250773, 37.000721], [-111.278297, 37.000471], [-111.40588, 37.001487], [-111.413025, 37.001483], [-112.357701, 37.001031], [-112.538582, 37.00075], [-112.545105, 37.00074], [-112.829513, 37.000392], [-112.899202, 37.000307], [-112.966483, 37.000225], [-113.965919, 37.00003], [-114.050612, 37.000401], [-114.050172, 36.843147], [-114.049505, 36.604064], [-114.047596, 36.325578], [-114.048238, 36.268879], [-114.04685, 36.194074], [-114.099882, 36.121659], [-114.138215, 36.053166], [-114.151737, 36.024568], [-114.213702, 36.015618], [-114.270657, 36.035725], [-114.316121, 36.063114], [-114.337285, 36.108025], [-114.372118, 36.143119], [-114.416962, 36.145766], [-114.448666, 36.126415], [-114.487046, 36.129401], [-114.511733, 36.150961], [-114.572043, 36.151615], [-114.627867, 36.141017], [-114.66655, 36.117348], [-114.736177, 36.104372], [-114.743354, 36.07054], [-114.743311, 36.06594], [-114.742791, 36.009968], [-114.731171, 35.943921], [-114.700283, 35.901777], [-114.669699, 35.865089], [-114.703722, 35.81459], [-114.697321, 35.733691], [-114.689419, 35.651417], [-114.653418, 35.610794], [-114.655979, 35.588003], [-114.663117, 35.524496], [-114.664512, 35.449502], [-114.627149, 35.409509], [-114.587141, 35.262381], [-114.572759, 35.13873], [-114.599132, 35.121055], [-114.619917, 35.121637], [-114.625081, 35.068483], [-114.633499, 35.001862], [-114.629781, 34.943045], [-114.634394, 34.872895], [-114.576464, 34.815305], [-114.490983, 34.724853], [-114.465258, 34.691207], [-114.422394, 34.580716], [-114.378235, 34.516526], [-114.378864, 34.450381], [-114.335384, 34.450043], [-114.264329, 34.401334], [-114.172856, 34.344984], [-114.140941, 34.305924], [-114.140829, 34.303133], [-114.139066, 34.259543], [-114.178061, 34.239974], [-114.229726, 34.186933], [-114.292817, 34.16673], [-114.348064, 34.134463], [-114.405953, 34.111545], [-114.428038, 34.092792], [-114.430103, 34.078936], [-114.435516, 34.04262], [-114.454819, 34.010973], [-114.50958, 33.957269], [-114.534999, 33.928504], [-114.50872, 33.900645], [-114.50565, 33.864281], [-114.520477, 33.827783], [-114.504875, 33.76047], [-114.496577, 33.71916], [-114.505004, 33.693027], [-114.525213, 33.661588], [-114.529197, 33.606655], [-114.52461, 33.552236], [-114.597295, 33.490658], [-114.629158, 33.43355], [-114.635195, 33.422731], [-114.673913, 33.418304], [-114.725294, 33.405053], [-114.70736, 33.376633], [-114.707974, 33.323426], [-114.723271, 33.288084], [-114.674502, 33.255602], [-114.678108, 33.230305], [-114.67937, 33.159524], [-114.706186, 33.10534], [-114.670814, 33.037989], [-114.628304, 33.031057], [-114.575172, 33.036547], [-114.517504, 33.024721], [-114.511354, 33.02346], [-114.481326, 32.972069], [-114.476651, 32.923633], [-114.463138, 32.901889], [-114.468982, 32.84516], [-114.531757, 32.782508], [-114.540272, 32.774834], [-114.570686, 32.747422], [-114.615736, 32.741284], [-114.667504, 32.734231], [-114.705728, 32.741586], [-114.719644, 32.718768], [-114.764961, 32.649396], [-114.809404, 32.617124], [-114.799694, 32.593626]]]}, "properties": {"OBJECTID": 52, "NAME": "Arizona", "ABBR": "AZ", "Shape_Length": 23.022486688020987, "Shape_Area": 28.921290424623926}}, {"type": "Feature", "id": 53, "geometry": {"type": "MultiPolygon", "coordinates": [[[[-170.844065, -14.323314], [-170.844276, -14.322343], [-170.844408, -14.322215], [-170.844993, -14.322071], [-170.84535, -14.322017], [-170.845445, -14.322072], [-170.846215, -14.32279], [-170.846271, -14.32301], [-170.844742, -14.323738], [-170.844065, -14.323314]]], [[[-170.549651, -14.279549], [-170.552369, -14.278387], [-170.552746, -14.278241], [-170.553236, -14.278152], [-170.553726, -14.278154], [-170.554291, -14.278212], [-170.55704, -14.278885], [-170.558075, -14.27922], [-170.5583, -14.27935], [-170.55939, -14.279979], [-170.559973, -14.280349], [-170.56031, -14.280773], [-170.560572, -14.281251], [-170.560925, -14.282391], [-170.561501, -14.28467], [-170.56161, -14.28568], [-170.561571, -14.285937], [-170.561325, -14.286211], [-170.559095, -14.287872], [-170.558358, -14.288401], [-170.558019, -14.288546], [-170.557717, -14.288655], [-170.557207, -14.288781], [-170.551855, -14.289198], [-170.551025, -14.289231], [-170.548446, -14.288632], [-170.547564, -14.287692], [-170.547039, -14.287102], [-170.54597, -14.285867], [-170.545546, -14.283864], [-170.545527, -14.283699], [-170.545852, -14.28247], [-170.546308, -14.281664], [-170.546535, -14.281317], [-170.546971, -14.280841], [-170.547424, -14.280476], [-170.548595, -14.279783], [-170.548746, -14.279711], [-170.548954, -14.279639], [-170.549444, -14.279548], [-170.549651, -14.279549]]], [[[-170.622064, -14.248135], [-170.62216, -14.247898], [-170.622292, -14.247788], [-170.622423, -14.247807], [-170.623851, -14.24886], [-170.624377, -14.249284], [-170.624806, -14.250297], [-170.624881, -14.25048], [-170.624881, -14.250609], [-170.624767, -14.25094], [-170.624691, -14.251012], [-170.624635, -14.251048], [-170.624201, -14.251139], [-170.624031, -14.251138], [-170.62247, -14.250378], [-170.621588, -14.249769], [-170.622064, -14.248135]]], [[[-170.672715, -14.245336], [-170.672464, -14.24504], [-170.672434, -14.245004], [-170.672172, -14.244672], [-170.67176, -14.243899], [-170.671629, -14.243641], [-170.671162, -14.242519], [-170.670901, -14.24182], [-170.670902, -14.241508], [-170.671288, -14.238975], [-170.671345, -14.23892], [-170.671496, -14.238903], [-170.671646, -14.238939], [-170.674202, -14.240769], [-170.685763, -14.247703], [-170.695765, -14.253491], [-170.70768, -14.261928], [-170.713563, -14.265879], [-170.721924, -14.272556], [-170.722578, -14.274338], [-170.722985, -14.276194], [-170.72301, -14.280066], [-170.722076, -14.28287], [-170.725304, -14.286791], [-170.728177, -14.28416], [-170.730916, -14.282133], [-170.737515, -14.286176], [-170.739941, -14.287818], [-170.739315, -14.288936], [-170.74588, -14.292133], [-170.751787, -14.294925], [-170.758824, -14.292327], [-170.760792, -14.2896], [-170.763172, -14.288159], [-170.770772, -14.29182], [-170.778621, -14.294323], [-170.781704, -14.290885], [-170.785081, -14.289375], [-170.796456, -14.291304], [-170.804855, -14.2928], [-170.809819, -14.295843], [-170.812182, -14.299281], [-170.815601, -14.302539], [-170.818918, -14.302495], [-170.821635, -14.301294], [-170.828604, -14.308395], [-170.83358, -14.313894], [-170.843413, -14.320892], [-170.843733, -14.32093], [-170.844091, -14.321133], [-170.844091, -14.321188], [-170.843882, -14.321829], [-170.841899, -14.322941], [-170.837785, -14.324889], [-170.826805, -14.328923], [-170.814837, -14.329398], [-170.807173, -14.327686], [-170.799524, -14.332923], [-170.793376, -14.334258], [-170.786092, -14.337368], [-170.787057, -14.341825], [-170.786753, -14.348349], [-170.785296, -14.355803], [-170.780688, -14.358609], [-170.774516, -14.361685], [-170.767521, -14.362431], [-170.761644, -14.366882], [-170.762015, -14.368752], [-170.760741, -14.372156], [-170.760589, -14.372484], [-170.759908, -14.373343], [-170.759247, -14.373561], [-170.758815, -14.373267], [-170.758345, -14.372917], [-170.754873, -14.368563], [-170.753804, -14.367021], [-170.753635, -14.366672], [-170.753285, -14.364655], [-170.75323, -14.364068], [-170.753249, -14.363977], [-170.746622, -14.361902], [-170.739062, -14.3627], [-170.729979, -14.351636], [-170.71806, -14.337644], [-170.709222, -14.332404], [-170.701252, -14.327745], [-170.700596, -14.325459], [-170.703103, -14.325615], [-170.706645, -14.325702], [-170.708774, -14.325709], [-170.710508, -14.325697], [-170.711111, -14.325645], [-170.712073, -14.325281], [-170.712375, -14.325099], [-170.712621, -14.324861], [-170.712735, -14.324697], [-170.715959, -14.318915], [-170.715548, -14.31783], [-170.713615, -14.315696], [-170.706714, -14.31147], [-170.706526, -14.311395], [-170.705318, -14.311886], [-170.70292, -14.313436], [-170.70241, -14.313783], [-170.702315, -14.313875], [-170.702277, -14.31404], [-170.702233, -14.315452], [-170.699335, -14.314561], [-170.692563, -14.306078], [-170.689465, -14.302966], [-170.684012, -14.299642], [-170.680582, -14.300161], [-170.677814, -14.283727], [-170.681922, -14.278182], [-170.691783, -14.276532], [-170.699687, -14.273736], [-170.700784, -14.27253], [-170.699581, -14.271827], [-170.698133, -14.27105], [-170.69591, -14.270969], [-170.683481, -14.269194], [-170.68303, -14.268935], [-170.681826, -14.26849], [-170.681299, -14.268341], [-170.680094, -14.268079], [-170.677966, -14.267942], [-170.677551, -14.267996], [-170.667972, -14.27016], [-170.666708, -14.270467], [-170.665519, -14.271196], [-170.665311, -14.271342], [-170.664533, -14.272808], [-170.664343, -14.273321], [-170.664304, -14.273798], [-170.664414, -14.274441], [-170.664901, -14.275324], [-170.665163, -14.275582], [-170.665381, -14.277877], [-170.664773, -14.284501], [-170.663738, -14.289066], [-170.661945, -14.289903], [-170.65204, -14.288506], [-170.642664, -14.286705], [-170.626275, -14.275661], [-170.624005, -14.273118], [-170.623141, -14.27227], [-170.62222, -14.271752], [-170.614735, -14.268176], [-170.612436, -14.268185], [-170.61187, -14.268403], [-170.609247, -14.269511], [-170.607019, -14.270806], [-170.605203, -14.272634], [-170.604843, -14.273128], [-170.604654, -14.273458], [-170.604122, -14.274686], [-170.603874, -14.275382], [-170.603777, -14.276006], [-170.603735, -14.277125], [-170.60379, -14.277364], [-170.604917, -14.278526], [-170.606118, -14.279614], [-170.606339, -14.280918], [-170.603598, -14.283202], [-170.602579, -14.283747], [-170.602069, -14.283947], [-170.600076, -14.283057], [-170.593494, -14.279908], [-170.587215, -14.276099], [-170.580816, -14.274181], [-170.571897, -14.271552], [-170.569975, -14.271489], [-170.568618, -14.271427], [-170.56813, -14.271278], [-170.567264, -14.270943], [-170.566606, -14.270684], [-170.564875, -14.269942], [-170.564745, -14.269518], [-170.562723, -14.261429], [-170.562362, -14.25759], [-170.563851, -14.247916], [-170.566885, -14.247746], [-170.575741, -14.247253], [-170.579332, -14.249106], [-170.584728, -14.252014], [-170.58587, -14.253783], [-170.586318, -14.255052], [-170.586217, -14.256685], [-170.592298, -14.257869], [-170.59854, -14.256134], [-170.610243, -14.255266], [-170.620375, -14.256485], [-170.625794, -14.258253], [-170.626321, -14.258421], [-170.62683, -14.258459], [-170.627169, -14.258424], [-170.630074, -14.257316], [-170.63049, -14.256987], [-170.630963, -14.256548], [-170.63119, -14.256238], [-170.631209, -14.256183], [-170.631102, -14.254639], [-170.630972, -14.254143], [-170.630822, -14.253922], [-170.630484, -14.253627], [-170.630202, -14.253441], [-170.629939, -14.253293], [-170.629656, -14.253182], [-170.629224, -14.253107], [-170.628847, -14.253068], [-170.627906, -14.252808], [-170.627191, -14.252511], [-170.626834, -14.25227], [-170.626346, -14.251699], [-170.626065, -14.251349], [-170.62599, -14.251238], [-170.625784, -14.250888], [-170.625767, -14.250466], [-170.625843, -14.250393], [-170.627486, -14.249169], [-170.627864, -14.248895], [-170.628072, -14.248859], [-170.634817, -14.248539], [-170.639206, -14.248796], [-170.645014, -14.252402], [-170.647092, -14.255991], [-170.651021, -14.258432], [-170.652244, -14.258657], [-170.652734, -14.258659], [-170.653149, -14.258514], [-170.653281, -14.258441], [-170.653565, -14.258185], [-170.653603, -14.258149], [-170.653811, -14.257929], [-170.653906, -14.257618], [-170.653985, -14.256388], [-170.653864, -14.253743], [-170.653773, -14.252732], [-170.653699, -14.252346], [-170.655458, -14.250628], [-170.660537, -14.247526], [-170.662441, -14.247149], [-170.666322, -14.247128], [-170.66653, -14.247147], [-170.666774, -14.247258], [-170.667639, -14.247721], [-170.66839, -14.248367], [-170.66916, -14.249105], [-170.670361, -14.25045], [-170.671018, -14.250875], [-170.671526, -14.25106], [-170.67211, -14.251173], [-170.6726, -14.251212], [-170.672939, -14.251195], [-170.674334, -14.251072], [-170.674824, -14.250964], [-170.675126, -14.250634], [-170.675261, -14.250103], [-170.675299, -14.249773], [-170.675209, -14.248615], [-170.674762, -14.247273], [-170.674518, -14.246922], [-170.673335, -14.245871], [-170.672715, -14.245336]]], [[[-170.671121, -14.238258], [-170.670897, -14.237725], [-170.670488, -14.23596], [-170.67036, -14.234986], [-170.670288, -14.234048], [-170.670366, -14.233461], [-170.67096, -14.230524], [-170.671074, -14.230433], [-170.67147, -14.230361], [-170.671526, -14.230397], [-170.671526, -14.230452], [-170.671694, -14.236038], [-170.671766, -14.236975], [-170.671422, -14.238333], [-170.671328, -14.238461], [-170.671234, -14.238461], [-170.671121, -14.238258]]], [[[-170.671301, -14.230213], [-170.671339, -14.229864], [-170.671396, -14.229736], [-170.671699, -14.229535], [-170.671887, -14.229573], [-170.671886, -14.229683], [-170.671433, -14.230269], [-170.671301, -14.230213]]], [[[-169.427835, -14.211886], [-169.428624, -14.212059], [-169.429692, -14.212619], [-169.432775, -14.213327], [-169.434824, -14.213694], [-169.437175, -14.214065], [-169.438172, -14.214147], [-169.440883, -14.214283], [-169.445256, -14.213994], [-169.447764, -14.213613], [-169.462511, -14.213842], [-169.477445, -14.216015], [-169.49286, -14.217257], [-169.50378, -14.215888], [-169.517734, -14.220196], [-169.518258, -14.220587], [-169.518481, -14.220881], [-169.518608, -14.221452], [-169.518506, -14.222257], [-169.518309, -14.223246], [-169.516765, -14.229047], [-169.514202, -14.235166], [-169.511813, -14.238776], [-169.505788, -14.244277], [-169.5031, -14.247608], [-169.499983, -14.254382], [-169.499327, -14.25597], [-169.498729, -14.257468], [-169.498068, -14.259606], [-169.497692, -14.261454], [-169.497683, -14.262389], [-169.497641, -14.262883], [-169.497482, -14.263634], [-169.497384, -14.264091], [-169.497056, -14.264949], [-169.496921, -14.265168], [-169.493313, -14.270065], [-169.492837, -14.270629], [-169.492247, -14.271173], [-169.491583, -14.271681], [-169.491242, -14.271897], [-169.490939, -14.272041], [-169.488486, -14.27244], [-169.484529, -14.272422], [-169.484398, -14.272348], [-169.484342, -14.272292], [-169.484025, -14.271923], [-169.478726, -14.264561], [-169.474007, -14.257645], [-169.473823, -14.25735], [-169.473506, -14.256889], [-169.473283, -14.25663], [-169.471752, -14.255131], [-169.47022, -14.253889], [-169.468311, -14.252551], [-169.46297, -14.24966], [-169.462332, -14.249435], [-169.461411, -14.249115], [-169.460359, -14.248849], [-169.452697, -14.248228], [-169.452584, -14.248226], [-169.451114, -14.248341], [-169.450472, -14.248482], [-169.450075, -14.24857], [-169.448054, -14.249101], [-169.447052, -14.24955], [-169.445669, -14.250325], [-169.44451, -14.251176], [-169.439639, -14.254137], [-169.437424, -14.255253], [-169.42938, -14.257065], [-169.426378, -14.257624], [-169.425588, -14.257525], [-169.42431, -14.257201], [-169.424198, -14.257163], [-169.423916, -14.256978], [-169.423674, -14.256773], [-169.423581, -14.256645], [-169.423155, -14.255907], [-169.422571, -14.254051], [-169.422447, -14.253279], [-169.421376, -14.245496], [-169.418817, -14.222698], [-169.418805, -14.220185], [-169.418876, -14.218754], [-169.426285, -14.212477], [-169.426436, -14.212387], [-169.427023, -14.212117], [-169.427495, -14.211939], [-169.427835, -14.211886]]], [[[-169.678321, -14.173652], [-169.67883, -14.173528], [-169.678906, -14.173528], [-169.678961, -14.173584], [-169.678961, -14.17364], [-169.678885, -14.173712], [-169.678204, -14.174091], [-169.678167, -14.174091], [-169.678017, -14.173888], [-169.678017, -14.173833], [-169.678093, -14.17376], [-169.678321, -14.173652]]], [[[-169.684241, -14.172911], [-169.684184, -14.172856], [-169.684166, -14.172765], [-169.684168, -14.172562], [-169.684247, -14.172049], [-169.684287, -14.171847], [-169.684537, -14.171206], [-169.68465, -14.171153], [-169.684744, -14.171264], [-169.684872, -14.17165], [-169.68487, -14.171889], [-169.684812, -14.172017], [-169.684448, -14.172803], [-169.684372, -14.172913], [-169.684241, -14.172911]]], [[[-169.685476, -14.164825], [-169.686456, -14.164631], [-169.687097, -14.164525], [-169.687286, -14.164528], [-169.687341, -14.164601], [-169.687341, -14.164656], [-169.687318, -14.165188], [-169.687259, -14.165427], [-169.686994, -14.165664], [-169.686594, -14.166101], [-169.685833, -14.167031], [-169.685586, -14.167415], [-169.68545, -14.167836], [-169.685372, -14.16822], [-169.685387, -14.168588], [-169.685627, -14.169196], [-169.685905, -14.169804], [-169.685941, -14.169879], [-169.685506, -14.170168], [-169.684845, -14.170383], [-169.684676, -14.170381], [-169.683572, -14.169473], [-169.683275, -14.169029], [-169.683108, -14.168679], [-169.683053, -14.168477], [-169.683042, -14.167633], [-169.683081, -14.167394], [-169.68331, -14.167029], [-169.68392, -14.166097], [-169.684206, -14.165751], [-169.68506, -14.164876], [-169.685231, -14.164786], [-169.685476, -14.164825]]], [[[-169.676664, -14.160179], [-169.680024, -14.159197], [-169.680175, -14.159162], [-169.68025, -14.159162], [-169.680288, -14.1592], [-169.680605, -14.159514], [-169.681198, -14.160585], [-169.681402, -14.161045], [-169.681641, -14.161689], [-169.681641, -14.1618], [-169.68158, -14.162221], [-169.681542, -14.162386], [-169.679749, -14.169441], [-169.678117, -14.173265], [-169.677984, -14.173392], [-169.677407, -14.174764], [-169.677347, -14.175186], [-169.677416, -14.175921], [-169.6776, -14.176382], [-169.67769, -14.176951], [-169.677669, -14.17719], [-169.677509, -14.178346], [-169.676911, -14.179938], [-169.675653, -14.181818], [-169.67491, -14.18284], [-169.67415, -14.183604], [-169.673086, -14.184605], [-169.672708, -14.184858], [-169.672045, -14.185239], [-169.671025, -14.185579], [-169.670177, -14.185719], [-169.669291, -14.185785], [-169.668538, -14.185723], [-169.663935, -14.1844], [-169.663335, -14.184193], [-169.660051, -14.18277], [-169.659844, -14.182677], [-169.659226, -14.182287], [-169.657205, -14.180709], [-169.655598, -14.179246], [-169.650664, -14.174834], [-169.649898, -14.174185], [-169.649318, -14.173721], [-169.647556, -14.172697], [-169.646038, -14.171968], [-169.645643, -14.171799], [-169.644893, -14.1715], [-169.643297, -14.170898], [-169.642903, -14.170767], [-169.640569, -14.1706], [-169.641048, -14.167465], [-169.641442, -14.167578], [-169.642608, -14.167844], [-169.643455, -14.167963], [-169.644659, -14.168028], [-169.645959, -14.168001], [-169.647995, -14.16778], [-169.654898, -14.166553], [-169.659011, -14.16554], [-169.664447, -14.164173], [-169.668636, -14.163087], [-169.669133, -14.162266], [-169.67097, -14.161013], [-169.674817, -14.160384], [-169.676664, -14.160179]]], [[[-169.610051, -14.167513], [-169.609906, -14.166886], [-169.609641, -14.158566], [-169.609685, -14.157814], [-169.609743, -14.157667], [-169.609915, -14.15732], [-169.610011, -14.157229], [-169.611907, -14.155648], [-169.612002, -14.155593], [-169.612795, -14.155362], [-169.612964, -14.155363], [-169.613227, -14.15542], [-169.614993, -14.156004], [-169.615387, -14.156136], [-169.616545, -14.157101], [-169.616732, -14.157305], [-169.616936, -14.157693], [-169.617027, -14.158042], [-169.617075, -14.159016], [-169.617165, -14.159494], [-169.617869, -14.160859], [-169.618314, -14.16156], [-169.61943, -14.163076], [-169.620399, -14.164351], [-169.620641, -14.164647], [-169.620903, -14.164814], [-169.621503, -14.165058], [-169.627865, -14.167591], [-169.629602, -14.17148], [-169.615867, -14.189242], [-169.61465, -14.190645], [-169.612919, -14.192428], [-169.611943, -14.192126], [-169.607235, -14.181422], [-169.608137, -14.175207], [-169.610067, -14.169991], [-169.610051, -14.167513]]]]}, "properties": {"OBJECTID": 53, "NAME": "American Samoa", "ABBR": "AS", "Shape_Length": 1.46828734307508, "Shape_Area": 0.016447998568911108}}, {"type": "Feature", "id": 54, "geometry": {"type": "MultiPolygon", "coordinates": [[[[-197.058495, 5.267663], [-197.058457, 5.267709], [-197.058457, 5.267762], [-197.058489, 5.267823], [-197.058595, 5.267823], [-197.058633, 5.267769], [-197.058633, 5.267708], [-197.058549, 5.267654], [-197.058495, 5.267663]]], [[[-197.057931, 5.267695], [-197.057878, 5.267764], [-197.057879, 5.26781], [-197.057947, 5.267863], [-197.058031, 5.26787], [-197.058069, 5.267847], [-197.058084, 5.267763], [-197.058015, 5.267679], [-197.057931, 5.267695]]], [[[-197.060224, 5.269017], [-197.060386, 5.269452], [-197.060494, 5.269528], [-197.060554, 5.26952], [-197.060896, 5.269213], [-197.060965, 5.269145], [-197.061033, 5.269007], [-197.061055, 5.268854], [-197.06104, 5.268793], [-197.060986, 5.268755], [-197.060536, 5.268649], [-197.060429, 5.268658], [-197.06033, 5.268726], [-197.060246, 5.268804], [-197.060186, 5.268918], [-197.060224, 5.269017]]], [[[-197.048494, 5.270007], [-197.048403, 5.270068], [-197.048373, 5.270145], [-197.048397, 5.270267], [-197.048474, 5.270542], [-197.04855, 5.270595], [-197.04868, 5.270587], [-197.049273, 5.270188], [-197.049303, 5.270149], [-197.049295, 5.270035], [-197.049257, 5.269997], [-197.049143, 5.269959], [-197.048494, 5.270007]]], [[[-197.05321, 5.270779], [-197.053134, 5.270864], [-197.053134, 5.27091], [-197.053203, 5.270994], [-197.053371, 5.271024], [-197.053454, 5.270962], [-197.053469, 5.270901], [-197.053431, 5.270832], [-197.053324, 5.270772], [-197.05321, 5.270779]]], [[[-197.052584, 5.270736], [-197.052501, 5.270843], [-197.052563, 5.270995], [-197.052662, 5.271064], [-197.052792, 5.271048], [-197.052868, 5.27098], [-197.052874, 5.270849], [-197.052836, 5.270796], [-197.052729, 5.270728], [-197.052584, 5.270736]]], [[[-197.054971, 5.270851], [-197.054789, 5.270996], [-197.054775, 5.271103], [-197.054805, 5.271141], [-197.054836, 5.271164], [-197.055133, 5.271148], [-197.055231, 5.271087], [-197.055292, 5.270942], [-197.055284, 5.270919], [-197.055246, 5.27088], [-197.055124, 5.270843], [-197.054971, 5.270851]]], [[[-197.054844, 5.271348], [-197.054783, 5.271432], [-197.054829, 5.271493], [-197.054913, 5.271523], [-197.054997, 5.271477], [-197.055012, 5.271408], [-197.054943, 5.271347], [-197.054905, 5.271339], [-197.054844, 5.271348]]], [[[-197.054906, 5.271661], [-197.054845, 5.271714], [-197.054838, 5.271753], [-197.054861, 5.271791], [-197.05496, 5.271844], [-197.055021, 5.271813], [-197.055028, 5.27176], [-197.05496, 5.271661], [-197.054906, 5.271661]]], [[[-197.040737, 5.273231], [-197.040807, 5.273284], [-197.040852, 5.273291], [-197.041188, 5.273222], [-197.041835, 5.272968], [-197.045076, 5.271384], [-197.045236, 5.27127], [-197.04535, 5.271109], [-197.04538, 5.270978], [-197.045363, 5.270521], [-197.045339, 5.270345], [-197.044856, 5.269682], [-197.04481, 5.269628], [-197.044749, 5.269621], [-197.044368, 5.269752], [-197.042284, 5.271011], [-197.040925, 5.27239], [-197.040803, 5.272521], [-197.040766, 5.272619], [-197.040738, 5.273139], [-197.040737, 5.273231]]], [[[-197.035068, 5.276036], [-197.035007, 5.276113], [-197.034931, 5.276304], [-197.034902, 5.276526], [-197.034932, 5.276556], [-197.035009, 5.276571], [-197.03558, 5.276264], [-197.035648, 5.276218], [-197.035686, 5.276118], [-197.0357, 5.275988], [-197.035685, 5.275951], [-197.035639, 5.27592], [-197.035495, 5.275935], [-197.035205, 5.275998], [-197.035068, 5.276036]]], [[[-197.038674, 5.275949], [-197.038561, 5.276049], [-197.038387, 5.276454], [-197.038078, 5.277487], [-197.037578, 5.278428], [-197.03748, 5.278603], [-197.037435, 5.278818], [-197.037436, 5.279146], [-197.037468, 5.279314], [-197.037545, 5.27952], [-197.037706, 5.279596], [-197.03782, 5.279596], [-197.037957, 5.279511], [-197.038998, 5.278553], [-197.039103, 5.278423], [-197.039164, 5.278285], [-197.039179, 5.278201], [-197.038781, 5.27601], [-197.03872, 5.275941], [-197.038674, 5.275949]]], [[[-197.094082, 5.292245], [-197.097518, 5.295794], [-197.099544, 5.295198], [-197.095978, 5.288727], [-197.095586, 5.28801], [-197.095378, 5.287812], [-197.095227, 5.287805], [-197.09499, 5.287874], [-197.093765, 5.288451], [-197.093551, 5.28985], [-197.093561, 5.2903], [-197.093717, 5.290987], [-197.094082, 5.292245]]], [[[-196.967064, 5.332402], [-196.967134, 5.332586], [-196.967271, 5.332708], [-196.967539, 5.332806], [-196.967791, 5.332775], [-196.968019, 5.332652], [-196.96821, 5.332446], [-196.9683, 5.332201], [-196.968307, 5.332118], [-196.968276, 5.332003], [-196.968207, 5.331935], [-196.968123, 5.331912], [-196.968016, 5.331912], [-196.967337, 5.331945], [-196.967169, 5.332021], [-196.967078, 5.332143], [-196.967063, 5.332288], [-196.967064, 5.332402]]], [[[-196.97474, 5.334151], [-196.977889, 5.33486], [-196.978194, 5.334868], [-196.978378, 5.334821], [-196.978568, 5.334722], [-196.978698, 5.334607], [-196.979913, 5.333215], [-196.98033, 5.332664], [-196.980497, 5.332312], [-196.980481, 5.332167], [-196.980434, 5.332098], [-196.980366, 5.332053], [-196.974342, 5.329422], [-196.966878, 5.330382], [-196.969179, 5.332305], [-196.97474, 5.334151]]], [[[-196.981766, 5.339277], [-196.981659, 5.339369], [-196.981508, 5.339598], [-196.981441, 5.339934], [-196.981456, 5.340011], [-196.981548, 5.340086], [-196.98174, 5.340132], [-196.981861, 5.340132], [-196.982029, 5.340085], [-196.982098, 5.340047], [-196.982166, 5.339963], [-196.982165, 5.339711], [-196.982111, 5.339505], [-196.982041, 5.339368], [-196.981896, 5.339254], [-196.981766, 5.339277]]], [[[-196.980617, 5.348172], [-196.980488, 5.348447], [-196.980496, 5.348676], [-196.98055, 5.348728], [-196.980596, 5.348736], [-196.98068, 5.348698], [-196.980793, 5.348377], [-196.9808, 5.348186], [-196.980776, 5.348125], [-196.980723, 5.348087], [-196.980617, 5.348172]]], [[[-196.980567, 5.349141], [-196.980293, 5.34937], [-196.980233, 5.349446], [-196.980195, 5.349539], [-196.980219, 5.349653], [-196.980265, 5.349706], [-196.980341, 5.349721], [-196.980387, 5.349706], [-196.980546, 5.349561], [-196.98066, 5.349309], [-196.980666, 5.349133], [-196.980636, 5.349087], [-196.980567, 5.349141]]], [[[-197.037013, 5.35172], [-197.036731, 5.351811], [-197.036533, 5.351942], [-197.036389, 5.352133], [-197.036374, 5.352256], [-197.036405, 5.352324], [-197.036711, 5.352668], [-197.037223, 5.353025], [-197.037406, 5.353017], [-197.037528, 5.352941], [-197.037726, 5.352718], [-197.037816, 5.352482], [-197.037824, 5.35236], [-197.0378, 5.352199], [-197.03767, 5.352031], [-197.037448, 5.351825], [-197.037074, 5.351719], [-197.037013, 5.35172]]], [[[-197.001305, 5.369285], [-197.007546, 5.369415], [-197.00866, 5.369399], [-197.009164, 5.36939], [-197.010322, 5.369221], [-197.011908, 5.368737], [-197.012731, 5.368483], [-197.02679, 5.362882], [-197.028617, 5.361847], [-197.0317, 5.359884], [-197.034707, 5.357968], [-197.034806, 5.357891], [-197.035611, 5.356965], [-197.036234, 5.356222], [-197.036857, 5.355242], [-197.03694, 5.355082], [-197.036977, 5.354807], [-197.036983, 5.354288], [-197.036913, 5.353898], [-197.03676, 5.3536], [-197.036184, 5.352592], [-197.037224, 5.345987], [-197.038297, 5.345297], [-197.043497, 5.342037], [-197.047757, 5.338074], [-197.052795, 5.332055], [-197.055951, 5.325786], [-197.063402, 5.319246], [-197.066398, 5.316853], [-197.081749, 5.309668], [-197.082207, 5.309598], [-197.08319, 5.309411], [-197.08412, 5.30921], [-197.084569, 5.309093], [-197.084927, 5.308993], [-197.085416, 5.308839], [-197.087434, 5.30819], [-197.08844, 5.307851], [-197.091227, 5.306749], [-197.091645, 5.30658], [-197.095428, 5.304598], [-197.095868, 5.304222], [-197.096331, 5.303694], [-197.096732, 5.30315], [-197.096839, 5.302974], [-197.099129, 5.298858], [-197.099211, 5.298568], [-197.099195, 5.298453], [-197.098495, 5.297432], [-197.098134, 5.296953], [-197.097958, 5.296777], [-197.096227, 5.295508], [-197.093203, 5.29037], [-197.089751, 5.283492], [-197.089619, 5.283157], [-197.089549, 5.282752], [-197.089193, 5.280371], [-197.089777, 5.28101], [-197.089922, 5.281238], [-197.09267, 5.286026], [-197.093133, 5.28717], [-197.093792, 5.287634], [-197.094804, 5.287348], [-197.095277, 5.287209], [-197.095322, 5.287193], [-197.095443, 5.28704], [-197.095442, 5.286819], [-197.095419, 5.286674], [-197.095333, 5.286247], [-197.095124, 5.285805], [-197.095009, 5.285576], [-197.091301, 5.279303], [-197.09044, 5.27806], [-197.090133, 5.277671], [-197.089213, 5.276583], [-197.088691, 5.275973], [-197.088369, 5.275684], [-197.087765, 5.275418], [-197.077081, 5.271961], [-197.061869, 5.266858], [-197.061518, 5.266729], [-197.061205, 5.266631], [-197.060564, 5.266503], [-197.059862, 5.266367], [-197.059518, 5.266307], [-197.059404, 5.266293], [-197.059313, 5.266285], [-197.058474, 5.266227], [-197.057856, 5.266228], [-197.057323, 5.266275], [-197.043503, 5.268967], [-197.043085, 5.269083], [-197.041661, 5.269622], [-197.037658, 5.27149], [-197.036677, 5.272067], [-197.036319, 5.272335], [-197.035165, 5.273469], [-197.035058, 5.273592], [-197.034945, 5.273882], [-197.034781, 5.27486], [-197.034804, 5.275074], [-197.034835, 5.275135], [-197.035004, 5.275265], [-197.035118, 5.275295], [-197.035423, 5.275271], [-197.035614, 5.27521], [-197.036778, 5.274702], [-197.0383, 5.273673], [-197.039239, 5.272005], [-197.04022, 5.271407], [-197.041429, 5.270746], [-197.044222, 5.26947], [-197.057533, 5.267261], [-197.062671, 5.268895], [-197.06778, 5.27053], [-197.068031, 5.272141], [-197.065125, 5.27205], [-197.054573, 5.272051], [-197.049548, 5.272188], [-197.042219, 5.275656], [-197.042297, 5.276053], [-197.042269, 5.276748], [-197.042096, 5.27739], [-197.04202, 5.277459], [-197.039731, 5.279032], [-197.035137, 5.282018], [-197.03278, 5.281918], [-197.031223, 5.281571], [-197.022636, 5.276053], [-197.024556, 5.269508], [-197.013891, 5.261983], [-197.010163, 5.260455], [-197.00431, 5.259249], [-196.999765, 5.258826], [-196.999254, 5.25879], [-196.998622, 5.258861], [-196.998264, 5.258947], [-196.998097, 5.258993], [-196.997868, 5.259071], [-196.997374, 5.259271], [-196.9971, 5.259418], [-196.996477, 5.259779], [-196.992396, 5.262219], [-196.990551, 5.26371], [-196.980506, 5.274251], [-196.975143, 5.282503], [-196.971498, 5.289614], [-196.966541, 5.307183], [-196.964531, 5.315838], [-196.964546, 5.315953], [-196.964756, 5.316868], [-196.964771, 5.316907], [-196.968477, 5.320775], [-196.968944, 5.321102], [-196.969891, 5.321753], [-196.970189, 5.321882], [-196.970777, 5.321918], [-196.971273, 5.321832], [-196.971609, 5.321702], [-196.973381, 5.320789], [-196.974143, 5.320321], [-196.974911, 5.319684], [-196.97501, 5.319577], [-196.975063, 5.319485], [-196.978827, 5.31909], [-196.983093, 5.322404], [-196.984422, 5.325569], [-196.985064, 5.329193], [-196.984762, 5.332995], [-196.984197, 5.336584], [-196.982845, 5.342992], [-196.980803, 5.35059], [-196.98075, 5.350689], [-196.980401, 5.35111], [-196.980104, 5.351363], [-196.980036, 5.351363], [-196.979959, 5.351256], [-196.979943, 5.351104], [-196.979884, 5.349867], [-196.980202, 5.347623], [-196.980773, 5.345783], [-196.981634, 5.343712], [-196.982317, 5.341207], [-196.982324, 5.340909], [-196.982215, 5.340657], [-196.982123, 5.340581], [-196.981947, 5.340513], [-196.981161, 5.340447], [-196.981038, 5.340446], [-196.98097, 5.340469], [-196.980864, 5.340561], [-196.980757, 5.340737], [-196.978019, 5.347674], [-196.978352, 5.363378], [-196.978575, 5.365316], [-196.980356, 5.367703], [-196.98044, 5.367801], [-196.981183, 5.368396], [-196.98129, 5.368456], [-196.981497, 5.368525], [-196.981688, 5.368548], [-196.985077, 5.368864], [-196.987076, 5.369037], [-196.989204, 5.369026], [-196.990028, 5.368965], [-196.990509, 5.368926], [-196.991523, 5.36884], [-197.000894, 5.369256], [-197.001305, 5.369285]]], [[[-201.729309, 6.766813], [-201.729309, 6.766912], [-201.729371, 6.767149], [-201.729504, 6.767485], [-201.729597, 6.767653], [-201.730096, 6.767971], [-201.730151, 6.767971], [-201.730181, 6.767948], [-201.730674, 6.765612], [-201.730932, 6.763644], [-201.730932, 6.763614], [-201.730878, 6.763552], [-201.730816, 6.763515], [-201.730731, 6.7635], [-201.730609, 6.763516], [-201.730334, 6.763686], [-201.730066, 6.76394], [-201.729823, 6.764247], [-201.729785, 6.764316], [-201.729634, 6.76473], [-201.729559, 6.764952], [-201.729491, 6.765174], [-201.729341, 6.765841], [-201.729327, 6.765979], [-201.729309, 6.766813]]], [[[-201.783464, 6.776356], [-201.783504, 6.776378], [-201.783764, 6.776522], [-201.783826, 6.776514], [-201.783849, 6.776491], [-201.783864, 6.776407], [-201.783816, 6.77627], [-201.783447, 6.775974], [-201.783348, 6.775928], [-201.783125, 6.775952], [-201.783079, 6.775991], [-201.783072, 6.776029], [-201.783088, 6.776082], [-201.783134, 6.776158], [-201.783164, 6.776182], [-201.783464, 6.776356]]], [[[-201.792211, 6.776168], [-201.792166, 6.776252], [-201.792151, 6.776322], [-201.792151, 6.776383], [-201.792183, 6.776513], [-201.792408, 6.777039], [-201.79283, 6.777182], [-201.79338, 6.776743], [-201.793395, 6.776727], [-201.793433, 6.776582], [-201.793417, 6.776468], [-201.793324, 6.776322], [-201.792884, 6.775805], [-201.792792, 6.775729], [-201.792653, 6.775753], [-201.792409, 6.775923], [-201.792295, 6.776046], [-201.792211, 6.776168]]], [[[-201.772808, 6.777931], [-201.772603, 6.778154], [-201.772398, 6.778522], [-201.772507, 6.778713], [-201.774564, 6.777798], [-201.77464, 6.777737], [-201.774739, 6.777576], [-201.774745, 6.777461], [-201.774707, 6.777346], [-201.77463, 6.777294], [-201.774469, 6.777233], [-201.774377, 6.777226], [-201.774071, 6.777235], [-201.773878, 6.777259], [-201.773389, 6.777446], [-201.772808, 6.777931]]], [[[-201.844599, 6.783626], [-201.844544, 6.784346], [-201.844545, 6.784483], [-201.844613, 6.784965], [-201.844751, 6.785883], [-201.844904, 6.786915], [-201.84485, 6.787428], [-201.845441, 6.787795], [-201.845265, 6.786877], [-201.845656, 6.785125], [-201.84614, 6.783863], [-201.846308, 6.783848], [-201.84637, 6.783779], [-201.846385, 6.783626], [-201.84637, 6.783457], [-201.846209, 6.782976], [-201.846155, 6.782861], [-201.845641, 6.782302], [-201.845327, 6.782172], [-201.845121, 6.782142], [-201.845005, 6.782173], [-201.844845, 6.782264], [-201.84476, 6.782333], [-201.844653, 6.782502], [-201.844622, 6.78267], [-201.844599, 6.783626]]], [[[-201.764242, 6.793004], [-201.764803, 6.793101], [-201.764979, 6.793115], [-201.765362, 6.793021], [-201.765683, 6.792874], [-201.765722, 6.792851], [-201.766003, 6.792573], [-201.766094, 6.792474], [-201.766148, 6.792397], [-201.766952, 6.790763], [-201.767028, 6.790594], [-201.767111, 6.790318], [-201.767125, 6.790081], [-201.767101, 6.789913], [-201.766984, 6.789561], [-201.766806, 6.789203], [-201.765862, 6.787647], [-201.765723, 6.787458], [-201.765669, 6.787411], [-201.765546, 6.787389], [-201.764848, 6.787309], [-201.764472, 6.787296], [-201.76438, 6.787297], [-201.763943, 6.78736], [-201.763684, 6.787469], [-201.763577, 6.787553], [-201.763562, 6.787577], [-201.763546, 6.787684], [-201.763547, 6.787775], [-201.763573, 6.78838], [-201.763779, 6.792303], [-201.763842, 6.792647], [-201.76395, 6.792768], [-201.764166, 6.792959], [-201.764242, 6.793004]]], [[[-201.79338, 6.796623], [-201.793667, 6.797226], [-201.793743, 6.797279], [-201.793828, 6.797302], [-201.793897, 6.797309], [-201.793958, 6.797293], [-201.793997, 6.797262], [-201.794103, 6.797063], [-201.794087, 6.796864], [-201.794032, 6.796704], [-201.79345, 6.795338], [-201.793388, 6.795262], [-201.793018, 6.794851], [-201.792902, 6.794798], [-201.792811, 6.794806], [-201.792397, 6.794846], [-201.792335, 6.794855], [-201.792297, 6.794885], [-201.792267, 6.794963], [-201.792276, 6.795177], [-201.793064, 6.796266], [-201.79338, 6.796623]]], [[[-201.725917, 6.7959], [-201.725543, 6.796025], [-201.725323, 6.79647], [-201.725518, 6.797165], [-201.726046, 6.797116], [-201.726187, 6.796113], [-201.72617, 6.79596], [-201.726116, 6.795899], [-201.726071, 6.795877], [-201.726009, 6.795876], [-201.725917, 6.7959]]], [[[-201.690885, 6.797263], [-201.690997, 6.797769], [-201.691043, 6.797837], [-201.691379, 6.798138], [-201.691471, 6.798161], [-201.691555, 6.798161], [-201.69164, 6.79813], [-201.691793, 6.798032], [-201.691816, 6.797955], [-201.691874, 6.797037], [-201.691623, 6.796669], [-201.691033, 6.796598], [-201.69101, 6.796598], [-201.690886, 6.796697], [-201.690849, 6.796735], [-201.690848, 6.79685], [-201.690885, 6.797263]]], [[[-201.793365, 6.799531], [-201.793748, 6.80102], [-201.79401, 6.801248], [-201.79418, 6.801231], [-201.794317, 6.801193], [-201.794783, 6.800975], [-201.795217, 6.800399], [-201.795006, 6.799497], [-201.794208, 6.79811], [-201.794155, 6.798072], [-201.794093, 6.79808], [-201.79407, 6.798103], [-201.7935, 6.798917], [-201.793332, 6.799209], [-201.79331, 6.799263], [-201.793318, 6.799347], [-201.793365, 6.799531]]], [[[-201.797847, 6.801753], [-201.798423, 6.802078], [-201.798462, 6.802086], [-201.799642, 6.802041], [-201.800152, 6.801273], [-201.799101, 6.799772], [-201.799054, 6.799711], [-201.798947, 6.79962], [-201.798893, 6.799597], [-201.798754, 6.799552], [-201.798555, 6.799515], [-201.798478, 6.799523], [-201.797829, 6.799864], [-201.797512, 6.800875], [-201.797529, 6.801296], [-201.797623, 6.80154], [-201.797647, 6.801571], [-201.797847, 6.801753]]], [[[-201.794642, 6.804571], [-201.795112, 6.802205], [-201.795096, 6.802113], [-201.79505, 6.801976], [-201.794995, 6.801824], [-201.794956, 6.801762], [-201.794787, 6.801687], [-201.794749, 6.801687], [-201.79353, 6.801763], [-201.793446, 6.801786], [-201.793347, 6.801871], [-201.793302, 6.801978], [-201.793287, 6.802094], [-201.793258, 6.802415], [-201.793275, 6.802835], [-201.793377, 6.803256], [-201.793471, 6.803485], [-201.793532, 6.803599], [-201.793927, 6.804231], [-201.794012, 6.804315], [-201.794312, 6.80455], [-201.794419, 6.80458], [-201.794458, 6.80458], [-201.794642, 6.804571]]], [[[-201.833942, 6.80954], [-201.834088, 6.809854], [-201.834141, 6.80993], [-201.834357, 6.810083], [-201.834463, 6.810121], [-201.834571, 6.810121], [-201.834625, 6.810105], [-201.83533, 6.809516], [-201.835599, 6.809065], [-201.835737, 6.808576], [-201.837417, 6.806471], [-201.837485, 6.806425], [-201.83793, 6.805737], [-201.838076, 6.805415], [-201.838122, 6.805239], [-201.838145, 6.805071], [-201.838137, 6.804994], [-201.83757, 6.80423], [-201.837333, 6.8041], [-201.836972, 6.803924], [-201.836635, 6.803794], [-201.836543, 6.803809], [-201.836175, 6.803924], [-201.836137, 6.80394], [-201.835515, 6.804253], [-201.83527, 6.804475], [-201.835139, 6.804612], [-201.834526, 6.805561], [-201.83431, 6.806181], [-201.833812, 6.808033], [-201.833689, 6.808514], [-201.833636, 6.808767], [-201.833735, 6.809127], [-201.833942, 6.80954]]], [[[-201.847676, 6.816173], [-201.848159, 6.816255], [-201.848244, 6.816239], [-201.848665, 6.815886], [-201.848779, 6.815756], [-201.848978, 6.815488], [-201.849023, 6.815366], [-201.849062, 6.815189], [-201.849053, 6.815135], [-201.848768, 6.814525], [-201.848683, 6.814417], [-201.848445, 6.814151], [-201.848368, 6.814067], [-201.847631, 6.813549], [-201.847492, 6.813519], [-201.84717, 6.81352], [-201.846695, 6.81356], [-201.846518, 6.813621], [-201.846305, 6.813798], [-201.846266, 6.813867], [-201.846213, 6.814028], [-201.846198, 6.814127], [-201.846207, 6.814303], [-201.846299, 6.814502], [-201.846923, 6.81551], [-201.847453, 6.815998], [-201.847676, 6.816173]]], [[[-201.838702, 6.818305], [-201.838725, 6.818382], [-201.83881, 6.818541], [-201.838925, 6.818648], [-201.838979, 6.818656], [-201.839063, 6.81864], [-201.839094, 6.818617], [-201.83914, 6.818556], [-201.839552, 6.817973], [-201.839567, 6.817896], [-201.839552, 6.81769], [-201.839473, 6.817346], [-201.839405, 6.817239], [-201.839297, 6.817178], [-201.839181, 6.817186], [-201.839113, 6.81724], [-201.838701, 6.817815], [-201.838685, 6.817853], [-201.838663, 6.818053], [-201.838702, 6.818305]]], [[[-201.677091, 6.828484], [-201.676996, 6.828719], [-201.676962, 6.82888], [-201.676899, 6.829889], [-201.676952, 6.830455], [-201.676959, 6.830478], [-201.677034, 6.830541], [-201.67721, 6.83056], [-201.67738, 6.830532], [-201.678027, 6.830359], [-201.678329, 6.830203], [-201.678398, 6.830151], [-201.67857, 6.829977], [-201.678674, 6.829688], [-201.678701, 6.829505], [-201.678723, 6.829077], [-201.678702, 6.828893], [-201.678615, 6.828632], [-201.678548, 6.8285], [-201.678231, 6.828182], [-201.678103, 6.828095], [-201.678019, 6.828047], [-201.67785, 6.828037], [-201.677751, 6.828051], [-201.677263, 6.828265], [-201.677202, 6.828324], [-201.677091, 6.828484]]], [[[-201.67366, 6.831036], [-201.67352, 6.831111], [-201.673419, 6.831209], [-201.67338, 6.831277], [-201.673173, 6.831763], [-201.673148, 6.831846], [-201.673146, 6.831915], [-201.673184, 6.832007], [-201.673244, 6.83207], [-201.673524, 6.832274], [-201.673926, 6.832548], [-201.673988, 6.832557], [-201.674079, 6.832543], [-201.67428, 6.832485], [-201.674428, 6.832365], [-201.674545, 6.832214], [-201.674687, 6.831956], [-201.674719, 6.83188], [-201.674713, 6.831804], [-201.674691, 6.831726], [-201.67454, 6.831579], [-201.674208, 6.831282], [-201.673852, 6.831016], [-201.673736, 6.831014], [-201.67366, 6.831036]]], [[[-201.683625, 6.84153], [-201.683692, 6.841615], [-201.683777, 6.841617], [-201.684117, 6.841423], [-201.684188, 6.841325], [-201.684259, 6.841181], [-201.684276, 6.840908], [-201.684275, 6.8408], [-201.684206, 6.840698], [-201.684047, 6.840627], [-201.683961, 6.84064], [-201.683837, 6.840753], [-201.683647, 6.841087], [-201.683591, 6.841216], [-201.683589, 6.841346], [-201.683625, 6.84153]]], [[[-201.684275, 6.841443], [-201.684186, 6.841463], [-201.6841, 6.841515], [-201.684023, 6.841575], [-201.684006, 6.841621], [-201.684096, 6.841798], [-201.684156, 6.841868], [-201.684276, 6.841948], [-201.684346, 6.841955], [-201.684594, 6.841852], [-201.684663, 6.8418], [-201.68468, 6.841716], [-201.684666, 6.841647], [-201.684591, 6.841546], [-201.684438, 6.841474], [-201.684309, 6.841434], [-201.684275, 6.841443]]], [[[-201.679565, 6.841272], [-201.679579, 6.841325], [-201.679669, 6.841435], [-201.680192, 6.841857], [-201.68029, 6.841934], [-201.680343, 6.841958], [-201.680473, 6.841976], [-201.680604, 6.841962], [-201.684041, 6.840489], [-201.684126, 6.840444], [-201.684275, 6.840287], [-201.684384, 6.840135], [-201.684516, 6.839609], [-201.684536, 6.839242], [-201.684494, 6.839042], [-201.684434, 6.838927], [-201.684337, 6.83881], [-201.684094, 6.838646], [-201.683957, 6.838582], [-201.683583, 6.838477], [-201.68333, 6.838488], [-201.682055, 6.838635], [-201.681268, 6.839349], [-201.679794, 6.840817], [-201.679692, 6.840952], [-201.679574, 6.841158], [-201.679565, 6.841272]]], [[[-201.683961, 6.842056], [-201.683875, 6.842146], [-201.683867, 6.842216], [-201.684103, 6.842777], [-201.684186, 6.842848], [-201.684276, 6.84286], [-201.684316, 6.842865], [-201.684417, 6.842814], [-201.684557, 6.842632], [-201.684621, 6.842519], [-201.684638, 6.842419], [-201.684275, 6.842063], [-201.684222, 6.842045], [-201.683961, 6.842056]]], [[[-201.665595, 6.841026], [-201.665308, 6.841274], [-201.663717, 6.842365], [-201.66302, 6.842797], [-201.662981, 6.842849], [-201.66298, 6.842926], [-201.663001, 6.843025], [-201.663106, 6.84312], [-201.663213, 6.843167], [-201.663297, 6.843184], [-201.663473, 6.843171], [-201.663605, 6.843128], [-201.664131, 6.842876], [-201.664628, 6.842525], [-201.665343, 6.841871], [-201.665843, 6.841405], [-201.665905, 6.841314], [-201.665921, 6.84126], [-201.665916, 6.841138], [-201.665802, 6.841036], [-201.665741, 6.841013], [-201.665595, 6.841026]]], [[[-201.655708, 6.842997], [-201.655459, 6.84323], [-201.655443, 6.843283], [-201.655366, 6.844185], [-201.655379, 6.844322], [-201.655505, 6.844562], [-201.655738, 6.844865], [-201.655799, 6.844919], [-201.655837, 6.844927], [-201.655945, 6.844906], [-201.656139, 6.844749], [-201.656466, 6.843514], [-201.656468, 6.843454], [-201.656452, 6.843438], [-201.655992, 6.843002], [-201.655931, 6.842954], [-201.655877, 6.842938], [-201.655824, 6.842938], [-201.655708, 6.842997]]], [[[-201.663797, 6.84864], [-201.663604, 6.848729], [-201.663418, 6.848894], [-201.663338, 6.849068], [-201.663345, 6.849122], [-201.663382, 6.849161], [-201.66342, 6.849177], [-201.663749, 6.849236], [-201.663849, 6.849245], [-201.664094, 6.849242], [-201.664194, 6.849197], [-201.664288, 6.849122], [-201.664343, 6.849047], [-201.664353, 6.84891], [-201.664265, 6.848678], [-201.664174, 6.848585], [-201.664129, 6.848569], [-201.664006, 6.848567], [-201.663797, 6.84864]]], [[[-201.642049, 6.853108], [-201.642309, 6.853204], [-201.642959, 6.853337], [-201.643212, 6.853319], [-201.645124, 6.853174], [-201.645834, 6.851961], [-201.645732, 6.851225], [-201.646004, 6.850029], [-201.646069, 6.849854], [-201.646275, 6.849444], [-201.647209, 6.847708], [-201.648231, 6.847586], [-201.649463, 6.84773], [-201.650446, 6.848113], [-201.651427, 6.848664], [-201.651715, 6.848822], [-201.651845, 6.848886], [-201.651913, 6.848903], [-201.65293, 6.849057], [-201.652809, 6.848535], [-201.651746, 6.847881], [-201.651647, 6.847842], [-201.649091, 6.84705], [-201.639423, 6.846905], [-201.636696, 6.848986], [-201.641555, 6.852847], [-201.641722, 6.852957], [-201.642049, 6.853108]]], [[[-201.674047, 6.852619], [-201.678053, 6.85479], [-201.679779, 6.854321], [-201.684392, 6.849852], [-201.684753, 6.849391], [-201.684871, 6.849202], [-201.684935, 6.849042], [-201.685001, 6.848738], [-201.685195, 6.846798], [-201.685197, 6.846645], [-201.685107, 6.8461], [-201.684446, 6.843824], [-201.684275, 6.843362], [-201.684166, 6.843146], [-201.683603, 6.842387], [-201.683505, 6.842278], [-201.683391, 6.842207], [-201.683109, 6.842111], [-201.682964, 6.842093], [-201.681649, 6.842255], [-201.674639, 6.840861], [-201.674565, 6.840324], [-201.674557, 6.840301], [-201.67409, 6.839766], [-201.674038, 6.839711], [-201.673102, 6.838778], [-201.672694, 6.838397], [-201.671612, 6.83749], [-201.67149, 6.837443], [-201.671384, 6.837426], [-201.671215, 6.837438], [-201.671115, 6.837467], [-201.670464, 6.837816], [-201.668937, 6.838847], [-201.666579, 6.840935], [-201.664123, 6.843282], [-201.664127, 6.845883], [-201.66676, 6.851313], [-201.66802, 6.852979], [-201.668187, 6.853135], [-201.66864, 6.853548], [-201.668731, 6.853603], [-201.668983, 6.853661], [-201.67016, 6.853925], [-201.670343, 6.853951], [-201.670505, 6.853931], [-201.670882, 6.853868], [-201.670981, 6.853847], [-201.671221, 6.853752], [-201.671592, 6.853551], [-201.671765, 6.85337], [-201.672816, 6.852844], [-201.674047, 6.852619]]], [[[-201.640465, 6.859891], [-201.640158, 6.860353], [-201.639881, 6.860823], [-201.639836, 6.861228], [-201.63988, 6.861358], [-201.640023, 6.861552], [-201.640517, 6.861859], [-201.640578, 6.861859], [-201.640632, 6.861838], [-201.640671, 6.861792], [-201.64122, 6.860562], [-201.641271, 6.86031], [-201.641305, 6.860082], [-201.641234, 6.859728], [-201.641204, 6.859697], [-201.64109, 6.859672], [-201.640774, 6.859728], [-201.640635, 6.859757], [-201.640465, 6.859891]]], [[[-201.645918, 6.858903], [-201.644193, 6.861246], [-201.645602, 6.860879], [-201.64862, 6.85744], [-201.648714, 6.857327], [-201.648731, 6.857205], [-201.648694, 6.857105], [-201.648641, 6.857058], [-201.64855, 6.857041], [-201.64838, 6.857061], [-201.648203, 6.857127], [-201.647485, 6.857452], [-201.646926, 6.857825], [-201.646162, 6.858586], [-201.645997, 6.858782], [-201.645918, 6.858903]]], [[[-201.854606, 6.864691], [-201.855197, 6.864751], [-201.85522, 6.864743], [-201.85604, 6.864342], [-201.856529, 6.864066], [-201.856728, 6.863949], [-201.857119, 6.863719], [-201.857287, 6.863611], [-201.857333, 6.863558], [-201.857508, 6.863213], [-201.857577, 6.863029], [-201.85763, 6.86267], [-201.857641, 6.86117], [-201.857625, 6.860894], [-201.857585, 6.860558], [-201.85757, 6.860436], [-201.857046, 6.859833], [-201.856639, 6.859383], [-201.854136, 6.857999], [-201.853444, 6.857786], [-201.85336, 6.857786], [-201.85182, 6.858022], [-201.85136, 6.85826], [-201.849967, 6.859259], [-201.849891, 6.859335], [-201.849806, 6.859451], [-201.849708, 6.859665], [-201.849297, 6.860997], [-201.849275, 6.861158], [-201.84929, 6.861349], [-201.849337, 6.861426], [-201.850715, 6.863357], [-201.851369, 6.864212], [-201.8515, 6.864357], [-201.851569, 6.86438], [-201.853548, 6.864702], [-201.853694, 6.864709], [-201.854453, 6.864714], [-201.85453, 6.864714], [-201.854606, 6.864691]]], [[[-201.703179, 6.88017], [-201.703087, 6.880232], [-201.703041, 6.8803], [-201.702965, 6.880515], [-201.702948, 6.880721], [-201.70301, 6.880835], [-201.703041, 6.880867], [-201.703371, 6.881172], [-201.703448, 6.88118], [-201.703547, 6.881111], [-201.703647, 6.880997], [-201.703662, 6.880896], [-201.703601, 6.880744], [-201.703378, 6.880223], [-201.703294, 6.880155], [-201.703179, 6.88017]]], [[[-201.662516, 6.883994], [-201.662508, 6.88437], [-201.662538, 6.884499], [-201.662738, 6.884989], [-201.662769, 6.885019], [-201.663083, 6.885149], [-201.663213, 6.885188], [-201.663305, 6.885172], [-201.663374, 6.885134], [-201.663873, 6.884805], [-201.663988, 6.884721], [-201.664149, 6.884506], [-201.664172, 6.884414], [-201.664257, 6.882663], [-201.664257, 6.882549], [-201.664241, 6.882472], [-201.664135, 6.882227], [-201.664097, 6.882181], [-201.663636, 6.88199], [-201.663514, 6.882006], [-201.663437, 6.882052], [-201.663314, 6.882189], [-201.662861, 6.882801], [-201.662624, 6.883504], [-201.662516, 6.883994]]], [[[-201.867103, 6.887339], [-201.867824, 6.887614], [-201.8681, 6.887598], [-201.868193, 6.887575], [-201.868782, 6.887406], [-201.869028, 6.887268], [-201.869572, 6.886847], [-201.869717, 6.88651], [-201.86987, 6.886135], [-201.869886, 6.886074], [-201.871384, 6.882385], [-201.87166, 6.882026], [-201.871714, 6.881881], [-201.871713, 6.881728], [-201.871667, 6.881498], [-201.871536, 6.880955], [-201.871505, 6.880925], [-201.869817, 6.880216], [-201.869057, 6.879926], [-201.868536, 6.879866], [-201.868306, 6.87992], [-201.865792, 6.881071], [-201.865255, 6.881782], [-201.865413, 6.88507], [-201.866405, 6.886981], [-201.866474, 6.887042], [-201.866581, 6.887103], [-201.867103, 6.887339]]], [[[-201.866836, 6.888372], [-201.866828, 6.888587], [-201.866867, 6.888678], [-201.86699, 6.888778], [-201.867066, 6.888793], [-201.868317, 6.88857], [-201.868638, 6.888393], [-201.868738, 6.888263], [-201.868761, 6.888148], [-201.868738, 6.888079], [-201.868592, 6.887934], [-201.867364, 6.887592], [-201.867287, 6.887607], [-201.866935, 6.887967], [-201.866882, 6.888059], [-201.866836, 6.888372]]], [[[-201.883486, 6.900576], [-201.88374, 6.900774], [-201.88381, 6.900812], [-201.884484, 6.901171], [-201.884538, 6.901194], [-201.884623, 6.901194], [-201.885021, 6.900964], [-201.885121, 6.900856], [-201.885144, 6.90078], [-201.885166, 6.900573], [-201.885151, 6.900512], [-201.885067, 6.900268], [-201.884966, 6.90016], [-201.884897, 6.90013], [-201.883747, 6.900017], [-201.883579, 6.900048], [-201.883517, 6.900087], [-201.883479, 6.900156], [-201.883441, 6.900346], [-201.883486, 6.900576]]], [[[-201.884555, 6.902486], [-201.886028, 6.902805], [-201.886757, 6.902529], [-201.888167, 6.901662], [-201.888274, 6.901578], [-201.888673, 6.901165], [-201.888688, 6.901142], [-201.888794, 6.90092], [-201.888795, 6.900874], [-201.888764, 6.900812], [-201.888227, 6.900125], [-201.887865, 6.899828], [-201.887413, 6.899859], [-201.88594, 6.900251], [-201.885611, 6.900419], [-201.885581, 6.900451], [-201.884608, 6.901729], [-201.88457, 6.901783], [-201.884455, 6.902042], [-201.884349, 6.90241], [-201.884425, 6.902471], [-201.884555, 6.902486]]], [[[-201.713189, 6.938752], [-201.713411, 6.938492], [-201.713696, 6.938017], [-201.713871, 6.937421], [-201.713688, 6.937482], [-201.712912, 6.938377], [-201.713143, 6.938713], [-201.713189, 6.938752]]], [[[-201.773128, 6.943923], [-201.773083, 6.943992], [-201.773067, 6.944092], [-201.773083, 6.944321], [-201.773121, 6.944482], [-201.773167, 6.944582], [-201.773229, 6.944673], [-201.773314, 6.944742], [-201.773681, 6.944825], [-201.773797, 6.944833], [-201.773851, 6.944818], [-201.773889, 6.944787], [-201.773904, 6.944748], [-201.773896, 6.944726], [-201.773565, 6.944099], [-201.773458, 6.943992], [-201.773267, 6.943915], [-201.773128, 6.943923]]], [[[-201.819145, 6.952142], [-201.819238, 6.95234], [-201.819316, 6.952401], [-201.819361, 6.952401], [-201.819912, 6.952168], [-201.820731, 6.951788], [-201.820983, 6.951641], [-201.821288, 6.95141], [-201.821502, 6.951224], [-201.821723, 6.950987], [-201.821761, 6.950832], [-201.821797, 6.950473], [-201.821797, 6.950381], [-201.821789, 6.950359], [-201.82175, 6.950328], [-201.820483, 6.949969], [-201.820375, 6.949961], [-201.820207, 6.949978], [-201.820077, 6.950032], [-201.819771, 6.950249], [-201.819474, 6.950595], [-201.819093, 6.95111], [-201.819033, 6.951348], [-201.819035, 6.951623], [-201.819051, 6.951737], [-201.819145, 6.952142]]], [[[-201.705235, 6.953657], [-201.705166, 6.953734], [-201.705105, 6.953849], [-201.705075, 6.954063], [-201.705206, 6.954185], [-201.705429, 6.954193], [-201.705543, 6.954161], [-201.705773, 6.954046], [-201.705812, 6.954015], [-201.705842, 6.953985], [-201.70588, 6.953908], [-201.705865, 6.953762], [-201.705719, 6.953541], [-201.705619, 6.953557], [-201.705289, 6.953619], [-201.705235, 6.953657]]], [[[-201.69573, 6.961971], [-201.696399, 6.962214], [-201.696583, 6.962274], [-201.696744, 6.962274], [-201.698675, 6.961694], [-201.700108, 6.960917], [-201.700169, 6.960871], [-201.704868, 6.954079], [-201.707019, 6.94666], [-201.707028, 6.945071], [-201.708931, 6.941139], [-201.712322, 6.93814], [-201.713603, 6.937031], [-201.714232, 6.936503], [-201.714454, 6.936832], [-201.714662, 6.936135], [-201.714363, 6.934598], [-201.714279, 6.9343], [-201.71424, 6.934185], [-201.714186, 6.934117], [-201.712974, 6.932617], [-201.712898, 6.932534], [-201.712354, 6.931967], [-201.711563, 6.93141], [-201.710582, 6.930851], [-201.708833, 6.930255], [-201.708526, 6.930186], [-201.708373, 6.930186], [-201.707882, 6.930232], [-201.707775, 6.930255], [-201.704783, 6.931212], [-201.703939, 6.931632], [-201.703134, 6.932069], [-201.702474, 6.932444], [-201.702259, 6.932574], [-201.702136, 6.932681], [-201.702013, 6.932834], [-201.70196, 6.932941], [-201.701216, 6.934845], [-201.701192, 6.93493], [-201.701131, 6.935335], [-201.701308, 6.936253], [-201.701338, 6.936383], [-201.701475, 6.936789], [-201.701698, 6.937232], [-201.698874, 6.946458], [-201.696013, 6.952775], [-201.695131, 6.961468], [-201.695132, 6.961659], [-201.69517, 6.961697], [-201.69573, 6.961971]]], [[[-201.81839, 6.962177], [-201.818314, 6.962231], [-201.818223, 6.962331], [-201.818215, 6.962423], [-201.818239, 6.962469], [-201.818285, 6.962514], [-201.818377, 6.962575], [-201.8185, 6.96262], [-201.818753, 6.962618], [-201.818868, 6.962602], [-201.818944, 6.962548], [-201.818982, 6.962448], [-201.818982, 6.962265], [-201.818928, 6.962197], [-201.818529, 6.962161], [-201.81839, 6.962177]]], [[[-201.713813, 6.983681], [-201.715726, 6.984761], [-201.71581, 6.984806], [-201.716347, 6.984958], [-201.716586, 6.984973], [-201.717965, 6.984678], [-201.718663, 6.984431], [-201.719575, 6.984091], [-201.719681, 6.984007], [-201.720409, 6.98337], [-201.720477, 6.983293], [-201.720737, 6.982994], [-201.720875, 6.982794], [-201.720929, 6.982703], [-201.721065, 6.982389], [-201.721096, 6.982106], [-201.721161, 6.980981], [-201.720552, 6.979484], [-201.720482, 6.979423], [-201.720283, 6.979301], [-201.719884, 6.979065], [-201.715498, 6.976905], [-201.714133, 6.976734], [-201.714017, 6.976733], [-201.713887, 6.976803], [-201.713787, 6.976888], [-201.713435, 6.977302], [-201.712519, 6.978674], [-201.712199, 6.979455], [-201.712024, 6.980098], [-201.711903, 6.980619], [-201.712514, 6.982782], [-201.712545, 6.982866], [-201.712583, 6.982919], [-201.712714, 6.983049], [-201.71306, 6.983277], [-201.713813, 6.983681]]], [[[-201.81996, 6.985609], [-201.820728, 6.98565], [-201.82164, 6.985583], [-201.821716, 6.98556], [-201.82177, 6.985537], [-201.821953, 6.98536], [-201.822022, 6.985283], [-201.822151, 6.985083], [-201.822249, 6.984883], [-201.822643, 6.983955], [-201.823435, 6.981502], [-201.823561, 6.98102], [-201.82371, 6.980115], [-201.823777, 6.979695], [-201.823775, 6.979442], [-201.823759, 6.979312], [-201.823907, 6.975799], [-201.824014, 6.97576], [-201.824129, 6.97569], [-201.824305, 6.975537], [-201.824975, 6.974844], [-201.825196, 6.974597], [-201.825456, 6.974282], [-201.825539, 6.974136], [-201.825584, 6.973991], [-201.825614, 6.973823], [-201.825665, 6.973347], [-201.825781, 6.972199], [-201.825802, 6.971885], [-201.825784, 6.971366], [-201.825604, 6.970685], [-201.825361, 6.969838], [-201.825307, 6.969708], [-201.824299, 6.967902], [-201.821813, 6.965163], [-201.818681, 6.963315], [-201.816474, 6.959703], [-201.819428, 6.949172], [-201.822169, 6.942248], [-201.823164, 6.939785], [-201.824015, 6.939585], [-201.827751, 6.939578], [-201.83346, 6.941069], [-201.836778, 6.944376], [-201.839659, 6.947583], [-201.842489, 6.955377], [-201.852568, 6.955589], [-201.854963, 6.955788], [-201.856371, 6.955213], [-201.857594, 6.954486], [-201.858503, 6.953845], [-201.858969, 6.953505], [-201.85903, 6.953451], [-201.859319, 6.953059], [-201.859607, 6.952384], [-201.859472, 6.951673], [-201.859177, 6.951071], [-201.858684, 6.950638], [-201.856789, 6.949242], [-201.855542, 6.948515], [-201.853373, 6.947496], [-201.85151, 6.946464], [-201.850135, 6.944706], [-201.853447, 6.943202], [-201.856801, 6.944788], [-201.863898, 6.945014], [-201.872734, 6.93811], [-201.879534, 6.934091], [-201.884157, 6.932004], [-201.885369, 6.932346], [-201.885784, 6.932368], [-201.886074, 6.932345], [-201.886197, 6.932253], [-201.886266, 6.932168], [-201.886672, 6.931549], [-201.886771, 6.931304], [-201.887918, 6.928098], [-201.887975, 6.924688], [-201.887592, 6.91909], [-201.88604, 6.91166], [-201.885986, 6.905719], [-201.883009, 6.904362], [-201.876701, 6.908807], [-201.874958, 6.906653], [-201.878745, 6.904575], [-201.882207, 6.901542], [-201.883812, 6.897073], [-201.883835, 6.897004], [-201.884109, 6.895796], [-201.884125, 6.895681], [-201.883912, 6.891651], [-201.883897, 6.89156], [-201.883605, 6.891147], [-201.881619, 6.891578], [-201.880645, 6.891863], [-201.880331, 6.891955], [-201.874115, 6.89526], [-201.874801, 6.898257], [-201.872916, 6.899322], [-201.8678, 6.899268], [-201.867108, 6.897794], [-201.867115, 6.897236], [-201.867283, 6.896868], [-201.869727, 6.894035], [-201.870952, 6.892994], [-201.866868, 6.889038], [-201.859256, 6.892834], [-201.857999, 6.893011], [-201.854363, 6.892665], [-201.848985, 6.891938], [-201.849992, 6.879976], [-201.84713, 6.870054], [-201.846655, 6.870147], [-201.846394, 6.870172], [-201.846102, 6.870157], [-201.845795, 6.870043], [-201.845104, 6.869762], [-201.842762, 6.868469], [-201.842185, 6.86766], [-201.842222, 6.867339], [-201.842852, 6.865355], [-201.843387, 6.864497], [-201.845505, 6.86231], [-201.846316, 6.861711], [-201.847122, 6.861846], [-201.847214, 6.861853], [-201.847337, 6.861823], [-201.848133, 6.861529], [-201.848676, 6.861099], [-201.849082, 6.86073], [-201.849349, 6.860378], [-201.849487, 6.860117], [-201.849502, 6.860033], [-201.849442, 6.858036], [-201.849293, 6.856851], [-201.849006, 6.855697], [-201.847811, 6.853352], [-201.845211, 6.850606], [-201.843016, 6.847033], [-201.844791, 6.843042], [-201.850437, 6.832681], [-201.846573, 6.824943], [-201.84635, 6.8246], [-201.846065, 6.824248], [-201.843802, 6.821463], [-201.843203, 6.820838], [-201.843072, 6.820724], [-201.842681, 6.820495], [-201.838756, 6.818771], [-201.832227, 6.817606], [-201.833075, 6.816372], [-201.834554, 6.813429], [-201.8346, 6.813307], [-201.83463, 6.813115], [-201.834622, 6.812855], [-201.834394, 6.810902], [-201.834233, 6.810419], [-201.833544, 6.809211], [-201.833505, 6.809149], [-201.830224, 6.80459], [-201.817995, 6.79975], [-201.810626, 6.79728], [-201.80258, 6.796791], [-201.802001, 6.800207], [-201.801305, 6.801794], [-201.796776, 6.807956], [-201.794156, 6.806885], [-201.792324, 6.79972], [-201.791559, 6.795762], [-201.792792, 6.794232], [-201.793513, 6.792821], [-201.7933, 6.790336], [-201.792161, 6.788163], [-201.789471, 6.785608], [-201.784294, 6.784957], [-201.773825, 6.78582], [-201.768387, 6.79386], [-201.767365, 6.797607], [-201.765389, 6.795255], [-201.764156, 6.793931], [-201.759649, 6.789825], [-201.757846, 6.788228], [-201.757062, 6.787851], [-201.75604, 6.787589], [-201.755519, 6.787584], [-201.754615, 6.787627], [-201.749459, 6.788422], [-201.741738, 6.791074], [-201.741685, 6.791105], [-201.740989, 6.791545], [-201.740523, 6.791885], [-201.740447, 6.791992], [-201.740272, 6.792284], [-201.740182, 6.792475], [-201.740107, 6.792805], [-201.739885, 6.794337], [-201.739871, 6.794474], [-201.739973, 6.794979], [-201.740035, 6.795109], [-201.740128, 6.795261], [-201.741218, 6.797014], [-201.741843, 6.797746], [-201.741889, 6.797784], [-201.741928, 6.797791], [-201.742733, 6.797794], [-201.743001, 6.797792], [-201.743285, 6.79776], [-201.744543, 6.797998], [-201.745626, 6.798236], [-201.745935, 6.798717], [-201.746046, 6.799366], [-201.746081, 6.800261], [-201.745532, 6.803531], [-201.742564, 6.804757], [-201.736731, 6.803582], [-201.735958, 6.802446], [-201.733577, 6.798772], [-201.732555, 6.795632], [-201.729267, 6.794312], [-201.726549, 6.79937], [-201.721173, 6.793295], [-201.716948, 6.78898], [-201.709673, 6.784347], [-201.709597, 6.784324], [-201.70929, 6.784261], [-201.708539, 6.784182], [-201.707374, 6.784269], [-201.705924, 6.784585], [-201.704387, 6.785459], [-201.702596, 6.786637], [-201.696112, 6.791837], [-201.694281, 6.793558], [-201.694235, 6.793605], [-201.694141, 6.793772], [-201.694087, 6.793872], [-201.694072, 6.793971], [-201.69414, 6.794209], [-201.694178, 6.794246], [-201.694453, 6.79444], [-201.694522, 6.794478], [-201.695326, 6.794794], [-201.703638, 6.804728], [-201.702647, 6.805397], [-201.697524, 6.80784], [-201.691859, 6.811427], [-201.689983, 6.81269], [-201.688749, 6.813542], [-201.68781, 6.814191], [-201.687265, 6.81471], [-201.686315, 6.816026], [-201.686244, 6.816179], [-201.686147, 6.816475], [-201.682632, 6.827757], [-201.682454, 6.828366], [-201.682321, 6.829006], [-201.681972, 6.832451], [-201.681908, 6.833115], [-201.681919, 6.833789], [-201.682422, 6.834999], [-201.68622, 6.841772], [-201.689186, 6.843841], [-201.693341, 6.846725], [-201.697891, 6.848407], [-201.698294, 6.848643], [-201.700009, 6.850209], [-201.702938, 6.85302], [-201.705253, 6.855919], [-201.706644, 6.858054], [-201.708225, 6.865425], [-201.704662, 6.867089], [-201.700501, 6.866453], [-201.694204, 6.872058], [-201.693782, 6.872479], [-201.693502, 6.872788], [-201.693391, 6.873001], [-201.693351, 6.873092], [-201.692202, 6.876203], [-201.692216, 6.876371], [-201.6923, 6.876832], [-201.692387, 6.877108], [-201.692446, 6.87724], [-201.692704, 6.877451], [-201.69294, 6.877577], [-201.698309, 6.880003], [-201.703432, 6.879565], [-201.703578, 6.879458], [-201.703616, 6.879474], [-201.706146, 6.885058], [-201.700057, 6.882664], [-201.693363, 6.878839], [-201.692004, 6.87802], [-201.691769, 6.87784], [-201.691709, 6.877793], [-201.690641, 6.876882], [-201.683228, 6.873032], [-201.678152, 6.864555], [-201.675443, 6.861901], [-201.667812, 6.867453], [-201.666772, 6.868215], [-201.666135, 6.868702], [-201.663242, 6.871087], [-201.662993, 6.871298], [-201.662595, 6.871712], [-201.662447, 6.871878], [-201.662222, 6.872463], [-201.662127, 6.87312], [-201.662137, 6.873908], [-201.662229, 6.874835], [-201.662341, 6.875457], [-201.662437, 6.875703], [-201.662709, 6.876397], [-201.662828, 6.876613], [-201.663361, 6.877318], [-201.66355, 6.877512], [-201.663897, 6.877839], [-201.664569, 6.878447], [-201.664745, 6.878557], [-201.664851, 6.878597], [-201.665531, 6.878769], [-201.665668, 6.878787], [-201.666061, 6.878694], [-201.666177, 6.87865], [-201.669142, 6.885164], [-201.672466, 6.900782], [-201.674418, 6.915154], [-201.681197, 6.923896], [-201.680068, 6.929878], [-201.679616, 6.930222], [-201.679017, 6.931293], [-201.678289, 6.932654], [-201.678219, 6.932785], [-201.678197, 6.932891], [-201.678197, 6.932999], [-201.678242, 6.933183], [-201.678281, 6.933312], [-201.678365, 6.933473], [-201.678457, 6.933557], [-201.679638, 6.934131], [-201.679937, 6.934261], [-201.680068, 6.934284], [-201.680666, 6.934245], [-201.681172, 6.93413], [-201.681947, 6.933892], [-201.69001, 6.931245], [-201.690308, 6.93113], [-201.690485, 6.931046], [-201.690585, 6.930977], [-201.690853, 6.930633], [-201.691183, 6.93009], [-201.691214, 6.92999], [-201.69192, 6.926939], [-201.691913, 6.925538], [-201.694552, 6.919327], [-201.702123, 6.915264], [-201.702536, 6.91977], [-201.702445, 6.919884], [-201.702299, 6.92009], [-201.701969, 6.92071], [-201.701922, 6.920848], [-201.701861, 6.921238], [-201.701877, 6.921934], [-201.702314, 6.92299], [-201.702812, 6.923876], [-201.703503, 6.924733], [-201.703556, 6.924786], [-201.705051, 6.925735], [-201.705266, 6.925804], [-201.708825, 6.926499], [-201.709079, 6.926506], [-201.710391, 6.926491], [-201.711295, 6.926154], [-201.712415, 6.925718], [-201.712837, 6.925527], [-201.713045, 6.925412], [-201.714739, 6.925082], [-201.715407, 6.925251], [-201.715924, 6.925466], [-201.718186, 6.926923], [-201.719726, 6.9323], [-201.722245, 6.94688], [-201.72135, 6.956186], [-201.726135, 6.961702], [-201.730054, 6.961476], [-201.730729, 6.96149], [-201.736791, 6.962221], [-201.736845, 6.962235], [-201.737512, 6.962532], [-201.737628, 6.962631], [-201.737875, 6.96315], [-201.737915, 6.964007], [-201.737734, 6.964972], [-201.737214, 6.965654], [-201.735903, 6.965865], [-201.734686, 6.966848], [-201.734417, 6.967101], [-201.734212, 6.967415], [-201.733586, 6.96858], [-201.733495, 6.968787], [-201.733289, 6.969285], [-201.733258, 6.969384], [-201.733291, 6.969951], [-201.733321, 6.970034], [-201.733383, 6.970103], [-201.734021, 6.970721], [-201.734574, 6.970949], [-201.734751, 6.97101], [-201.734873, 6.971047], [-201.735848, 6.971213], [-201.735963, 6.971227], [-201.736108, 6.971219], [-201.739084, 6.971004], [-201.745823, 6.969767], [-201.747195, 6.969411], [-201.747525, 6.96931], [-201.748252, 6.968887], [-201.75094, 6.967226], [-201.750973, 6.961993], [-201.751222, 6.9577], [-201.751826, 6.957048], [-201.752447, 6.956626], [-201.758905, 6.956666], [-201.760511, 6.957877], [-201.760428, 6.958099], [-201.76039, 6.958253], [-201.760398, 6.958368], [-201.760452, 6.958666], [-201.760514, 6.958849], [-201.762673, 6.96325], [-201.764296, 6.965149], [-201.76535, 6.966171], [-201.776138, 6.976193], [-201.777913, 6.973864], [-201.77911, 6.967431], [-201.777676, 6.960723], [-201.774915, 6.958032], [-201.768939, 6.951194], [-201.770178, 6.946163], [-201.770293, 6.945794], [-201.770385, 6.945557], [-201.770568, 6.945106], [-201.771647, 6.942915], [-201.772045, 6.942487], [-201.77422, 6.940241], [-201.773211, 6.942943], [-201.772844, 6.943403], [-201.774395, 6.944748], [-201.774518, 6.944824], [-201.774732, 6.944908], [-201.775884, 6.945166], [-201.776075, 6.945189], [-201.776183, 6.945173], [-201.776313, 6.94512], [-201.77652, 6.944929], [-201.776795, 6.944377], [-201.777002, 6.94394], [-201.77885, 6.937916], [-201.779029, 6.934028], [-201.77962, 6.935037], [-201.779651, 6.935328], [-201.779652, 6.935496], [-201.779614, 6.936001], [-201.779424, 6.937272], [-201.779394, 6.937424], [-201.777194, 6.944131], [-201.777033, 6.944606], [-201.776727, 6.94528], [-201.776605, 6.945364], [-201.776421, 6.945464], [-201.775822, 6.94548], [-201.775662, 6.945465], [-201.773436, 6.944971], [-201.773275, 6.944926], [-201.773183, 6.94488], [-201.771293, 6.948393], [-201.771217, 6.948555], [-201.771119, 6.94883], [-201.771052, 6.949198], [-201.770959, 6.950453], [-201.770946, 6.950759], [-201.771063, 6.951179], [-201.771202, 6.951461], [-201.771241, 6.951522], [-201.771465, 6.951826], [-201.771574, 6.951949], [-201.772761, 6.953027], [-201.776938, 6.956467], [-201.778533, 6.957727], [-201.779118, 6.958128], [-201.786086, 6.967939], [-201.787177, 6.969608], [-201.787208, 6.969638], [-201.787354, 6.969713], [-201.791625, 6.970964], [-201.793748, 6.97047], [-201.79628, 6.96923], [-201.796462, 6.969114], [-201.79673, 6.968899], [-201.796898, 6.968729], [-201.796989, 6.968629], [-201.797126, 6.968429], [-201.797209, 6.968276], [-201.797397, 6.967662], [-201.797425, 6.96718], [-201.797484, 6.965222], [-201.797181, 6.963242], [-201.796599, 6.960705], [-201.79961, 6.957658], [-201.80458, 6.954766], [-201.804468, 6.958102], [-201.802715, 6.965174], [-201.802189, 6.972491], [-201.802997, 6.974383], [-201.804833, 6.977348], [-201.807852, 6.980879], [-201.819653, 6.985504], [-201.81996, 6.985609]]], [[[-201.717462, 6.98572], [-201.717516, 6.98578], [-201.7176, 6.985765], [-201.719516, 6.985232], [-201.719822, 6.98504], [-201.72019, 6.984747], [-201.720389, 6.984548], [-201.72042, 6.984464], [-201.720419, 6.98441], [-201.720396, 6.984334], [-201.720289, 6.98425], [-201.720211, 6.984227], [-201.720142, 6.984228], [-201.719989, 6.984266], [-201.71766, 6.985268], [-201.717606, 6.985306], [-201.717484, 6.985483], [-201.717446, 6.985613], [-201.717462, 6.98572]]], [[[-201.716227, 6.985876], [-201.716266, 6.985907], [-201.716304, 6.985915], [-201.716366, 6.985914], [-201.717071, 6.985882], [-201.717109, 6.985866], [-201.717255, 6.985705], [-201.717216, 6.985599], [-201.717039, 6.985484], [-201.716786, 6.985408], [-201.716533, 6.985425], [-201.71628, 6.98554], [-201.71618, 6.985617], [-201.716135, 6.98567], [-201.716135, 6.98577], [-201.716227, 6.985876]]], [[[-201.715361, 6.985733], [-201.715184, 6.98578], [-201.715007, 6.985858], [-201.714892, 6.985965], [-201.714863, 6.986018], [-201.714794, 6.986172], [-201.714802, 6.98624], [-201.714855, 6.986294], [-201.714902, 6.986316], [-201.715016, 6.986324], [-201.715177, 6.986285], [-201.715415, 6.986146], [-201.71563, 6.985916], [-201.715652, 6.985847], [-201.715636, 6.985786], [-201.715605, 6.985749], [-201.715545, 6.98571], [-201.715361, 6.985733]]], [[[-201.791702, 6.989561], [-201.791925, 6.989599], [-201.792048, 6.98959], [-201.796145, 6.98841], [-201.79681, 6.988207], [-201.797795, 6.987359], [-201.79794, 6.987213], [-201.79961, 6.985413], [-201.799876, 6.983583], [-201.799962, 6.982687], [-201.799983, 6.982281], [-201.799982, 6.98222], [-201.799974, 6.982105], [-201.799879, 6.981647], [-201.799611, 6.980363], [-201.799541, 6.980257], [-201.797936, 6.97853], [-201.797859, 6.978454], [-201.796342, 6.977484], [-201.794526, 6.977809], [-201.785845, 6.979369], [-201.785645, 6.979417], [-201.785439, 6.979517], [-201.784064, 6.980535], [-201.783706, 6.980882], [-201.782828, 6.981752], [-201.782466, 6.982626], [-201.782359, 6.984126], [-201.782364, 6.985135], [-201.782468, 6.985747], [-201.783119, 6.986837], [-201.783529, 6.987492], [-201.783614, 6.987568], [-201.783698, 6.987598], [-201.78422, 6.987694], [-201.784742, 6.987783], [-201.785447, 6.987748], [-201.785501, 6.987724], [-201.78599, 6.987385], [-201.789947, 6.988501], [-201.791702, 6.989561]]], [[[-201.711647, 6.988652], [-201.711609, 6.988667], [-201.710997, 6.989457], [-201.710967, 6.989564], [-201.710968, 6.989733], [-201.710983, 6.989809], [-201.711021, 6.989847], [-201.711075, 6.98987], [-201.711145, 6.98987], [-201.711237, 6.989846], [-201.711581, 6.989601], [-201.711841, 6.989409], [-201.711872, 6.98937], [-201.711926, 6.989286], [-201.711964, 6.989179], [-201.711971, 6.988934], [-201.71194, 6.988796], [-201.711847, 6.988651], [-201.711647, 6.988652]]], [[[-201.7017, 6.991779], [-201.701907, 6.991787], [-201.702881, 6.99173], [-201.703586, 6.991621], [-201.707158, 6.990754], [-201.707396, 6.990677], [-201.707603, 6.990591], [-201.70817, 6.990246], [-201.709103, 6.989661], [-201.71235, 6.987334], [-201.71309, 6.985901], [-201.713151, 6.985763], [-201.713151, 6.985633], [-201.713135, 6.98561], [-201.71309, 6.985572], [-201.712513, 6.9851], [-201.712451, 6.985062], [-201.71199, 6.98478], [-201.711276, 6.984453], [-201.710938, 6.984301], [-201.7107, 6.98421], [-201.709657, 6.984091], [-201.709511, 6.984091], [-201.70889, 6.984108], [-201.70846, 6.984201], [-201.707909, 6.984356], [-201.706667, 6.98478], [-201.699435, 6.988497], [-201.699313, 6.988604], [-201.699252, 6.988727], [-201.699138, 6.98901], [-201.698979, 6.989676], [-201.69898, 6.989837], [-201.69901, 6.989928], [-201.699279, 6.990326], [-201.699672, 6.990737], [-201.69991, 6.990905], [-201.700071, 6.991011], [-201.701239, 6.991628], [-201.7017, 6.991779]]], [[[-201.765666, 6.992979], [-201.765391, 6.993102], [-201.765352, 6.993133], [-201.765314, 6.993202], [-201.765223, 6.993492], [-201.765223, 6.993585], [-201.7656, 6.994104], [-201.765915, 6.994355], [-201.766038, 6.994416], [-201.7661, 6.994408], [-201.766153, 6.994377], [-201.766222, 6.994277], [-201.766222, 6.99417], [-201.765858, 6.993001], [-201.765827, 6.992963], [-201.765666, 6.992979]]], [[[-201.769549, 6.999187], [-201.77075, 6.999564], [-201.770835, 6.999563], [-201.770957, 6.999524], [-201.771025, 6.999471], [-201.771087, 6.999386], [-201.771124, 6.999248], [-201.771551, 6.994809], [-201.771457, 6.994496], [-201.771195, 6.994184], [-201.769439, 6.992745], [-201.768572, 6.992281], [-201.767113, 6.992033], [-201.766944, 6.992034], [-201.766791, 6.992095], [-201.7667, 6.992164], [-201.766646, 6.992248], [-201.766486, 6.992579], [-201.766372, 6.992908], [-201.766259, 6.993673], [-201.766259, 6.993826], [-201.766321, 6.994102], [-201.766376, 6.994262], [-201.767858, 6.998304], [-201.769549, 6.999187]]], [[[-201.77376, 7.005459], [-201.776299, 7.006881], [-201.776338, 7.006896], [-201.776561, 7.006888], [-201.776576, 7.006873], [-201.776568, 7.006811], [-201.776272, 7.006009], [-201.775929, 7.005116], [-201.775766, 7.004819], [-201.775689, 7.004713], [-201.774694, 7.003785], [-201.774609, 7.00374], [-201.773841, 7.00363], [-201.773275, 7.003657], [-201.773122, 7.003718], [-201.772991, 7.00378], [-201.772908, 7.003858], [-201.772862, 7.003935], [-201.772862, 7.004003], [-201.773002, 7.0044], [-201.773065, 7.004506], [-201.773466, 7.005123], [-201.77376, 7.005459]]], [[[-201.74459, 7.011328], [-201.744828, 7.01135], [-201.744966, 7.011335], [-201.745082, 7.011303], [-201.745319, 7.011234], [-201.74551, 7.011157], [-201.751546, 7.007589], [-201.75454, 7.002959], [-201.755372, 6.992773], [-201.755356, 6.992414], [-201.755324, 6.992207], [-201.755271, 6.992069], [-201.755124, 6.991879], [-201.753647, 6.990139], [-201.752494, 6.989087], [-201.75244, 6.989041], [-201.752371, 6.98901], [-201.752279, 6.989011], [-201.75224, 6.989026], [-201.751796, 6.989387], [-201.751039, 6.990231], [-201.751008, 6.990285], [-201.745733, 6.996949], [-201.745073, 6.996599], [-201.744651, 6.996547], [-201.744552, 6.996547], [-201.744483, 6.996562], [-201.742048, 6.998383], [-201.741803, 6.998613], [-201.741758, 6.998698], [-201.741659, 6.998974], [-201.741088, 7.000689], [-201.740989, 7.001064], [-201.740974, 7.001187], [-201.740975, 7.0017], [-201.741634, 7.004261], [-201.742107, 7.006087], [-201.742431, 7.007004], [-201.744205, 7.010878], [-201.744344, 7.011122], [-201.744521, 7.01129], [-201.74459, 7.011328]]], [[[-208.122634, 7.281476], [-208.122313, 7.281651], [-208.122228, 7.281736], [-208.122136, 7.28198], [-208.122136, 7.28208], [-208.122145, 7.282118], [-208.122229, 7.282194], [-208.122298, 7.282202], [-208.122451, 7.282148], [-208.12265, 7.282041], [-208.122719, 7.28198], [-208.122803, 7.281781], [-208.122818, 7.281629], [-208.122811, 7.281575], [-208.122695, 7.281445], [-208.122634, 7.281476]]], [[[-208.118252, 7.281386], [-208.118198, 7.281416], [-208.117999, 7.281676], [-208.117969, 7.281745], [-208.117984, 7.281874], [-208.118207, 7.28244], [-208.118276, 7.282493], [-208.118345, 7.282508], [-208.118437, 7.282501], [-208.118506, 7.282463], [-208.118583, 7.282379], [-208.118636, 7.282218], [-208.118674, 7.281653], [-208.118597, 7.281431], [-208.118512, 7.281378], [-208.118252, 7.281386]]], [[[-208.122069, 7.312904], [-208.122646, 7.313656], [-208.122674, 7.313977], [-208.123057, 7.314397], [-208.123367, 7.314685], [-208.124404, 7.315456], [-208.126542, 7.316693], [-208.126626, 7.316717], [-208.126749, 7.31671], [-208.126849, 7.316619], [-208.126918, 7.316466], [-208.12706, 7.315856], [-208.127091, 7.315689], [-208.128003, 7.302968], [-208.128086, 7.301669], [-208.12754, 7.29957], [-208.126979, 7.297798], [-208.120686, 7.286495], [-208.12057, 7.286296], [-208.120501, 7.286227], [-208.120416, 7.286189], [-208.120179, 7.286159], [-208.120126, 7.286174], [-208.119627, 7.286381], [-208.119521, 7.286426], [-208.114245, 7.290698], [-208.112838, 7.293448], [-208.111668, 7.295916], [-208.110715, 7.301391], [-208.110848, 7.304669], [-208.110871, 7.304814], [-208.110933, 7.304974], [-208.111094, 7.30531], [-208.111676, 7.306257], [-208.112027, 7.306748], [-208.112252, 7.306998], [-208.113353, 7.307764], [-208.113879, 7.30805], [-208.114254, 7.308205], [-208.121481, 7.31248], [-208.122069, 7.312904]]], [[[-208.388287, 7.347029], [-208.388217, 7.347083], [-208.388202, 7.347121], [-208.388257, 7.347274], [-208.388502, 7.347694], [-208.388671, 7.347892], [-208.388825, 7.348007], [-208.389001, 7.348014], [-208.389085, 7.347999], [-208.389177, 7.347945], [-208.389284, 7.347777], [-208.389253, 7.347601], [-208.389145, 7.347479], [-208.388831, 7.347212], [-208.388555, 7.347037], [-208.388448, 7.347014], [-208.388287, 7.347029]]], [[[-208.391063, 7.351748], [-208.398634, 7.352557], [-208.401385, 7.352294], [-208.402265, 7.352155], [-208.405672, 7.3508], [-208.407699, 7.349674], [-208.411347, 7.346936], [-208.416999, 7.345547], [-208.425737, 7.344024], [-208.430384, 7.343071], [-208.441088, 7.339766], [-208.442616, 7.338001], [-208.442692, 7.337802], [-208.442768, 7.337335], [-208.442818, 7.336022], [-208.442826, 7.33577], [-208.442577, 7.334341], [-208.442415, 7.333547], [-208.44202, 7.33202], [-208.441507, 7.332082], [-208.441347, 7.332578], [-208.441241, 7.332807], [-208.44089, 7.333519], [-208.440722, 7.333794], [-208.44008, 7.334512], [-208.439851, 7.334749], [-208.439514, 7.335018], [-208.438649, 7.335354], [-208.438442, 7.33537], [-208.436818, 7.33515], [-208.434809, 7.334748], [-208.434603, 7.334694], [-208.431405, 7.333109], [-208.426102, 7.329289], [-208.418475, 7.327784], [-208.4119, 7.323078], [-208.410369, 7.323722], [-208.404628, 7.32951], [-208.394122, 7.342722], [-208.39197, 7.346002], [-208.390971, 7.348501], [-208.390895, 7.348776], [-208.390782, 7.349281], [-208.39057, 7.350732], [-208.390564, 7.351205], [-208.390603, 7.351412], [-208.390679, 7.351633], [-208.390841, 7.351786], [-208.390956, 7.351809], [-208.391063, 7.351748]]], [[[-208.210218, 7.366681], [-208.211023, 7.366948], [-208.211653, 7.367101], [-208.211767, 7.367071], [-208.211851, 7.367033], [-208.212025, 7.366872], [-208.214113, 7.364703], [-208.214757, 7.362854], [-208.216364, 7.354327], [-208.216395, 7.354159], [-208.216387, 7.353907], [-208.216311, 7.353739], [-208.216266, 7.353639], [-208.216174, 7.353586], [-208.216053, 7.35354], [-208.215696, 7.353494], [-208.215438, 7.353509], [-208.214558, 7.353723], [-208.214285, 7.353799], [-208.20573, 7.358472], [-208.202846, 7.360152], [-208.202588, 7.361244], [-208.204843, 7.363553], [-208.206954, 7.365051], [-208.209444, 7.36652], [-208.209581, 7.366589], [-208.209657, 7.36662], [-208.209793, 7.366635], [-208.210218, 7.366681]]], [[[-208.172219, 7.370304], [-208.172555, 7.370313], [-208.173053, 7.370255], [-208.174013, 7.370132], [-208.176154, 7.369428], [-208.178581, 7.368391], [-208.180296, 7.367295], [-208.181389, 7.366408], [-208.180754, 7.362186], [-208.178999, 7.359408], [-208.177292, 7.353797], [-208.167701, 7.345296], [-208.167379, 7.345279], [-208.167043, 7.345231], [-208.166301, 7.344867], [-208.166034, 7.344728], [-208.165415, 7.344395], [-208.16299, 7.342445], [-208.162532, 7.342015], [-208.161551, 7.340847], [-208.161483, 7.340762], [-208.161467, 7.340709], [-208.16104, 7.339101], [-208.160415, 7.33585], [-208.160397, 7.334994], [-208.160396, 7.333864], [-208.160827, 7.321458], [-208.161423, 7.319087], [-208.161495, 7.318491], [-208.161492, 7.316314], [-208.161456, 7.315962], [-208.161433, 7.315863], [-208.161313, 7.31564], [-208.159151, 7.313257], [-208.159059, 7.313172], [-208.158563, 7.31284], [-208.158357, 7.312748], [-208.158142, 7.312731], [-208.157828, 7.312744], [-208.151465, 7.313763], [-208.150767, 7.313926], [-208.147259, 7.316623], [-208.147082, 7.316819], [-208.146988, 7.317055], [-208.14697, 7.317437], [-208.147129, 7.31915], [-208.147254, 7.319999], [-208.148065, 7.329249], [-208.148423, 7.342805], [-208.14723, 7.352973], [-208.153207, 7.36096], [-208.164015, 7.36684], [-208.163952, 7.367183], [-208.164141, 7.367681], [-208.1643, 7.36798], [-208.164361, 7.368026], [-208.166577, 7.369012], [-208.170924, 7.370111], [-208.171721, 7.370247], [-208.172219, 7.370304]]], [[[-208.130946, 7.390085], [-208.13136, 7.390375], [-208.132257, 7.39043], [-208.133383, 7.389735], [-208.133468, 7.389636], [-208.133751, 7.389186], [-208.136186, 7.385009], [-208.13996, 7.376494], [-208.136433, 7.363363], [-208.127324, 7.363412], [-208.121377, 7.363677], [-208.119006, 7.36418], [-208.116632, 7.366486], [-208.115806, 7.36742], [-208.109498, 7.37141], [-208.106453, 7.37187], [-208.104612, 7.372156], [-208.104197, 7.372267], [-208.102892, 7.372694], [-208.101506, 7.373585], [-208.098151, 7.376892], [-208.098012, 7.377098], [-208.097935, 7.37732], [-208.09795, 7.377671], [-208.097989, 7.377877], [-208.09805, 7.378022], [-208.099568, 7.380002], [-208.099729, 7.38017], [-208.099897, 7.380323], [-208.099981, 7.380354], [-208.100058, 7.380354], [-208.102534, 7.380302], [-208.104281, 7.380212], [-208.111515, 7.379178], [-208.120251, 7.378283], [-208.114619, 7.380861], [-208.114205, 7.380884], [-208.113301, 7.381058], [-208.112963, 7.381166], [-208.112841, 7.381211], [-208.112351, 7.381432], [-208.106619, 7.384766], [-208.103961, 7.387736], [-208.103646, 7.388109], [-208.103631, 7.388194], [-208.103677, 7.388286], [-208.103831, 7.388446], [-208.104574, 7.389058], [-208.104666, 7.389119], [-208.104873, 7.38918], [-208.105195, 7.389272], [-208.105562, 7.389364], [-208.105677, 7.389388], [-208.106398, 7.389433], [-208.109594, 7.389604], [-208.109846, 7.389589], [-208.110237, 7.389528], [-208.111142, 7.389315], [-208.111931, 7.389025], [-208.113042, 7.388514], [-208.113778, 7.387773], [-208.12004, 7.387733], [-208.130762, 7.39007], [-208.130946, 7.390085]]], [[[-208.40422, 7.394818], [-208.404342, 7.394841], [-208.404526, 7.394826], [-208.404702, 7.39478], [-208.404848, 7.394689], [-208.406731, 7.39336], [-208.407351, 7.392428], [-208.40757, 7.387234], [-208.407592, 7.386608], [-208.407577, 7.386211], [-208.40753, 7.385898], [-208.407469, 7.385761], [-208.407346, 7.3856], [-208.407024, 7.385363], [-208.406633, 7.385211], [-208.406365, 7.385142], [-208.40412, 7.384026], [-208.403407, 7.383346], [-208.401828, 7.381819], [-208.400769, 7.379169], [-208.401228, 7.378283], [-208.404537, 7.377695], [-208.408791, 7.380812], [-208.410914, 7.382447], [-208.412064, 7.383065], [-208.417511, 7.384708], [-208.420398, 7.383983], [-208.427722, 7.375277], [-208.429716, 7.372657], [-208.429815, 7.372505], [-208.429914, 7.372223], [-208.429929, 7.37207], [-208.42952, 7.37087], [-208.429274, 7.370603], [-208.421053, 7.363409], [-208.420815, 7.363288], [-208.420715, 7.363265], [-208.413142, 7.364732], [-208.410364, 7.366317], [-208.409212, 7.368465], [-208.407502, 7.371553], [-208.405728, 7.372999], [-208.402069, 7.374141], [-208.400032, 7.374671], [-208.399197, 7.374756], [-208.395595, 7.374523], [-208.388967, 7.370672], [-208.387144, 7.364219], [-208.387995, 7.360497], [-208.391274, 7.357278], [-208.390009, 7.353131], [-208.387466, 7.353531], [-208.387358, 7.353516], [-208.38722, 7.35344], [-208.386668, 7.353035], [-208.386322, 7.352738], [-208.386192, 7.352486], [-208.386083, 7.351425], [-208.386051, 7.351066], [-208.386274, 7.347704], [-208.394361, 7.332455], [-208.394582, 7.332409], [-208.394752, 7.332324], [-208.39495, 7.332163], [-208.395217, 7.331873], [-208.395309, 7.331728], [-208.395659, 7.330521], [-208.395788, 7.329963], [-208.395926, 7.326617], [-208.395887, 7.326166], [-208.395368, 7.323813], [-208.39496, 7.322883], [-208.394868, 7.322744], [-208.393869, 7.321294], [-208.391129, 7.319044], [-208.390776, 7.318777], [-208.390599, 7.318693], [-208.390347, 7.318609], [-208.390109, 7.318594], [-208.389673, 7.318694], [-208.381811, 7.321888], [-208.37627, 7.32446], [-208.362989, 7.327757], [-208.363682, 7.334572], [-208.369699, 7.346995], [-208.3703, 7.348148], [-208.3707, 7.348752], [-208.371122, 7.349354], [-208.371222, 7.349484], [-208.371553, 7.349812], [-208.372627, 7.350659], [-208.372895, 7.350842], [-208.373218, 7.350964], [-208.374022, 7.350986], [-208.378308, 7.35254], [-208.379144, 7.35642], [-208.377222, 7.356796], [-208.373618, 7.355455], [-208.371691, 7.353968], [-208.361435, 7.350772], [-208.363224, 7.364475], [-208.365355, 7.371041], [-208.37467, 7.376986], [-208.382721, 7.378508], [-208.385878, 7.379142], [-208.389858, 7.385345], [-208.390639, 7.386826], [-208.390955, 7.388988], [-208.390703, 7.390561], [-208.391072, 7.391691], [-208.391931, 7.392929], [-208.392129, 7.393082], [-208.39239, 7.393166], [-208.393823, 7.393571], [-208.394222, 7.393632], [-208.403239, 7.394627], [-208.40422, 7.394818]]], [[[-208.283829, 7.386798], [-208.28519, 7.38878], [-208.285374, 7.389063], [-208.286001, 7.390111], [-208.286253, 7.39057], [-208.287155, 7.392261], [-208.287597, 7.393827], [-208.290416, 7.393803], [-208.293913, 7.389465], [-208.297342, 7.376363], [-208.295434, 7.373845], [-208.29525, 7.374119], [-208.294707, 7.374814], [-208.293283, 7.376285], [-208.29277, 7.376498], [-208.291807, 7.376894], [-208.290809, 7.37725], [-208.290487, 7.37734], [-208.289369, 7.37749], [-208.28583, 7.377948], [-208.284318, 7.376895], [-208.283827, 7.375438], [-208.281655, 7.372735], [-208.281064, 7.372353], [-208.279195, 7.371588], [-208.278857, 7.371482], [-208.272242, 7.369921], [-208.261486, 7.371377], [-208.261388, 7.371416], [-208.261281, 7.371553], [-208.260614, 7.373012], [-208.260592, 7.373264], [-208.260683, 7.373516], [-208.260872, 7.373975], [-208.261024, 7.374265], [-208.261268, 7.374663], [-208.261898, 7.375633], [-208.261997, 7.375724], [-208.265262, 7.378711], [-208.26552, 7.378887], [-208.265816, 7.378994], [-208.268344, 7.379804], [-208.269446, 7.37959], [-208.273078, 7.37863], [-208.277993, 7.381269], [-208.283829, 7.386798]]], [[[-208.139534, 7.421581], [-208.13971, 7.42158], [-208.140669, 7.42152], [-208.140753, 7.421452], [-208.140791, 7.421383], [-208.140799, 7.42129], [-208.140745, 7.421261], [-208.140407, 7.421176], [-208.140124, 7.421199], [-208.13971, 7.421283], [-208.139212, 7.421435], [-208.139165, 7.421488], [-208.139166, 7.421541], [-208.139212, 7.421558], [-208.139534, 7.421581]]], [[[-208.146155, 7.465379], [-208.151526, 7.466976], [-208.152637, 7.467007], [-208.153595, 7.466314], [-208.153733, 7.466192], [-208.154691, 7.465239], [-208.158334, 7.461309], [-208.15887, 7.460714], [-208.159637, 7.459851], [-208.160641, 7.458684], [-208.160756, 7.458539], [-208.16081, 7.458424], [-208.161164, 7.45763], [-208.161201, 7.457516], [-208.161209, 7.457332], [-208.160443, 7.456063], [-208.160313, 7.45588], [-208.15993, 7.455474], [-208.15869, 7.453547], [-208.157834, 7.450085], [-208.157781, 7.44981], [-208.157796, 7.449688], [-208.158165, 7.447809], [-208.158395, 7.446824], [-208.158479, 7.446755], [-208.161533, 7.440617], [-208.161983, 7.43618], [-208.16152, 7.434162], [-208.158815, 7.424107], [-208.15842, 7.418584], [-208.157123, 7.414855], [-208.153404, 7.413309], [-208.14975, 7.416431], [-208.141312, 7.421422], [-208.138584, 7.42213], [-208.137276, 7.429363], [-208.137836, 7.429455], [-208.131246, 7.436455], [-208.119239, 7.443697], [-208.103998, 7.443676], [-208.101027, 7.452371], [-208.104813, 7.451445], [-208.110354, 7.450323], [-208.110722, 7.450277], [-208.111872, 7.450141], [-208.113259, 7.450029], [-208.124092, 7.453414], [-208.124765, 7.455943], [-208.122433, 7.460103], [-208.134634, 7.458097], [-208.140238, 7.453812], [-208.140267, 7.457525], [-208.139913, 7.459013], [-208.140081, 7.460205], [-208.141834, 7.462867], [-208.142286, 7.46338], [-208.142685, 7.463601], [-208.146155, 7.465379]]], [[[-221.938024, 9.442309], [-221.93817, 9.442317], [-221.938255, 9.442271], [-221.938279, 9.442226], [-221.938255, 9.442103], [-221.938193, 9.441943], [-221.938124, 9.441882], [-221.937516, 9.441866], [-221.937385, 9.441882], [-221.937323, 9.441951], [-221.937324, 9.441981], [-221.937478, 9.442157], [-221.937624, 9.442264], [-221.937747, 9.442287], [-221.938024, 9.442309]]], [[[-221.934122, 9.443547], [-221.933706, 9.443722], [-221.933198, 9.444066], [-221.933083, 9.444181], [-221.933083, 9.444265], [-221.933144, 9.444296], [-221.933291, 9.444287], [-221.933452, 9.44425], [-221.933714, 9.444151], [-221.934076, 9.443906], [-221.934306, 9.4437], [-221.934329, 9.443624], [-221.934307, 9.443569], [-221.934261, 9.443532], [-221.934122, 9.443547]]], [[[-221.92968, 9.45863], [-221.929741, 9.458714], [-221.929841, 9.458798], [-221.929949, 9.458813], [-221.930042, 9.458775], [-221.930341, 9.458493], [-221.930365, 9.458118], [-221.930364, 9.45808], [-221.930265, 9.457996], [-221.930172, 9.458011], [-221.929826, 9.458294], [-221.929695, 9.458462], [-221.929664, 9.458523], [-221.92968, 9.45863]]], [[[-221.928302, 9.460608], [-221.928818, 9.460623], [-221.928941, 9.460592], [-221.929249, 9.46047], [-221.929303, 9.460402], [-221.929319, 9.46031], [-221.929241, 9.460119], [-221.92918, 9.46005], [-221.928794, 9.4596], [-221.928748, 9.459546], [-221.928649, 9.4595], [-221.92854, 9.459485], [-221.928379, 9.459485], [-221.928032, 9.459692], [-221.927994, 9.459737], [-221.927933, 9.460165], [-221.927933, 9.460226], [-221.927994, 9.460417], [-221.928179, 9.460562], [-221.928302, 9.460608]]], [[[-221.927079, 9.462601], [-221.927033, 9.462647], [-221.926964, 9.462769], [-221.926971, 9.462822], [-221.92718, 9.46348], [-221.927257, 9.46351], [-221.927442, 9.463487], [-221.927526, 9.463448], [-221.927588, 9.463364], [-221.927565, 9.462861], [-221.927518, 9.462815], [-221.927141, 9.462593], [-221.927079, 9.462601]]], [[[-221.925078, 9.464633], [-221.924963, 9.464869], [-221.924893, 9.465114], [-221.924901, 9.46519], [-221.924956, 9.465267], [-221.925009, 9.465297], [-221.92521, 9.46532], [-221.92531, 9.465289], [-221.925371, 9.465221], [-221.925509, 9.464663], [-221.925524, 9.464533], [-221.925479, 9.464495], [-221.925317, 9.464434], [-221.925247, 9.464449], [-221.925078, 9.464633]]], [[[-221.927322, 9.470405], [-221.92726, 9.470513], [-221.927268, 9.470772], [-221.927291, 9.470849], [-221.927368, 9.47091], [-221.927414, 9.47091], [-221.927453, 9.470857], [-221.927622, 9.470559], [-221.927622, 9.470528], [-221.92756, 9.470459], [-221.927437, 9.470399], [-221.927322, 9.470405]]], [[[-221.938659, 9.474911], [-221.938744, 9.475048], [-221.938821, 9.475125], [-221.938975, 9.475216], [-221.939044, 9.475224], [-221.939945, 9.474949], [-221.940053, 9.474858], [-221.940061, 9.474804], [-221.94003, 9.474453], [-221.939952, 9.474353], [-221.939759, 9.474155], [-221.939729, 9.474125], [-221.939606, 9.474078], [-221.939244, 9.474071], [-221.939182, 9.474071], [-221.938705, 9.474392], [-221.938651, 9.474506], [-221.938628, 9.474651], [-221.938659, 9.474911]]], [[[-221.9016, 9.489736], [-221.901669, 9.48982], [-221.901799, 9.489835], [-221.902154, 9.489744], [-221.902385, 9.489622], [-221.902462, 9.489002], [-221.902439, 9.488926], [-221.902385, 9.488865], [-221.902138, 9.488628], [-221.902007, 9.488575], [-221.901599, 9.488521], [-221.901499, 9.488537], [-221.901452, 9.488605], [-221.90143, 9.488666], [-221.901407, 9.488965], [-221.901422, 9.489125], [-221.9016, 9.489736]]], [[[-221.899466, 9.4915], [-221.900306, 9.491798], [-221.900421, 9.491828], [-221.900552, 9.491836], [-221.900722, 9.491813], [-221.900876, 9.491729], [-221.901407, 9.491179], [-221.901453, 9.491011], [-221.901515, 9.490484], [-221.901468, 9.490125], [-221.901291, 9.489851], [-221.900799, 9.489376], [-221.900498, 9.489179], [-221.900105, 9.489072], [-221.900013, 9.489079], [-221.89992, 9.489117], [-221.899605, 9.489338], [-221.899443, 9.489491], [-221.899389, 9.489636], [-221.899273, 9.490201], [-221.899243, 9.490698], [-221.899282, 9.491049], [-221.899305, 9.49114], [-221.899404, 9.491416], [-221.899466, 9.4915]]], [[[-221.863093, 9.518537], [-221.862954, 9.518598], [-221.862915, 9.518644], [-221.862723, 9.519026], [-221.862391, 9.519774], [-221.86239, 9.519988], [-221.862514, 9.520416], [-221.862621, 9.520508], [-221.862837, 9.520562], [-221.863376, 9.520546], [-221.863438, 9.520524], [-221.863946, 9.520317], [-221.864116, 9.520219], [-221.864216, 9.520127], [-221.864308, 9.519982], [-221.864363, 9.519875], [-221.864455, 9.519539], [-221.864455, 9.51931], [-221.864432, 9.519226], [-221.864378, 9.519104], [-221.864155, 9.518736], [-221.86394, 9.5184], [-221.863825, 9.518317], [-221.863701, 9.518332], [-221.863208, 9.518423], [-221.863093, 9.518537]]], [[[-221.868509, 9.528266], [-221.869056, 9.528465], [-221.869249, 9.528243], [-221.869311, 9.527602], [-221.869381, 9.526502], [-221.86935, 9.526326], [-221.869288, 9.526204], [-221.869196, 9.526105], [-221.869142, 9.526089], [-221.868634, 9.526142], [-221.868549, 9.526158], [-221.868479, 9.526181], [-221.868179, 9.526386], [-221.867802, 9.526928], [-221.867786, 9.526974], [-221.867724, 9.527577], [-221.867763, 9.527806], [-221.867832, 9.527975], [-221.868016, 9.528143], [-221.868509, 9.528266]]], [[[-221.87152, 9.529811], [-221.871374, 9.529895], [-221.871158, 9.530131], [-221.87061, 9.53143], [-221.870549, 9.531613], [-221.870549, 9.531682], [-221.87058, 9.531842], [-221.870625, 9.531903], [-221.871372, 9.53282], [-221.871496, 9.532928], [-221.871688, 9.533043], [-221.872073, 9.533096], [-221.872181, 9.533043], [-221.872304, 9.532913], [-221.872335, 9.532859], [-221.872351, 9.532646], [-221.872335, 9.532553], [-221.871805, 9.529995], [-221.871751, 9.52988], [-221.871667, 9.529804], [-221.87162, 9.529796], [-221.87152, 9.529811]]], [[[-221.913524, 9.536214], [-221.913547, 9.53629], [-221.913647, 9.536512], [-221.913678, 9.53655], [-221.913786, 9.536603], [-221.913862, 9.53658], [-221.914094, 9.536351], [-221.914102, 9.536298], [-221.914086, 9.536199], [-221.91404, 9.536146], [-221.913948, 9.536114], [-221.913786, 9.536061], [-221.913724, 9.536046], [-221.91357, 9.536061], [-221.913539, 9.536091], [-221.913524, 9.536214]]], [[[-221.830447, 9.551874], [-221.830932, 9.551958], [-221.83101, 9.551943], [-221.83111, 9.55189], [-221.831202, 9.551813], [-221.831256, 9.551737], [-221.831249, 9.551622], [-221.831141, 9.55153], [-221.830609, 9.5514], [-221.830524, 9.551423], [-221.830462, 9.551476], [-221.830317, 9.55169], [-221.830332, 9.551782], [-221.830447, 9.551874]]], [[[-221.82973, 9.551964], [-221.829684, 9.552102], [-221.8297, 9.552247], [-221.829816, 9.552416], [-221.8299, 9.552484], [-221.8301, 9.552523], [-221.83017, 9.552492], [-221.830216, 9.552438], [-221.830316, 9.552156], [-221.830324, 9.552087], [-221.8302, 9.551927], [-221.83017, 9.551897], [-221.829893, 9.551805], [-221.829831, 9.551827], [-221.82973, 9.551964]]], [[[-221.89792, 9.556223], [-221.898736, 9.55659], [-221.898799, 9.556591], [-221.899044, 9.556499], [-221.899107, 9.556461], [-221.899161, 9.556385], [-221.899522, 9.555255], [-221.899523, 9.555186], [-221.899446, 9.555094], [-221.899338, 9.555109], [-221.898968, 9.555178], [-221.898567, 9.555353], [-221.898452, 9.555444], [-221.898066, 9.55591], [-221.897928, 9.556124], [-221.89792, 9.556223]]], [[[-221.841516, 9.573165], [-221.841539, 9.573189], [-221.841685, 9.573227], [-221.841917, 9.573235], [-221.842672, 9.573075], [-221.843497, 9.572701], [-221.84429, 9.572022], [-221.844536, 9.571777], [-221.845014, 9.571159], [-221.845053, 9.57109], [-221.845407, 9.570251], [-221.845638, 9.569502], [-221.8456, 9.569334], [-221.845483, 9.569243], [-221.845345, 9.569258], [-221.845045, 9.569372], [-221.843364, 9.570287], [-221.842848, 9.570669], [-221.842687, 9.570852], [-221.84194, 9.571814], [-221.841747, 9.572065], [-221.841531, 9.572769], [-221.841493, 9.572906], [-221.841485, 9.572998], [-221.841516, 9.573165]]], [[[-221.839436, 9.57615], [-221.839952, 9.575563], [-221.840468, 9.574838], [-221.840499, 9.574715], [-221.840468, 9.574692], [-221.840129, 9.574799], [-221.840013, 9.574898], [-221.839281, 9.575975], [-221.839258, 9.576097], [-221.839289, 9.576135], [-221.83932, 9.576158], [-221.839436, 9.57615]]], [[[-221.839135, 9.575157], [-221.838565, 9.575722], [-221.838488, 9.575821], [-221.838472, 9.575997], [-221.838442, 9.576593], [-221.838442, 9.576646], [-221.838457, 9.576791], [-221.838495, 9.576837], [-221.838565, 9.576799], [-221.838796, 9.57641], [-221.839289, 9.575402], [-221.839327, 9.575257], [-221.839312, 9.575165], [-221.839266, 9.575127], [-221.839135, 9.575157]]], [[[-221.833548, 9.578249], [-221.838172, 9.576104], [-221.839543, 9.574295], [-221.843079, 9.570149], [-221.844713, 9.568799], [-221.846493, 9.567364], [-221.852787, 9.562815], [-221.858656, 9.552326], [-221.863872, 9.540208], [-221.86222, 9.533287], [-221.858246, 9.532267], [-221.858069, 9.532962], [-221.85715, 9.535116], [-221.856156, 9.536085], [-221.853803, 9.536543], [-221.85321, 9.536489], [-221.856232, 9.526177], [-221.858037, 9.522787], [-221.857777, 9.520405], [-221.857446, 9.519495], [-221.85607, 9.515996], [-221.85537, 9.515269], [-221.851994, 9.514554], [-221.847666, 9.514476], [-221.839093, 9.515273], [-221.835112, 9.517456], [-221.831138, 9.52244], [-221.830915, 9.522852], [-221.830946, 9.523654], [-221.830961, 9.523937], [-221.831246, 9.524655], [-221.832101, 9.526465], [-221.829783, 9.532391], [-221.826779, 9.534176], [-221.826987, 9.533817], [-221.827503, 9.532809], [-221.827611, 9.532511], [-221.827719, 9.53203], [-221.827595, 9.529945], [-221.827541, 9.529479], [-221.827017, 9.525447], [-221.82486, 9.523689], [-221.816126, 9.530068], [-221.810532, 9.535357], [-221.810424, 9.535487], [-221.809985, 9.536272], [-221.809939, 9.536395], [-221.809938, 9.536601], [-221.810323, 9.543192], [-221.810037, 9.547301], [-221.809806, 9.548118], [-221.808049, 9.550851], [-221.807186, 9.551774], [-221.80707, 9.551874], [-221.806985, 9.551904], [-221.806824, 9.551919], [-221.806269, 9.551926], [-221.80593, 9.552125], [-221.804952, 9.553064], [-221.804574, 9.553521], [-221.804219, 9.554071], [-221.803024, 9.556605], [-221.802392, 9.558232], [-221.802014, 9.559347], [-221.801968, 9.559507], [-221.801621, 9.561493], [-221.801621, 9.561722], [-221.801659, 9.561836], [-221.803323, 9.565037], [-221.803362, 9.565106], [-221.803485, 9.56519], [-221.805426, 9.566215], [-221.806374, 9.566491], [-221.806822, 9.566537], [-221.808587, 9.566423], [-221.810212, 9.566157], [-221.813441, 9.563807], [-221.823213, 9.556161], [-221.828251, 9.550505], [-221.83, 9.549819], [-221.831873, 9.551004], [-221.831918, 9.551584], [-221.829962, 9.554454], [-221.826402, 9.561295], [-221.827528, 9.567528], [-221.831027, 9.574908], [-221.831613, 9.575855], [-221.833548, 9.578249]]], [[[-221.837115, 9.578442], [-221.837007, 9.578541], [-221.836952, 9.578625], [-221.836921, 9.578747], [-221.836936, 9.5788], [-221.837006, 9.578862], [-221.837098, 9.578855], [-221.837245, 9.578725], [-221.837299, 9.578649], [-221.837338, 9.578481], [-221.837276, 9.578397], [-221.837115, 9.578442]]], [[[-221.837313, 9.579428], [-221.837336, 9.579474], [-221.837543, 9.579635], [-221.837628, 9.57962], [-221.837836, 9.579514], [-221.838076, 9.579315], [-221.838061, 9.579246], [-221.837984, 9.579193], [-221.83746, 9.579115], [-221.837398, 9.579123], [-221.837367, 9.579161], [-221.837313, 9.579428]]], [[[-221.854148, 9.581353], [-221.854202, 9.581399], [-221.854579, 9.581499], [-221.854711, 9.581515], [-221.855265, 9.581364], [-221.855342, 9.581295], [-221.855404, 9.581219], [-221.855404, 9.581189], [-221.855235, 9.580852], [-221.855197, 9.580791], [-221.855135, 9.580737], [-221.854897, 9.580683], [-221.854804, 9.580698], [-221.854311, 9.580857], [-221.854157, 9.580933], [-221.854049, 9.581071], [-221.854033, 9.581124], [-221.854148, 9.581353]]], [[[-221.831818, 9.587884], [-221.831694, 9.588044], [-221.831693, 9.588151], [-221.831731, 9.588251], [-221.83177, 9.58832], [-221.831908, 9.588457], [-221.83204, 9.588443], [-221.832371, 9.588214], [-221.832434, 9.587832], [-221.832426, 9.587726], [-221.832396, 9.587695], [-221.832365, 9.587695], [-221.831933, 9.587793], [-221.831818, 9.587884]]], [[[-221.864618, 9.589279], [-221.866473, 9.590446], [-221.875768, 9.588003], [-221.880982, 9.584091], [-221.883835, 9.582105], [-221.886874, 9.579653], [-221.892499, 9.569319], [-221.896262, 9.561233], [-221.895877, 9.560446], [-221.895715, 9.559743], [-221.897696, 9.55617], [-221.89836, 9.555307], [-221.901635, 9.551414], [-221.905009, 9.550171], [-221.910226, 9.54233], [-221.918993, 9.523537], [-221.920457, 9.516052], [-221.923804, 9.508277], [-221.926285, 9.506146], [-221.928925, 9.50468], [-221.933576, 9.500311], [-221.936831, 9.49663], [-221.938185, 9.494346], [-221.938916, 9.491704], [-221.938969, 9.491383], [-221.938954, 9.491254], [-221.938877, 9.491085], [-221.938769, 9.490963], [-221.938214, 9.490344], [-221.93675, 9.489421], [-221.934554, 9.487481], [-221.93389, 9.485396], [-221.935252, 9.4818], [-221.938528, 9.47433], [-221.940721, 9.470596], [-221.941651, 9.468587], [-221.942258, 9.466739], [-221.944546, 9.457201], [-221.944867, 9.45381], [-221.943891, 9.443073], [-221.943829, 9.442874], [-221.94369, 9.442684], [-221.943552, 9.442546], [-221.942328, 9.442149], [-221.942035, 9.44208], [-221.940996, 9.441882], [-221.940642, 9.441988], [-221.940195, 9.442134], [-221.936685, 9.442493], [-221.936331, 9.442622], [-221.936039, 9.442783], [-221.934414, 9.443746], [-221.931998, 9.445449], [-221.931067, 9.446472], [-221.930998, 9.446686], [-221.930821, 9.447679], [-221.930806, 9.447809], [-221.930623, 9.451764], [-221.930639, 9.452383], [-221.930655, 9.452505], [-221.930739, 9.452993], [-221.930801, 9.453292], [-221.930917, 9.453575], [-221.931056, 9.453758], [-221.931356, 9.454315], [-221.931795, 9.455155], [-221.931588, 9.456225], [-221.931411, 9.456835], [-221.929912, 9.461646], [-221.929012, 9.462822], [-221.927311, 9.463792], [-221.927507, 9.470314], [-221.927907, 9.470627], [-221.9281, 9.470819], [-221.9283, 9.471223], [-221.928385, 9.471429], [-221.928393, 9.471482], [-221.928362, 9.471567], [-221.927616, 9.473438], [-221.925869, 9.476195], [-221.921889, 9.478829], [-221.919302, 9.478815], [-221.919232, 9.478784], [-221.917191, 9.47844], [-221.916383, 9.478371], [-221.91629, 9.478387], [-221.913118, 9.480174], [-221.909437, 9.483214], [-221.905042, 9.487262], [-221.892729, 9.501619], [-221.892691, 9.503414], [-221.890705, 9.50908], [-221.890377, 9.509189], [-221.889941, 9.505094], [-221.889879, 9.503605], [-221.889864, 9.502948], [-221.889948, 9.502161], [-221.885712, 9.498251], [-221.885573, 9.498136], [-221.885341, 9.498022], [-221.885149, 9.497968], [-221.884972, 9.497952], [-221.883332, 9.497907], [-221.883239, 9.49793], [-221.88186, 9.498556], [-221.881583, 9.498717], [-221.881521, 9.498755], [-221.878355, 9.500962], [-221.877362, 9.502214], [-221.877223, 9.502848], [-221.877092, 9.507942], [-221.8773, 9.509551], [-221.878683, 9.513844], [-221.877405, 9.515677], [-221.873974, 9.521235], [-221.873828, 9.522136], [-221.873989, 9.523565], [-221.874342, 9.525047], [-221.87598, 9.529074], [-221.880016, 9.531788], [-221.881146, 9.53499], [-221.874814, 9.536116], [-221.867869, 9.543626], [-221.867513, 9.546063], [-221.86271, 9.550901], [-221.860243, 9.55316], [-221.853542, 9.562411], [-221.853319, 9.562793], [-221.853219, 9.563152], [-221.853188, 9.563779], [-221.853219, 9.564191], [-221.85332, 9.56445], [-221.854121, 9.566467], [-221.857173, 9.56932], [-221.857496, 9.56955], [-221.857696, 9.569657], [-221.857774, 9.56968], [-221.857835, 9.569664], [-221.859324, 9.568314], [-221.863726, 9.564582], [-221.866517, 9.562682], [-221.871465, 9.560494], [-221.872026, 9.56284], [-221.868427, 9.565572], [-221.86975, 9.569743], [-221.870806, 9.569393], [-221.87099, 9.569577], [-221.871236, 9.571287], [-221.87065, 9.573181], [-221.869686, 9.574807], [-221.864596, 9.580251], [-221.862264, 9.587425], [-221.864618, 9.589279]]], [[[-221.827317, 9.616182], [-221.829953, 9.615845], [-221.830693, 9.615725], [-221.830816, 9.615695], [-221.831896, 9.615193], [-221.834767, 9.613788], [-221.834921, 9.613705], [-221.835106, 9.613552], [-221.835183, 9.613461], [-221.837108, 9.610609], [-221.84154, 9.602494], [-221.844666, 9.596361], [-221.847147, 9.592097], [-221.85188, 9.586946], [-221.853639, 9.581841], [-221.853986, 9.574731], [-221.85397, 9.574403], [-221.853769, 9.57289], [-221.853345, 9.571867], [-221.853152, 9.571675], [-221.852512, 9.571186], [-221.850292, 9.569658], [-221.849383, 9.5691], [-221.848512, 9.568923], [-221.847164, 9.56874], [-221.846801, 9.568708], [-221.846624, 9.568724], [-221.846007, 9.568899], [-221.845915, 9.568953], [-221.845854, 9.569029], [-221.845815, 9.569121], [-221.845776, 9.569327], [-221.845607, 9.570106], [-221.845207, 9.571129], [-221.845083, 9.571396], [-221.844968, 9.571556], [-221.837288, 9.580406], [-221.833303, 9.588225], [-221.831812, 9.590053], [-221.831344, 9.589487], [-221.831336, 9.589373], [-221.831478, 9.587868], [-221.833097, 9.584046], [-221.828611, 9.578373], [-221.823758, 9.588098], [-221.821743, 9.593234], [-221.820776, 9.601795], [-221.821799, 9.606106], [-221.824777, 9.614463], [-221.826662, 9.615866], [-221.827317, 9.616182]]], [[[-221.845638, 9.638315], [-221.845884, 9.6384], [-221.846215, 9.638477], [-221.846555, 9.638425], [-221.846733, 9.638348], [-221.848777, 9.637162], [-221.849264, 9.636835], [-221.84968, 9.636485], [-221.854229, 9.632334], [-221.855079, 9.631015], [-221.856332, 9.628673], [-221.856712, 9.627368], [-221.857141, 9.624825], [-221.85625, 9.623204], [-221.855034, 9.622215], [-221.853856, 9.621768], [-221.849678, 9.618129], [-221.847478, 9.616099], [-221.845479, 9.613596], [-221.837117, 9.613642], [-221.83885, 9.62512], [-221.838482, 9.627746], [-221.839465, 9.629598], [-221.84316, 9.635986], [-221.845476, 9.638177], [-221.845638, 9.638315]]], [[[-219.473122, 9.772071], [-219.473414, 9.77215], [-219.480333, 9.770197], [-219.481135, 9.769931], [-219.481245, 9.769885], [-219.481926, 9.769555], [-219.482027, 9.769501], [-219.484299, 9.76792], [-219.484986, 9.767315], [-219.486622, 9.765766], [-219.490384, 9.761755], [-219.490499, 9.761585], [-219.491062, 9.760466], [-219.491627, 9.758797], [-219.491658, 9.758674], [-219.491697, 9.758359], [-219.491684, 9.757257], [-219.491573, 9.756495], [-219.491212, 9.75442], [-219.490355, 9.753958], [-219.488356, 9.753783], [-219.487665, 9.753795], [-219.487361, 9.753808], [-219.486575, 9.753891], [-219.486377, 9.753925], [-219.485861, 9.754045], [-219.484191, 9.754583], [-219.483466, 9.754936], [-219.482775, 9.755299], [-219.482369, 9.755532], [-219.48179, 9.75595], [-219.481141, 9.756465], [-219.477968, 9.759359], [-219.477743, 9.759591], [-219.477586, 9.759775], [-219.477339, 9.760115], [-219.476737, 9.761024], [-219.476129, 9.762041], [-219.469906, 9.766625], [-219.469838, 9.766672], [-219.469556, 9.767077], [-219.469475, 9.767207], [-219.46947, 9.767307], [-219.469504, 9.767458], [-219.470283, 9.769551], [-219.470359, 9.769687], [-219.470548, 9.77002], [-219.470657, 9.77015], [-219.470861, 9.770367], [-219.471035, 9.770516], [-219.472579, 9.771739], [-219.473122, 9.772071]]], [[[-220.206199, 10.01283], [-220.205657, 10.014648], [-220.205209, 10.016851], [-220.204961, 10.0186], [-220.204907, 10.019059], [-220.204907, 10.019743], [-220.204923, 10.019903], [-220.20504, 10.020318], [-220.205125, 10.020502], [-220.205211, 10.020625], [-220.20542, 10.020855], [-220.205669, 10.02107], [-220.205949, 10.021277], [-220.206275, 10.021477], [-220.206601, 10.021623], [-220.208036, 10.022014], [-220.208805, 10.022198], [-220.209396, 10.022297], [-220.209674, 10.022328], [-220.210513, 10.022381], [-220.21118, 10.02235], [-220.213749, 10.021852], [-220.213974, 10.021791], [-220.214331, 10.021675], [-220.214432, 10.021637], [-220.214858, 10.02143], [-220.215223, 10.02123], [-220.215355, 10.021139], [-220.215533, 10.020977], [-220.215611, 10.020877], [-220.21565, 10.020801], [-220.215673, 10.020747], [-220.215719, 10.020609], [-220.215796, 10.020233], [-220.215781, 10.020087], [-220.215672, 10.019573], [-220.215547, 10.019228], [-220.215424, 10.019013], [-220.215183, 10.018614], [-220.21505, 10.018453], [-220.212805, 10.014886], [-220.212712, 10.014702], [-220.212463, 10.014219], [-220.21237, 10.014058], [-220.212184, 10.013758], [-220.211958, 10.013467], [-220.21185, 10.013359], [-220.211695, 10.013244], [-220.209101, 10.011464], [-220.20893, 10.011365], [-220.208736, 10.011273], [-220.208612, 10.011242], [-220.208364, 10.011226], [-220.208263, 10.011234], [-220.208185, 10.011258], [-220.207983, 10.011349], [-220.20782, 10.011433], [-220.207626, 10.011541], [-220.207246, 10.011756], [-220.20682, 10.012101], [-220.206416, 10.012462], [-220.206338, 10.01257], [-220.206199, 10.01283]]], [[[-220.229046, 10.028362], [-220.233455, 10.032097], [-220.233533, 10.032242], [-220.233587, 10.032296], [-220.233711, 10.032373], [-220.236335, 10.033707], [-220.236528, 10.033776], [-220.236699, 10.033799], [-220.23687, 10.033784], [-220.236963, 10.033753], [-220.237017, 10.033715], [-220.237103, 10.033615], [-220.237149, 10.033531], [-220.237172, 10.033454], [-220.237078, 10.030285], [-220.237054, 10.030217], [-220.236457, 10.029181], [-220.236084, 10.028728], [-220.235564, 10.028253], [-220.235494, 10.028207], [-220.235393, 10.028145], [-220.234268, 10.027525], [-220.234003, 10.027402], [-220.227941, 10.025316], [-220.227593, 10.025301], [-220.227476, 10.025316], [-220.227321, 10.025362], [-220.227165, 10.025447], [-220.227072, 10.025515], [-220.226988, 10.025615], [-220.226832, 10.025846], [-220.226732, 10.026207], [-220.226701, 10.026459], [-220.226786, 10.026759], [-220.226872, 10.026927], [-220.227003, 10.027173], [-220.227058, 10.027265], [-220.227182, 10.027418], [-220.227423, 10.027671], [-220.227857, 10.02804], [-220.227951, 10.028093], [-220.228362, 10.028208], [-220.229046, 10.028362]]]]}, "properties": {"OBJECTID": 54, "NAME": "Federated States of Micronesia", "ABBR": "FM", "Shape_Length": 4.876998265839042, "Shape_Area": 0.05292596522307361}}, {"type": "Feature", "id": 55, "geometry": {"type": "Polygon", "coordinates": [[[-215.138003, 13.654208], [-215.139913, 13.65442], [-215.140045, 13.654417], [-215.140306, 13.654325], [-215.140879, 13.654069], [-215.141202, 13.653913], [-215.141483, 13.653731], [-215.143984, 13.651973], [-215.144221, 13.651805], [-215.146927, 13.649318], [-215.148256, 13.64807], [-215.148411, 13.647863], [-215.148497, 13.647711], [-215.149155, 13.645946], [-215.149477, 13.645014], [-215.150565, 13.642405], [-215.151259, 13.640896], [-215.151826, 13.639678], [-215.152428, 13.638431], [-215.152896, 13.637588], [-215.153145, 13.63716], [-215.1533, 13.636928], [-215.155549, 13.633769], [-215.156411, 13.632625], [-215.156817, 13.632129], [-215.157605, 13.631188], [-215.157908, 13.630833], [-215.160057, 13.628334], [-215.161171, 13.627102], [-215.163298, 13.62314], [-215.164013, 13.616105], [-215.164276, 13.611849], [-215.163998, 13.606194], [-215.163402, 13.600228], [-215.162347, 13.597386], [-215.162309, 13.596495], [-215.162499, 13.595624], [-215.163686, 13.591248], [-215.16482, 13.588497], [-215.168744, 13.579579], [-215.170955, 13.576563], [-215.178401, 13.567535], [-215.189002, 13.549186], [-215.197385, 13.536154], [-215.197519, 13.533474], [-215.196099, 13.525699], [-215.194066, 13.520886], [-215.194043, 13.520863], [-215.193798, 13.520604], [-215.193541, 13.519909], [-215.193535, 13.519745], [-215.193585, 13.519491], [-215.194661, 13.516347], [-215.194999, 13.515604], [-215.195302, 13.515054], [-215.199118, 13.509329], [-215.199403, 13.50895], [-215.200331, 13.507943], [-215.201085, 13.507275], [-215.20135, 13.507056], [-215.201767, 13.506792], [-215.202364, 13.506443], [-215.202663, 13.506279], [-215.203309, 13.506047], [-215.208104, 13.50456], [-215.208646, 13.504461], [-215.209275, 13.504353], [-215.209497, 13.504322], [-215.210257, 13.504247], [-215.210652, 13.504229], [-215.21087, 13.504245], [-215.211209, 13.504321], [-215.212194, 13.504639], [-215.212388, 13.504727], [-215.212727, 13.504961], [-215.213206, 13.505315], [-215.213294, 13.505386], [-215.213426, 13.505673], [-215.213516, 13.505978], [-215.213506, 13.506047], [-215.213514, 13.506147], [-215.213544, 13.506261], [-215.213889, 13.506633], [-215.214678, 13.507219], [-215.216378, 13.508132], [-215.217324, 13.508162], [-215.218261, 13.508057], [-215.224361, 13.506841], [-215.224457, 13.506822], [-215.224735, 13.506761], [-215.225488, 13.506459], [-215.225693, 13.506319], [-215.226115, 13.50602], [-215.226182, 13.505957], [-215.228498, 13.503697], [-215.229087, 13.503051], [-215.229385, 13.502542], [-215.230533, 13.500336], [-215.230737, 13.499762], [-215.230736, 13.499646], [-215.230088, 13.49619], [-215.230054, 13.496025], [-215.229934, 13.495522], [-215.229826, 13.49523], [-215.229762, 13.495139], [-215.229676, 13.495091], [-215.228611, 13.494911], [-215.227845, 13.495], [-215.227567, 13.495113], [-215.227506, 13.49512], [-215.227378, 13.495101], [-215.226699, 13.494884], [-215.226609, 13.494855], [-215.225465, 13.494331], [-215.22528, 13.494235], [-215.225178, 13.494154], [-215.224957, 13.493171], [-215.224808, 13.492021], [-215.224776, 13.491249], [-215.224775, 13.490814], [-215.22479, 13.490233], [-215.224821, 13.490045], [-215.22491, 13.489524], [-215.225276, 13.488195], [-215.225638, 13.487298], [-215.225725, 13.487164], [-215.229322, 13.482376], [-215.229412, 13.482274], [-215.229988, 13.481627], [-215.230512, 13.481058], [-215.230719, 13.48088], [-215.231162, 13.480532], [-215.231512, 13.480301], [-215.231846, 13.48012], [-215.232148, 13.479994], [-215.233926, 13.479394], [-215.236364, 13.478598], [-215.237067, 13.478372], [-215.237844, 13.47823], [-215.23823, 13.478182], [-215.239128, 13.478071], [-215.243296, 13.47769], [-215.24411, 13.477674], [-215.244208, 13.477682], [-215.245148, 13.477828], [-215.269078, 13.479463], [-215.274125, 13.478418], [-215.287913, 13.473813], [-215.298642, 13.46802], [-215.308185, 13.4645], [-215.313012, 13.467007], [-215.321043, 13.464435], [-215.338577, 13.464707], [-215.361322, 13.464729], [-215.36207, 13.464557], [-215.362323, 13.464484], [-215.362685, 13.464378], [-215.362939, 13.464302], [-215.363585, 13.464105], [-215.363881, 13.463946], [-215.364033, 13.463861], [-215.36439, 13.46363], [-215.371439, 13.458633], [-215.373104, 13.457342], [-215.369916, 13.458794], [-215.365903, 13.461719], [-215.365098, 13.462372], [-215.364001, 13.463223], [-215.362814, 13.4638], [-215.361563, 13.464235], [-215.361242, 13.464284], [-215.360911, 13.464296], [-215.35979, 13.464306], [-215.35453, 13.464333], [-215.341323, 13.464101], [-215.339287, 13.464033], [-215.336988, 13.461224], [-215.333362, 13.460595], [-215.324847, 13.460271], [-215.320899, 13.461498], [-215.320947, 13.461496], [-215.320985, 13.461526], [-215.320987, 13.461544], [-215.32095, 13.461594], [-215.320536, 13.462103], [-215.320467, 13.46217], [-215.320357, 13.462243], [-215.319309, 13.462785], [-215.318619, 13.463138], [-215.318317, 13.463283], [-215.315855, 13.464218], [-215.315752, 13.464233], [-215.312426, 13.464031], [-215.311816, 13.463409], [-215.316327, 13.459165], [-215.325435, 13.458016], [-215.33232, 13.452711], [-215.323717, 13.456938], [-215.323637, 13.45696], [-215.323179, 13.457048], [-215.32311, 13.457048], [-215.319544, 13.456862], [-215.319099, 13.456817], [-215.319024, 13.456779], [-215.318862, 13.456696], [-215.31867, 13.45658], [-215.318245, 13.456265], [-215.318107, 13.456122], [-215.318046, 13.456024], [-215.317785, 13.455441], [-215.317741, 13.455251], [-215.317528, 13.449064], [-215.31795, 13.443155], [-215.317957, 13.4431], [-215.318038, 13.442941], [-215.318175, 13.44277], [-215.318516, 13.442492], [-215.318618, 13.44242], [-215.318705, 13.442388], [-215.318757, 13.442377], [-215.320263, 13.442123], [-215.321919, 13.441964], [-215.322401, 13.442326], [-215.323719, 13.443851], [-215.324234, 13.444184], [-215.325897, 13.445209], [-215.327551, 13.445847], [-215.329417, 13.445743], [-215.330259, 13.445241], [-215.332897, 13.44224], [-215.332761, 13.437494], [-215.332745, 13.43736], [-215.332681, 13.437283], [-215.33257, 13.437256], [-215.332302, 13.437257], [-215.332185, 13.437264], [-215.331428, 13.437371], [-215.330469, 13.437596], [-215.329632, 13.437761], [-215.329402, 13.43779], [-215.32757, 13.437952], [-215.326922, 13.437967], [-215.326706, 13.437942], [-215.326583, 13.437906], [-215.326479, 13.437829], [-215.324513, 13.435189], [-215.324325, 13.433365], [-215.324272, 13.431398], [-215.32458, 13.428672], [-215.327757, 13.418183], [-215.331614, 13.418266], [-215.331993, 13.418276], [-215.332136, 13.418302], [-215.332767, 13.418425], [-215.332933, 13.418549], [-215.33463, 13.421134], [-215.338408, 13.42701], [-215.339842, 13.431175], [-215.338359, 13.433367], [-215.335255, 13.439204], [-215.335435, 13.441836], [-215.3355, 13.442278], [-215.337587, 13.443286], [-215.337651, 13.443305], [-215.342415, 13.443805], [-215.342475, 13.443798], [-215.342667, 13.44367], [-215.345437, 13.443255], [-215.356502, 13.442077], [-215.360438, 13.441825], [-215.364989, 13.442887], [-215.366374, 13.443239], [-215.367424, 13.4436], [-215.367952, 13.4438], [-215.369905, 13.444826], [-215.371335, 13.445975], [-215.371879, 13.446531], [-215.372507, 13.447082], [-215.373156, 13.447298], [-215.374946, 13.447822], [-215.37526, 13.44789], [-215.376073, 13.448026], [-215.377051, 13.448152], [-215.377343, 13.448137], [-215.377431, 13.448108], [-215.378171, 13.447799], [-215.3814, 13.446332], [-215.381474, 13.446292], [-215.381586, 13.4462], [-215.38159, 13.446168], [-215.378876, 13.440868], [-215.377128, 13.43903], [-215.376946, 13.438851], [-215.376156, 13.438122], [-215.375474, 13.437749], [-215.373458, 13.436957], [-215.370816, 13.436008], [-215.367486, 13.43471], [-215.367284, 13.434616], [-215.366976, 13.434469], [-215.366388, 13.434094], [-215.366153, 13.433941], [-215.362997, 13.431508], [-215.361182, 13.429789], [-215.360274, 13.42591], [-215.359859, 13.423652], [-215.359929, 13.422811], [-215.360159, 13.422247], [-215.360351, 13.421447], [-215.360364, 13.421175], [-215.360206, 13.420993], [-215.358464, 13.419315], [-215.357758, 13.418662], [-215.356781, 13.417768], [-215.356711, 13.417703], [-215.356232, 13.417489], [-215.352018, 13.416033], [-215.349649, 13.415216], [-215.344524, 13.414583], [-215.344471, 13.414568], [-215.343898, 13.41427], [-215.343777, 13.41419], [-215.342843, 13.413447], [-215.342702, 13.413331], [-215.342164, 13.412791], [-215.341904, 13.412524], [-215.341637, 13.412216], [-215.341331, 13.411859], [-215.340952, 13.411278], [-215.340569, 13.410628], [-215.339322, 13.408255], [-215.337258, 13.402728], [-215.336885, 13.401183], [-215.336859, 13.401072], [-215.336803, 13.400601], [-215.3368, 13.400486], [-215.336836, 13.399731], [-215.336927, 13.398866], [-215.336956, 13.39862], [-215.337015, 13.398404], [-215.338842, 13.392483], [-215.341416, 13.387984], [-215.343599, 13.38638], [-215.344014, 13.385863], [-215.346188, 13.381216], [-215.347869, 13.376555], [-215.348166, 13.370894], [-215.352296, 13.359591], [-215.357125, 13.348606], [-215.359917, 13.344181], [-215.356925, 13.338093], [-215.355276, 13.337204], [-215.35465, 13.336622], [-215.35335, 13.335301], [-215.351989, 13.333592], [-215.347897, 13.326856], [-215.347037, 13.318843], [-215.346536, 13.314312], [-215.344888, 13.30731], [-215.340749, 13.299088], [-215.340905, 13.295128], [-215.340828, 13.287018], [-215.334257, 13.267006], [-215.326107, 13.25981], [-215.317575, 13.254194], [-215.308057, 13.250784], [-215.300524, 13.247614], [-215.298847, 13.246985], [-215.298239, 13.246894], [-215.294234, 13.246318], [-215.292562, 13.246359], [-215.287787, 13.247336], [-215.27942, 13.248193], [-215.279358, 13.247965], [-215.279253, 13.24783], [-215.278672, 13.247315], [-215.277357, 13.246537], [-215.276279, 13.246097], [-215.276167, 13.246063], [-215.275846, 13.246003], [-215.275736, 13.246009], [-215.275451, 13.246113], [-215.274767, 13.246581], [-215.267793, 13.252349], [-215.266848, 13.253272], [-215.258686, 13.262997], [-215.25896, 13.266733], [-215.256315, 13.269374], [-215.247482, 13.276053], [-215.238866, 13.282166], [-215.230227, 13.296028], [-215.230085, 13.296223], [-215.229567, 13.297339], [-215.227486, 13.303713], [-215.227032, 13.320495], [-215.227057, 13.321293], [-215.227226, 13.326108], [-215.228752, 13.332942], [-215.229973, 13.335602], [-215.233374, 13.335972], [-215.231916, 13.338942], [-215.227383, 13.341577], [-215.227934, 13.348548], [-215.229127, 13.369555], [-215.223499, 13.387382], [-215.224004, 13.388943], [-215.225923, 13.391193], [-215.223672, 13.394837], [-215.218293, 13.403335], [-215.21389, 13.411103], [-215.212749, 13.415695], [-215.213046, 13.415774], [-215.213177, 13.415815], [-215.214153, 13.416262], [-215.214459, 13.416443], [-215.214553, 13.416516], [-215.215294, 13.417509], [-215.215689, 13.418487], [-215.215873, 13.419743], [-215.216117, 13.421757], [-215.214937, 13.423053], [-215.214777, 13.423226], [-215.213821, 13.424243], [-215.213592, 13.424446], [-215.213434, 13.424532], [-215.213207, 13.424628], [-215.211151, 13.425295], [-215.204683, 13.427354], [-215.201779, 13.428261], [-215.200993, 13.427644], [-215.199893, 13.427302], [-215.198477, 13.426976], [-215.196634, 13.426657], [-215.195975, 13.426591], [-215.195919, 13.426588], [-215.194422, 13.4266], [-215.194186, 13.426695], [-215.193996, 13.426773], [-215.193211, 13.427102], [-215.192574, 13.427425], [-215.191559, 13.428362], [-215.191316, 13.428623], [-215.191264, 13.428704], [-215.191106, 13.428985], [-215.190822, 13.429687], [-215.190679, 13.430143], [-215.190629, 13.430645], [-215.19064, 13.431344], [-215.190397, 13.431989], [-215.189869, 13.43308], [-215.189565, 13.433526], [-215.187329, 13.436237], [-215.182047, 13.441766], [-215.181686, 13.442042], [-215.180319, 13.442334], [-215.179796, 13.442343], [-215.177017, 13.442337], [-215.172948, 13.443827], [-215.169436, 13.447285], [-215.166102, 13.45156], [-215.161325, 13.457593], [-215.159098, 13.459606], [-215.155109, 13.461764], [-215.150366, 13.462995], [-215.149374, 13.463395], [-215.148697, 13.463736], [-215.148528, 13.463837], [-215.148427, 13.463926], [-215.146524, 13.465807], [-215.137962, 13.475523], [-215.129654, 13.485437], [-215.129155, 13.485956], [-215.128642, 13.486357], [-215.127621, 13.487143], [-215.123922, 13.489291], [-215.123587, 13.489473], [-215.12318, 13.489655], [-215.122463, 13.489887], [-215.12008, 13.490554], [-215.118884, 13.490803], [-215.118207, 13.490803], [-215.117763, 13.490785], [-215.117277, 13.490775], [-215.117133, 13.490771], [-215.116289, 13.490763], [-215.115849, 13.490863], [-215.115782, 13.490885], [-215.114381, 13.491542], [-215.114343, 13.49156], [-215.1133, 13.492252], [-215.109788, 13.495969], [-215.108343, 13.499051], [-215.107054, 13.506783], [-215.098947, 13.511909], [-215.092374, 13.514713], [-215.088091, 13.515505], [-215.084691, 13.516604], [-215.077543, 13.519077], [-215.077471, 13.519102], [-215.076707, 13.519407], [-215.076542, 13.519498], [-215.076316, 13.519628], [-215.075089, 13.52045], [-215.074264, 13.521071], [-215.073979, 13.52137], [-215.073476, 13.522003], [-215.073102, 13.52261], [-215.072552, 13.523613], [-215.068818, 13.53179], [-215.063073, 13.54603], [-215.061328, 13.558231], [-215.057633, 13.569323], [-215.049489, 13.578925], [-215.044974, 13.592841], [-215.044385, 13.593731], [-215.043573, 13.595139], [-215.043376, 13.595557], [-215.043312, 13.595768], [-215.043206, 13.596354], [-215.04305, 13.597657], [-215.043045, 13.597954], [-215.043658, 13.599046], [-215.043774, 13.599194], [-215.043897, 13.599297], [-215.044127, 13.599449], [-215.04452, 13.599661], [-215.045697, 13.60029], [-215.046436, 13.600492], [-215.048267, 13.600785], [-215.048986, 13.600839], [-215.071796, 13.600079], [-215.071874, 13.600068], [-215.07255, 13.600099], [-215.075884, 13.600811], [-215.080938, 13.602057], [-215.085758, 13.603355], [-215.091328, 13.605289], [-215.092291, 13.605662], [-215.093422, 13.606225], [-215.0935, 13.606273], [-215.093946, 13.606603], [-215.094046, 13.606708], [-215.094164, 13.606875], [-215.09432, 13.607201], [-215.094454, 13.60766], [-215.09485, 13.609206], [-215.094922, 13.609575], [-215.095013, 13.61015], [-215.095006, 13.610256], [-215.094922, 13.610546], [-215.094947, 13.61068], [-215.095027, 13.611075], [-215.095608, 13.612887], [-215.096171, 13.614288], [-215.099497, 13.619866], [-215.101009, 13.621996], [-215.101701, 13.62285], [-215.104836, 13.626284], [-215.116669, 13.640431], [-215.117455, 13.641447], [-215.118153, 13.642254], [-215.120022, 13.644396], [-215.120933, 13.645206], [-215.127197, 13.649839], [-215.130555, 13.652188], [-215.131134, 13.652444], [-215.132157, 13.65285], [-215.132882, 13.65312], [-215.133931, 13.653426], [-215.136505, 13.654128], [-215.136661, 13.654163], [-215.136829, 13.654172], [-215.138003, 13.654208]]]}, "properties": {"OBJECTID": 55, "NAME": "Guam", "ABBR": "GU", "Shape_Length": 1.509729021582226, "Shape_Area": 0.045377759849655835}}, {"type": "Feature", "id": 56, "geometry": {"type": "MultiPolygon", "coordinates": [[[[-188.267091, 6.110298], [-188.267332, 6.111241], [-188.267441, 6.111096], [-188.267513, 6.110915], [-188.268084, 6.108403], [-188.269053, 6.102282], [-188.270345, 6.095891], [-188.270382, 6.09571], [-188.270516, 6.095167], [-188.271134, 6.092993], [-188.271582, 6.091568], [-188.271703, 6.091206], [-188.272224, 6.09001], [-188.275358, 6.08147], [-188.27539, 6.081323], [-188.275443, 6.080763], [-188.275456, 6.080472], [-188.275484, 6.079725], [-188.275496, 6.079348], [-188.275488, 6.079298], [-188.275471, 6.07925], [-188.27524, 6.078804], [-188.275181, 6.078725], [-188.27507, 6.078613], [-188.274005, 6.077645], [-188.273973, 6.077619], [-188.273886, 6.077577], [-188.273779, 6.077557], [-188.273239, 6.077476], [-188.272572, 6.077433], [-188.266844, 6.077245], [-188.261308, 6.077506], [-188.246105, 6.075358], [-188.244042, 6.074806], [-188.240484, 6.073883], [-188.238505, 6.073421], [-188.23725, 6.073129], [-188.237069, 6.073105], [-188.236888, 6.07314], [-188.236345, 6.073248], [-188.2362, 6.073357], [-188.23614, 6.073538], [-188.245983, 6.076119], [-188.252968, 6.077566], [-188.254055, 6.077725], [-188.254235, 6.077798], [-188.25438, 6.077906], [-188.254826, 6.078245], [-188.255115, 6.078476], [-188.256537, 6.079667], [-188.257092, 6.080139], [-188.257526, 6.080526], [-188.257803, 6.08078], [-188.257948, 6.080914], [-188.258213, 6.08118], [-188.258466, 6.081458], [-188.259201, 6.082316], [-188.259441, 6.082606], [-188.25955, 6.082751], [-188.26055, 6.084251], [-188.2609, 6.084783], [-188.261092, 6.085097], [-188.261513, 6.085943], [-188.261597, 6.086112], [-188.262163, 6.087285], [-188.262403, 6.087793], [-188.262692, 6.088482], [-188.26434, 6.092477], [-188.264605, 6.09319], [-188.264725, 6.093552], [-188.265878, 6.097262], [-188.266169, 6.09826], [-188.266309, 6.098833], [-188.266333, 6.098954], [-188.266407, 6.099437], [-188.266466, 6.099969], [-188.266692, 6.102144], [-188.266728, 6.102506], [-188.266786, 6.103956], [-188.266809, 6.105502], [-188.266831, 6.106589], [-188.266924, 6.109404], [-188.267091, 6.110298]]], [[[-188.444679, 7.081915], [-188.445756, 7.082534], [-188.453543, 7.066144], [-188.453743, 7.06544], [-188.45377, 7.064893], [-188.453744, 7.064711], [-188.453649, 7.064172], [-188.453615, 7.063989], [-188.453433, 7.063355], [-188.453112, 7.062495], [-188.452886, 7.06199], [-188.452808, 7.061825], [-188.452573, 7.061529], [-188.450437, 7.059199], [-188.449126, 7.057911], [-188.447145, 7.05624], [-188.446032, 7.055596], [-188.436846, 7.050494], [-188.435957, 7.05157], [-188.437894, 7.053023], [-188.438043, 7.053136], [-188.438538, 7.053693], [-188.439328, 7.054728], [-188.441153, 7.057655], [-188.441385, 7.058067], [-188.441749, 7.058719], [-188.442296, 7.059701], [-188.442557, 7.060205], [-188.443077, 7.061388], [-188.443892, 7.063465], [-188.444386, 7.064873], [-188.444906, 7.066385], [-188.445539, 7.068315], [-188.445885, 7.069389], [-188.446414, 7.071327], [-188.446551, 7.07224], [-188.446629, 7.072787], [-188.446707, 7.073516], [-188.44674, 7.074064], [-188.44674, 7.074428], [-188.446715, 7.074762], [-188.446696, 7.074985], [-188.446643, 7.075532], [-188.446344, 7.077782], [-188.446266, 7.078329], [-188.44603, 7.079589], [-188.445995, 7.079771], [-188.445297, 7.08136], [-188.444679, 7.081915]]], [[[-188.646935, 7.123285], [-188.646869, 7.123351], [-188.646642, 7.123648], [-188.646589, 7.123725], [-188.646547, 7.123809], [-188.646535, 7.123904], [-188.646648, 7.12426], [-188.646683, 7.124344], [-188.646886, 7.124653], [-188.646952, 7.124724], [-188.647028, 7.124778], [-188.647124, 7.12479], [-188.647208, 7.124748], [-188.647249, 7.124665], [-188.647298, 7.124531], [-188.64745, 7.123876], [-188.64744, 7.123719], [-188.647426, 7.12348], [-188.647407, 7.123391], [-188.647335, 7.123314], [-188.647183, 7.123285], [-188.646968, 7.123272], [-188.646935, 7.123285]]], [[[-188.645459, 7.123165], [-188.645405, 7.123243], [-188.645321, 7.12341], [-188.64531, 7.123504], [-188.645309, 7.123974], [-188.645309, 7.12407], [-188.645321, 7.12426], [-188.64535, 7.124443], [-188.645374, 7.124533], [-188.64541, 7.124616], [-188.645504, 7.124771], [-188.645647, 7.12489], [-188.645725, 7.124938], [-188.64582, 7.124955], [-188.645909, 7.124932], [-188.645993, 7.124884], [-188.646058, 7.124819], [-188.646172, 7.124569], [-188.646267, 7.124314], [-188.646279, 7.124218], [-188.646262, 7.123725], [-188.646244, 7.123558], [-188.64622, 7.123469], [-188.646137, 7.123422], [-188.645536, 7.123112], [-188.645459, 7.123165]]], [[[-188.960486, 7.164513], [-188.963957, 7.160024], [-188.964361, 7.159178], [-188.964832, 7.158359], [-188.965343, 7.157566], [-188.965652, 7.157096], [-188.96576, 7.156948], [-188.966473, 7.156074], [-188.966715, 7.155779], [-188.967105, 7.155362], [-188.968168, 7.154301], [-188.968451, 7.154046], [-188.968599, 7.153925], [-188.969351, 7.153333], [-188.970092, 7.152501], [-188.970307, 7.152192], [-188.970926, 7.151252], [-188.971182, 7.150754], [-188.971262, 7.15058], [-188.971652, 7.14972], [-188.972728, 7.146952], [-188.972783, 7.146764], [-188.972809, 7.146575], [-188.972823, 7.146199], [-188.972487, 7.145138], [-188.972339, 7.144789], [-188.971613, 7.143701], [-188.971491, 7.143552], [-188.971357, 7.143418], [-188.970214, 7.142505], [-188.969017, 7.141631], [-188.967886, 7.140946], [-188.967079, 7.140462], [-188.965936, 7.139817], [-188.955404, 7.12998], [-188.954651, 7.128717], [-188.954328, 7.128274], [-188.954207, 7.128126], [-188.948652, 7.12177], [-188.948504, 7.12165], [-188.941657, 7.117067], [-188.936762, 7.113841], [-188.930597, 7.111196], [-188.913175, 7.104692], [-188.887825, 7.095719], [-188.875338, 7.091547], [-188.863886, 7.087875], [-188.854516, 7.08486], [-188.833609, 7.076244], [-188.829376, 7.07447], [-188.814767, 7.067363], [-188.806962, 7.064533], [-188.802528, 7.063286], [-188.792323, 7.060369], [-188.787033, 7.058752], [-188.786505, 7.058587], [-188.785801, 7.058367], [-188.784933, 7.058069], [-188.783371, 7.057465], [-188.781161, 7.05653], [-188.779346, 7.055551], [-188.77806, 7.054947], [-188.777192, 7.054616], [-188.771802, 7.05324], [-188.770736, 7.052976], [-188.770549, 7.052943], [-188.768702, 7.052821], [-188.76725, 7.052974], [-188.766293, 7.053094], [-188.763125, 7.053719], [-188.76131, 7.054114], [-188.75559, 7.055418], [-188.753852, 7.055835], [-188.748285, 7.058271], [-188.739409, 7.061365], [-188.718222, 7.066489], [-188.708657, 7.06822], [-188.705111, 7.068087], [-188.703975, 7.068086], [-188.703786, 7.068086], [-188.70303, 7.068121], [-188.701895, 7.068215], [-188.701529, 7.068274], [-188.700961, 7.068368], [-188.697284, 7.069074], [-188.68306, 7.072525], [-188.675599, 7.074599], [-188.667144, 7.077875], [-188.663538, 7.079089], [-188.659565, 7.079936], [-188.65177, 7.08153], [-188.646181, 7.082489], [-188.639185, 7.08351], [-188.636998, 7.083778], [-188.636162, 7.083864], [-188.63588, 7.083888], [-188.635413, 7.083593], [-188.631381, 7.083627], [-188.625581, 7.084445], [-188.62477, 7.084579], [-188.623958, 7.084751], [-188.62241, 7.085314], [-188.622152, 7.085412], [-188.615967, 7.089494], [-188.615746, 7.089654], [-188.615586, 7.089875], [-188.615537, 7.090145], [-188.615598, 7.090979], [-188.615621, 7.091262], [-188.61583, 7.092072], [-188.620725, 7.102253], [-188.62787, 7.110446], [-188.633405, 7.119068], [-188.633529, 7.119608], [-188.633688, 7.120136], [-188.634448, 7.121929], [-188.634914, 7.122617], [-188.635233, 7.123071], [-188.635406, 7.123292], [-188.635749, 7.123722], [-188.636155, 7.124115], [-188.636585, 7.12446], [-188.636805, 7.124632], [-188.637285, 7.124902], [-188.637543, 7.125], [-188.638316, 7.125271], [-188.639128, 7.125468], [-188.639398, 7.125518], [-188.639951, 7.125604], [-188.640234, 7.125616], [-188.640517, 7.125616], [-188.641635, 7.125605], [-188.642175, 7.125532], [-188.643257, 7.125349], [-188.643515, 7.12525], [-188.643724, 7.125066], [-188.64402, 7.124588], [-188.644118, 7.12433], [-188.644176, 7.124147], [-188.644353, 7.123235], [-188.644357, 7.123104], [-188.644345, 7.123048], [-188.644274, 7.122988], [-188.644192, 7.12297], [-188.644023, 7.122981], [-188.634509, 7.116765], [-188.625573, 7.10584], [-188.625308, 7.105678], [-188.625183, 7.105571], [-188.624975, 7.105374], [-188.624459, 7.104711], [-188.622234, 7.100834], [-188.621968, 7.100363], [-188.621587, 7.099676], [-188.621452, 7.09943], [-188.621329, 7.099184], [-188.62063, 7.097699], [-188.620391, 7.096594], [-188.620228, 7.095366], [-188.620327, 7.093169], [-188.620525, 7.091806], [-188.620586, 7.091536], [-188.620697, 7.091193], [-188.621178, 7.08983], [-188.621461, 7.089045], [-188.621633, 7.088824], [-188.621854, 7.08864], [-188.622321, 7.088345], [-188.622972, 7.088076], [-188.627671, 7.086352], [-188.629311, 7.085915], [-188.630739, 7.08555], [-188.632484, 7.08529], [-188.633423, 7.085195], [-188.639565, 7.084677], [-188.649241, 7.083359], [-188.652942, 7.082773], [-188.66421, 7.080495], [-188.667297, 7.0795], [-188.675113, 7.076836], [-188.685164, 7.073766], [-188.696893, 7.070415], [-188.697259, 7.070332], [-188.698016, 7.07025], [-188.701528, 7.069945], [-188.710501, 7.069383], [-188.716033, 7.069175], [-188.720633, 7.068126], [-188.737301, 7.063446], [-188.747937, 7.059126], [-188.753657, 7.056794], [-188.7561, 7.056013], [-188.761234, 7.054441], [-188.765055, 7.053948], [-188.765243, 7.053937], [-188.765827, 7.053938], [-188.76709, 7.053959], [-188.767883, 7.053981], [-188.768352, 7.054002], [-188.769281, 7.054096], [-188.769615, 7.054138], [-188.770377, 7.054274], [-188.771264, 7.054462], [-188.777201, 7.055862], [-188.777722, 7.05606], [-188.779121, 7.056593], [-188.802341, 7.064629], [-188.811056, 7.067813], [-188.811891, 7.068184], [-188.818291, 7.071072], [-188.846724, 7.08313], [-188.851454, 7.085067], [-188.877182, 7.093233], [-188.907347, 7.103684], [-188.931104, 7.112299], [-188.936977, 7.115332], [-188.937447, 7.115642], [-188.937743, 7.115857], [-188.938645, 7.116516], [-188.94759, 7.123221], [-188.947885, 7.12345], [-188.948288, 7.123879], [-188.948799, 7.124444], [-188.949418, 7.125157], [-188.950561, 7.126607], [-188.951099, 7.127293], [-188.951436, 7.127736], [-188.951772, 7.12818], [-188.952324, 7.128946], [-188.952646, 7.129403], [-188.957558, 7.13758], [-188.96042, 7.144264], [-188.960488, 7.144438], [-188.960743, 7.14515], [-188.961072, 7.146275], [-188.961234, 7.146996], [-188.961495, 7.148351], [-188.96163, 7.14941], [-188.961765, 7.150914], [-188.961953, 7.153629], [-188.961966, 7.153817], [-188.961984, 7.154184], [-188.961983, 7.154574], [-188.961969, 7.15488], [-188.961953, 7.155118], [-188.961828, 7.155603], [-188.961702, 7.15602], [-188.961524, 7.156396], [-188.960273, 7.162726], [-188.960212, 7.163115], [-188.960171, 7.16377], [-188.960176, 7.163814], [-188.960216, 7.164002], [-188.960297, 7.164177], [-188.960486, 7.164513]]], [[[-188.808478, 8.503669], [-188.808573, 8.503679], [-188.809138, 8.503552], [-188.8095, 8.503365], [-188.81043, 8.502863], [-188.811094, 8.502259], [-188.81187, 8.50042], [-188.811827, 8.500153], [-188.81179, 8.49985], [-188.811741, 8.499283], [-188.811738, 8.499008], [-188.811746, 8.498868], [-188.811777, 8.498591], [-188.811825, 8.498349], [-188.812157, 8.496805], [-188.812272, 8.496493], [-188.812402, 8.49624], [-188.8133, 8.49455], [-188.813351, 8.494475], [-188.81354, 8.494204], [-188.81413, 8.49351], [-188.814196, 8.493444], [-188.814333, 8.493313], [-188.814484, 8.493203], [-188.814793, 8.493012], [-188.814625, 8.492659], [-188.813873, 8.491874], [-188.813681, 8.491677], [-188.81361, 8.491617], [-188.812832, 8.491119], [-188.812751, 8.491074], [-188.812245, 8.491021], [-188.812059, 8.491064], [-188.810807, 8.491377], [-188.810318, 8.491534], [-188.809583, 8.492052], [-188.807081, 8.494], [-188.806245, 8.4947], [-188.806112, 8.494832], [-188.80568, 8.495656], [-188.805408, 8.496181], [-188.805372, 8.496366], [-188.805248, 8.497287], [-188.805252, 8.497739], [-188.805257, 8.497795], [-188.805301, 8.497979], [-188.805547, 8.498883], [-188.805758, 8.499602], [-188.80582, 8.499777], [-188.806079, 8.500345], [-188.806145, 8.50047], [-188.806875, 8.501785], [-188.807458, 8.502634], [-188.807822, 8.503163], [-188.807884, 8.503235], [-188.807956, 8.5033], [-188.808215, 8.503527], [-188.808316, 8.503592], [-188.808392, 8.503636], [-188.808478, 8.503669]]], [[[-188.769022, 8.712417], [-188.769705, 8.712426], [-188.770195, 8.712307], [-188.770704, 8.711857], [-188.775153, 8.705992], [-188.775097, 8.705818], [-188.775071, 8.705633], [-188.775006, 8.705082], [-188.775006, 8.704898], [-188.775082, 8.702746], [-188.775119, 8.701826], [-188.775128, 8.701642], [-188.775156, 8.701458], [-188.775202, 8.701274], [-188.776536, 8.696511], [-188.777647, 8.694498], [-188.775594, 8.695821], [-188.765612, 8.702437], [-188.764567, 8.70319], [-188.764419, 8.7033], [-188.764309, 8.703448], [-188.763846, 8.704128], [-188.763541, 8.704587], [-188.763476, 8.704762], [-188.763272, 8.70547], [-188.763189, 8.705838], [-188.763161, 8.706022], [-188.763142, 8.706205], [-188.763105, 8.706574], [-188.763104, 8.706757], [-188.763187, 8.707383], [-188.763377, 8.707999], [-188.763875, 8.709176], [-188.764023, 8.70949], [-188.764401, 8.709903], [-188.765261, 8.710594], [-188.765713, 8.710916], [-188.76757, 8.712104], [-188.767746, 8.712159], [-188.76793, 8.712205], [-188.768836, 8.712399], [-188.769022, 8.712417]]]]}, "properties": {"OBJECTID": 56, "NAME": "Marshall Islands", "ABBR": "MH", "Shape_Length": 1.195927887352575, "Shape_Area": 0.001470655881371699}}, {"type": "Feature", "id": 57, "geometry": {"type": "MultiPolygon", "coordinates": [[[[-214.752541, 14.20006], [-214.757822, 14.200208], [-214.758205, 14.200208], [-214.75855, 14.200148], [-214.762248, 14.199079], [-214.762365, 14.199033], [-214.763258, 14.198599], [-214.773183, 14.193655], [-214.778839, 14.190618], [-214.78465, 14.186786], [-214.790399, 14.182978], [-214.795347, 14.178161], [-214.79548, 14.177749], [-214.795598, 14.17755], [-214.795817, 14.177306], [-214.796123, 14.177115], [-214.796412, 14.176971], [-214.79653, 14.176916], [-214.799651, 14.175571], [-214.802899, 14.174292], [-214.817973, 14.16968], [-214.829254, 14.167806], [-214.841643, 14.166717], [-214.850566, 14.155561], [-214.856863, 14.146097], [-214.857477, 14.144522], [-214.85825, 14.143597], [-214.861382, 14.140239], [-214.867623, 14.134097], [-214.869226, 14.13288], [-214.871149, 14.131548], [-214.872578, 14.130806], [-214.873667, 14.130137], [-214.874558, 14.12941], [-214.875565, 14.128424], [-214.875979, 14.127888], [-214.876424, 14.127307], [-214.877032, 14.126291], [-214.878398, 14.121599], [-214.878439, 14.119308], [-214.877949, 14.11753], [-214.877855, 14.117454], [-214.877525, 14.117363], [-214.877416, 14.117341], [-214.877252, 14.117363], [-214.877127, 14.11744], [-214.87242, 14.120442], [-214.870178, 14.122309], [-214.870076, 14.122401], [-214.869663, 14.122929], [-214.868913, 14.1239], [-214.868781, 14.124092], [-214.868672, 14.12426], [-214.863798, 14.132531], [-214.863268, 14.133631], [-214.863221, 14.133716], [-214.863058, 14.133937], [-214.862776, 14.134304], [-214.862582, 14.134549], [-214.860559, 14.136721], [-214.859832, 14.137333], [-214.858003, 14.138764], [-214.856596, 14.139668], [-214.85644, 14.139729], [-214.85586, 14.139746], [-214.855664, 14.13973], [-214.850289, 14.138556], [-214.849646, 14.138397], [-214.849176, 14.138275], [-214.848807, 14.138177], [-214.848698, 14.138139], [-214.848455, 14.138047], [-214.847914, 14.137774], [-214.847247, 14.137385], [-214.836738, 14.131074], [-214.83371, 14.128895], [-214.832585, 14.127256], [-214.832381, 14.12695], [-214.83224, 14.126729], [-214.832091, 14.126418], [-214.831948, 14.126027], [-214.831152, 14.120645], [-214.832217, 14.114062], [-214.821861, 14.112697], [-214.820832, 14.114699], [-214.817319, 14.115675], [-214.814783, 14.116213], [-214.808523, 14.115162], [-214.7986, 14.114353], [-214.787993, 14.115594], [-214.780345, 14.122442], [-214.770183, 14.132265], [-214.770213, 14.132318], [-214.770895, 14.133953], [-214.770942, 14.134144], [-214.771075, 14.134816], [-214.771075, 14.135411], [-214.771067, 14.136037], [-214.771059, 14.136587], [-214.770746, 14.14019], [-214.769054, 14.142287], [-214.76481, 14.146307], [-214.761263, 14.149326], [-214.759799, 14.150485], [-214.758874, 14.151156], [-214.758365, 14.151461], [-214.758248, 14.151522], [-214.757857, 14.15172], [-214.757754, 14.151766], [-214.757606, 14.151827], [-214.747128, 14.154319], [-214.745531, 14.154538], [-214.742375, 14.154855], [-214.741599, 14.154854], [-214.740722, 14.1548], [-214.739813, 14.15473], [-214.739141, 14.154661], [-214.738506, 14.154553], [-214.738122, 14.154476], [-214.737879, 14.1544], [-214.736987, 14.154093], [-214.736815, 14.154031], [-214.736369, 14.153871], [-214.736024, 14.153733], [-214.735821, 14.153641], [-214.735601, 14.153503], [-214.734944, 14.153029], [-214.728357, 14.153181], [-214.718355, 14.15959], [-214.715601, 14.170039], [-214.7118, 14.183192], [-214.710931, 14.18462], [-214.710531, 14.185284], [-214.710061, 14.186138], [-214.709912, 14.186589], [-214.709567, 14.18775], [-214.709504, 14.188123], [-214.709528, 14.188406], [-214.709983, 14.18975], [-214.710249, 14.190392], [-214.710351, 14.190606], [-214.710734, 14.191202], [-214.710931, 14.1915], [-214.71104, 14.191615], [-214.711416, 14.191889], [-214.711831, 14.192127], [-214.715459, 14.193572], [-214.717042, 14.194024], [-214.73022, 14.197315], [-214.740475, 14.198985], [-214.747213, 14.19976], [-214.747578, 14.199794], [-214.74929, 14.199898], [-214.752541, 14.20006]]], [[[-214.425176, 14.865881], [-214.4263, 14.866263], [-214.427283, 14.865966], [-214.428666, 14.865509], [-214.433262, 14.863946], [-214.439289, 14.861064], [-214.452317, 14.856115], [-214.45344, 14.855909], [-214.454698, 14.85562], [-214.454839, 14.855551], [-214.458744, 14.853385], [-214.459765, 14.852767], [-214.460747, 14.851027], [-214.461077, 14.850386], [-214.461186, 14.850172], [-214.461839, 14.848501], [-214.461893, 14.848356], [-214.461956, 14.848112], [-214.462662, 14.84525], [-214.46215, 14.844006], [-214.460932, 14.842387], [-214.460445, 14.841853], [-214.459572, 14.841539], [-214.457686, 14.840959], [-214.456013, 14.840738], [-214.454591, 14.840691], [-214.454072, 14.840722], [-214.45397, 14.840729], [-214.453624, 14.84079], [-214.452272, 14.841033], [-214.43746, 14.843913], [-214.436471, 14.844173], [-214.435999, 14.844356], [-214.435078, 14.844869], [-214.433132, 14.84608], [-214.426572, 14.850962], [-214.425864, 14.851503], [-214.42581, 14.851549], [-214.423562, 14.853479], [-214.4235, 14.853547], [-214.422714, 14.85447], [-214.422612, 14.854593], [-214.422533, 14.854752], [-214.422054, 14.855905], [-214.421991, 14.856172], [-214.42101, 14.860438], [-214.421183, 14.8613], [-214.421655, 14.863033], [-214.421899, 14.863834], [-214.42193, 14.863934], [-214.422126, 14.864201], [-214.422315, 14.864407], [-214.422857, 14.864972], [-214.423038, 14.865117], [-214.423408, 14.865339], [-214.423612, 14.865407], [-214.425176, 14.865881]]], [[[-214.344568, 15.088118], [-214.344678, 15.088325], [-214.345237, 15.089289], [-214.345868, 15.090351], [-214.349784, 15.095532], [-214.350068, 15.095891], [-214.350517, 15.096434], [-214.351235, 15.097289], [-214.352819, 15.099124], [-214.35411, 15.100477], [-214.354607, 15.100943], [-214.354812, 15.101065], [-214.354907, 15.101087], [-214.355166, 15.101103], [-214.355379, 15.101103], [-214.355584, 15.10108], [-214.355922, 15.100951], [-214.356079, 15.100874], [-214.356371, 15.100721], [-214.356583, 15.100545], [-214.357638, 15.099575], [-214.3604, 15.096977], [-214.361706, 15.095632], [-214.366214, 15.090688], [-214.366804, 15.090016], [-214.366874, 15.089878], [-214.367346, 15.088641], [-214.375457, 15.081213], [-214.38769, 15.069031], [-214.396356, 15.059073], [-214.401329, 15.048549], [-214.402206, 15.043146], [-214.402292, 15.042688], [-214.402699, 15.040708], [-214.402801, 15.040234], [-214.402841, 15.040127], [-214.402966, 15.039883], [-214.403177, 15.039582], [-214.403412, 15.039313], [-214.404332, 15.038441], [-214.404778, 15.038024], [-214.40484, 15.037978], [-214.404903, 15.037939], [-214.407319, 15.036932], [-214.407444, 15.036892], [-214.407546, 15.036869], [-214.407625, 15.036868], [-214.408106, 15.03691], [-214.408445, 15.036968], [-214.410104, 15.037563], [-214.412171, 15.032916], [-214.416753, 15.020363], [-214.415308, 15.013195], [-214.412042, 15.008221], [-214.415285, 14.997383], [-214.415469, 14.996044], [-214.41542, 14.9958], [-214.415314, 14.995519], [-214.414717, 14.994661], [-214.414534, 14.994418], [-214.414469, 14.994365], [-214.40944, 14.990683], [-214.407804, 14.990018], [-214.403451, 14.989759], [-214.402387, 14.990379], [-214.402007, 14.99104], [-214.401969, 14.991101], [-214.401875, 14.991194], [-214.401742, 14.991302], [-214.401641, 14.991364], [-214.400731, 14.991708], [-214.399539, 14.992116], [-214.397322, 14.99238], [-214.396985, 14.992414], [-214.395647, 14.992434], [-214.394764, 14.992167], [-214.393289, 14.991706], [-214.392869, 14.991481], [-214.392798, 14.991436], [-214.39203, 14.990911], [-214.391732, 14.990705], [-214.391653, 14.990629], [-214.391464, 14.990338], [-214.391393, 14.99017], [-214.391307, 14.989933], [-214.391173, 14.989544], [-214.389299, 14.983708], [-214.387866, 14.978308], [-214.385466, 14.970621], [-214.382028, 14.965483], [-214.379299, 14.965269], [-214.376265, 14.965605], [-214.376187, 14.965666], [-214.376044, 14.965727], [-214.375872, 14.965758], [-214.375777, 14.965757], [-214.375447, 14.965621], [-214.375078, 14.965383], [-214.374567, 14.964933], [-214.373465, 14.963856], [-214.372765, 14.962819], [-214.372427, 14.962253], [-214.36972, 14.956604], [-214.368303, 14.953635], [-214.368279, 14.953505], [-214.368216, 14.953115], [-214.368169, 14.952642], [-214.368185, 14.951986], [-214.368208, 14.951856], [-214.368578, 14.950711], [-214.369543, 14.947795], [-214.369629, 14.947588], [-214.369935, 14.946909], [-214.371317, 14.940672], [-214.370346, 14.933068], [-214.368906, 14.927366], [-214.367796, 14.92503], [-214.367395, 14.924533], [-214.367183, 14.92432], [-214.366601, 14.923824], [-214.366255, 14.923564], [-214.365932, 14.923335], [-214.365674, 14.923152], [-214.36458, 14.922769], [-214.364298, 14.922685], [-214.364078, 14.922625], [-214.363661, 14.922587], [-214.363441, 14.922571], [-214.362969, 14.92254], [-214.362639, 14.92254], [-214.36168, 14.922602], [-214.361264, 14.922647], [-214.360933, 14.922708], [-214.359283, 14.923433], [-214.358261, 14.923975], [-214.357122, 14.924738], [-214.356823, 14.924945], [-214.355165, 14.926441], [-214.354725, 14.926914], [-214.353751, 14.928212], [-214.353381, 14.9288], [-214.348471, 14.936616], [-214.348125, 14.939334], [-214.339818, 14.948615], [-214.337769, 14.95657], [-214.338281, 14.96054], [-214.33792, 14.965777], [-214.335449, 14.974417], [-214.333867, 14.979787], [-214.33011, 14.992185], [-214.327731, 15.000969], [-214.326541, 15.007607], [-214.3296, 15.013008], [-214.330473, 15.014467], [-214.331597, 15.016147], [-214.333147, 15.017514], [-214.334091, 15.018324], [-214.334233, 15.018408], [-214.334477, 15.018485], [-214.335303, 15.018691], [-214.335602, 15.018744], [-214.336019, 15.01879], [-214.337766, 15.018638], [-214.338278, 15.018553], [-214.338962, 15.018362], [-214.339049, 15.018331], [-214.33919, 15.018309], [-214.339836, 15.018233], [-214.340261, 15.018248], [-214.340481, 15.018263], [-214.341024, 15.018355], [-214.342338, 15.01892], [-214.342984, 15.019226], [-214.343825, 15.019806], [-214.344203, 15.020157], [-214.345634, 15.022961], [-214.3513, 15.034486], [-214.352157, 15.037358], [-214.352464, 15.03884], [-214.352876, 15.043294], [-214.35257, 15.044539], [-214.352099, 15.04616], [-214.351635, 15.046839], [-214.348221, 15.050102], [-214.346167, 15.051592], [-214.342552, 15.061626], [-214.344228, 15.073218], [-214.343647, 15.076099], [-214.343443, 15.077153], [-214.343113, 15.07888], [-214.343066, 15.079209], [-214.342737, 15.081631], [-214.342722, 15.08267], [-214.342722, 15.082831], [-214.342738, 15.082929], [-214.342793, 15.083198], [-214.343235, 15.084626], [-214.3437, 15.085941], [-214.344237, 15.087362], [-214.344568, 15.088118]]], [[[-214.186286, 15.25716], [-214.18609, 15.257199], [-214.186074, 15.257213], [-214.186051, 15.257328], [-214.18605, 15.257458], [-214.186051, 15.257794], [-214.186059, 15.257847], [-214.186091, 15.257938], [-214.186138, 15.258007], [-214.186193, 15.258045], [-214.186705, 15.258304], [-214.186823, 15.258304], [-214.186894, 15.258273], [-214.186965, 15.25822], [-214.187004, 15.258143], [-214.186988, 15.257945], [-214.186893, 15.257358], [-214.186861, 15.257288], [-214.186766, 15.25722], [-214.186601, 15.257175], [-214.186483, 15.25716], [-214.186286, 15.25716]]], [[[-214.181852, 15.28645], [-214.186246, 15.287978], [-214.192885, 15.286244], [-214.205994, 15.274409], [-214.211527, 15.269061], [-214.211637, 15.268954], [-214.213413, 15.267196], [-214.213735, 15.266815], [-214.214034, 15.266456], [-214.214128, 15.266334], [-214.216688, 15.262302], [-214.217872, 15.259204], [-214.217911, 15.258914], [-214.217966, 15.258601], [-214.218138, 15.257998], [-214.218216, 15.257838], [-214.218404, 15.257563], [-214.218907, 15.256837], [-214.21974, 15.255768], [-214.220156, 15.255318], [-214.221091, 15.254322], [-214.222201, 15.253353], [-214.222453, 15.253156], [-214.222823, 15.252926], [-214.223437, 15.252561], [-214.2245, 15.251997], [-214.231681, 15.2482], [-214.240767, 15.244328], [-214.24631, 15.2425], [-214.253041, 15.236245], [-214.259638, 15.229753], [-214.268771, 15.22064], [-214.280217, 15.218545], [-214.281317, 15.219331], [-214.281404, 15.219385], [-214.28168, 15.21953], [-214.281955, 15.219668], [-214.282427, 15.219843], [-214.282923, 15.219973], [-214.28308, 15.219988], [-214.283332, 15.219981], [-214.283544, 15.219843], [-214.283646, 15.21976], [-214.283764, 15.219569], [-214.283828, 15.219424], [-214.283945, 15.21902], [-214.284346, 15.217279], [-214.284408, 15.216882], [-214.284416, 15.2167], [-214.284424, 15.21644], [-214.283948, 15.207602], [-214.283346, 15.200131], [-214.283965, 15.192492], [-214.286768, 15.179862], [-214.290216, 15.168866], [-214.290554, 15.167881], [-214.290664, 15.167569], [-214.290719, 15.167416], [-214.290798, 15.167218], [-214.290971, 15.16679], [-214.291159, 15.166348], [-214.2913, 15.16605], [-214.291504, 15.165622], [-214.291945, 15.164744], [-214.292385, 15.163974], [-214.292668, 15.163532], [-214.292826, 15.163303], [-214.294076, 15.161937], [-214.29472, 15.16128], [-214.295114, 15.160883], [-214.299433, 15.149734], [-214.304671, 15.135668], [-214.306913, 15.12725], [-214.3084, 15.121624], [-214.305867, 15.118608], [-214.303498, 15.117912], [-214.300698, 15.116376], [-214.300258, 15.116124], [-214.299298, 15.115558], [-214.297578, 15.114326], [-214.295483, 15.112778], [-214.295113, 15.112495], [-214.294617, 15.112044], [-214.294381, 15.111801], [-214.294122, 15.111517], [-214.293643, 15.110983], [-214.293509, 15.110784], [-214.293146, 15.110013], [-214.29269, 15.109006], [-214.292581, 15.108326], [-214.292682, 15.107876], [-214.283951, 15.107131], [-214.272947, 15.106598], [-214.266293, 15.106395], [-214.263398, 15.10634], [-214.261864, 15.106171], [-214.261596, 15.106141], [-214.261321, 15.106072], [-214.260629, 15.105842], [-214.260425, 15.105766], [-214.260031, 15.105613], [-214.259913, 15.10556], [-214.259693, 15.105452], [-214.259174, 15.105139], [-214.258577, 15.104711], [-214.258514, 15.104665], [-214.25838, 15.104558], [-214.257916, 15.104176], [-214.257703, 15.104001], [-214.257515, 15.103818], [-214.257397, 15.103657], [-214.254925, 15.099987], [-214.254901, 15.099927], [-214.254546, 15.098751], [-214.25453, 15.098567], [-214.254381, 15.096636], [-214.254293, 15.09588], [-214.254073, 15.094544], [-214.254017, 15.0943], [-214.253931, 15.094079], [-214.253695, 15.093613], [-214.253616, 15.093467], [-214.253436, 15.09317], [-214.25279, 15.092399], [-214.252602, 15.092185], [-214.252459, 15.09207], [-214.252004, 15.091887], [-214.251941, 15.091872], [-214.251453, 15.091887], [-214.251249, 15.09191], [-214.251122, 15.091941], [-214.251028, 15.091971], [-214.250785, 15.092124], [-214.250667, 15.092238], [-214.249936, 15.093055], [-214.249881, 15.093131], [-214.249589, 15.093612], [-214.249165, 15.094513], [-214.249, 15.094872], [-214.248867, 15.095246], [-214.247791, 15.101201], [-214.243658, 15.111292], [-214.243619, 15.111408], [-214.243524, 15.111857], [-214.243501, 15.112072], [-214.243094, 15.119072], [-214.24307, 15.119622], [-214.24315, 15.120363], [-214.243394, 15.121263], [-214.244528, 15.12292], [-214.245149, 15.123516], [-214.245298, 15.123615], [-214.245401, 15.123653], [-214.245511, 15.123661], [-214.24559, 15.123646], [-214.247257, 15.123302], [-214.247682, 15.123218], [-214.24798, 15.123332], [-214.251128, 15.124982], [-214.251506, 15.125226], [-214.251797, 15.12547], [-214.253662, 15.127661], [-214.255071, 15.129799], [-214.25759, 15.133692], [-214.257613, 15.133737], [-214.257629, 15.133791], [-214.258408, 15.136974], [-214.258636, 15.138332], [-214.258769, 15.139165], [-214.258753, 15.139852], [-214.258596, 15.140775], [-214.258573, 15.140843], [-214.256131, 15.145204], [-214.25224, 15.152946], [-214.250761, 15.15813], [-214.247336, 15.16099], [-214.23982, 15.16333], [-214.239419, 15.163438], [-214.239057, 15.163469], [-214.238562, 15.16347], [-214.238254, 15.163455], [-214.237735, 15.163372], [-214.237522, 15.163333], [-214.235184, 15.162879], [-214.234193, 15.162667], [-214.23402, 15.162614], [-214.23376, 15.162492], [-214.233051, 15.162119], [-214.23291, 15.162043], [-214.232539, 15.161792], [-214.232429, 15.161677], [-214.23044, 15.158917], [-214.229982, 15.158239], [-214.229801, 15.157895], [-214.229611, 15.157468], [-214.229595, 15.157413], [-214.22971, 15.156955], [-214.229874, 15.156573], [-214.229464, 15.15542], [-214.227332, 15.153259], [-214.225011, 15.151542], [-214.222579, 15.150801], [-214.219668, 15.150625], [-214.212714, 15.150648], [-214.209583, 15.150998], [-214.206636, 15.164219], [-214.206252, 15.1687], [-214.214921, 15.175367], [-214.219479, 15.184894], [-214.221011, 15.210006], [-214.216744, 15.215737], [-214.209581, 15.224846], [-214.204849, 15.227978], [-214.198324, 15.23312], [-214.19504, 15.236679], [-214.19083, 15.243192], [-214.191631, 15.247464], [-214.1896, 15.257042], [-214.183601, 15.261131], [-214.181435, 15.260179], [-214.178475, 15.25945], [-214.177845, 15.259344], [-214.1762, 15.259231], [-214.173446, 15.259723], [-214.173014, 15.260235], [-214.172456, 15.260938], [-214.172119, 15.261464], [-214.171828, 15.261991], [-214.171091, 15.263664], [-214.170997, 15.263885], [-214.170778, 15.26458], [-214.170762, 15.264633], [-214.170637, 15.265106], [-214.169808, 15.269159], [-214.169754, 15.269525], [-214.169606, 15.270517], [-214.169583, 15.270976], [-214.169647, 15.271639], [-214.169727, 15.272211], [-214.16983, 15.272745], [-214.169924, 15.272967], [-214.170066, 15.273104], [-214.170272, 15.273218], [-214.170909, 15.273484], [-214.17709, 15.280794], [-214.181852, 15.28645]]], [[[-214.342766, 16.370396], [-214.343904, 16.370066], [-214.346609, 16.369347], [-214.347766, 16.369486], [-214.348957, 16.369723], [-214.35445, 16.368737], [-214.360919, 16.36989], [-214.363091, 16.369398], [-214.363798, 16.369113], [-214.366885, 16.365748], [-214.367239, 16.363673], [-214.365861, 16.354025], [-214.365141, 16.349771], [-214.361642, 16.343764], [-214.354054, 16.33262], [-214.348133, 16.333225], [-214.338281, 16.334259], [-214.326811, 16.334244], [-214.310313, 16.334074], [-214.303271, 16.333639], [-214.296593, 16.333474], [-214.288439, 16.336213], [-214.284419, 16.338086], [-214.282721, 16.340233], [-214.275475, 16.350888], [-214.275391, 16.351261], [-214.2764, 16.357448], [-214.27664, 16.358538], [-214.278975, 16.360865], [-214.279509, 16.361276], [-214.281994, 16.363084], [-214.287548, 16.366709], [-214.288423, 16.367136], [-214.293876, 16.36929], [-214.294403, 16.369462], [-214.295426, 16.36958], [-214.295518, 16.369582], [-214.298326, 16.369406], [-214.308239, 16.368443], [-214.313451, 16.368068], [-214.321648, 16.368187], [-214.337811, 16.369727], [-214.342766, 16.370396]]], [[[-214.218909, 16.717866], [-214.220555, 16.717444], [-214.23041, 16.711569], [-214.232525, 16.707584], [-214.233414, 16.705821], [-214.232921, 16.702972], [-214.232361, 16.702354], [-214.231387, 16.701285], [-214.231095, 16.70098], [-214.224697, 16.694761], [-214.223832, 16.69392], [-214.223522, 16.693699], [-214.223113, 16.693469], [-214.223002, 16.693411], [-214.22271, 16.693284], [-214.221927, 16.692996], [-214.216105, 16.69112], [-214.213431, 16.69121], [-214.212669, 16.691792], [-214.212515, 16.691926], [-214.212337, 16.692105], [-214.210868, 16.705056], [-214.212847, 16.712016], [-214.213206, 16.712619], [-214.213772, 16.713234], [-214.215496, 16.714304], [-214.21635, 16.714114], [-214.218652, 16.716318], [-214.218909, 16.717866]]], [[[-214.168318, 17.620209], [-214.169738, 17.620258], [-214.171329, 17.619533], [-214.171765, 17.619371], [-214.173143, 17.619256], [-214.173953, 17.619237], [-214.174468, 17.61914], [-214.175926, 17.618665], [-214.176412, 17.618413], [-214.177108, 17.617944], [-214.179187, 17.61623], [-214.179611, 17.6153], [-214.183939, 17.60653], [-214.184951, 17.604104], [-214.185106, 17.603539], [-214.185236, 17.602607], [-214.185247, 17.602074], [-214.185031, 17.599608], [-214.18438, 17.592993], [-214.184256, 17.592478], [-214.184099, 17.591903], [-214.182393, 17.589546], [-214.17529, 17.581093], [-214.175233, 17.581025], [-214.175175, 17.580971], [-214.174931, 17.580768], [-214.174373, 17.580348], [-214.174365, 17.580344], [-214.174301, 17.58032], [-214.174002, 17.580227], [-214.173971, 17.580222], [-214.173917, 17.580214], [-214.169711, 17.579814], [-214.165353, 17.57984], [-214.162204, 17.579859], [-214.160013, 17.580268], [-214.150612, 17.589775], [-214.149942, 17.590498], [-214.149627, 17.591243], [-214.149469, 17.591809], [-214.149279, 17.592685], [-214.148043, 17.598876], [-214.148678, 17.601971], [-214.148924, 17.602925], [-214.150046, 17.605435], [-214.151778, 17.608768], [-214.152323, 17.609693], [-214.153299, 17.611113], [-214.154584, 17.612444], [-214.161469, 17.619451], [-214.162166, 17.619819], [-214.162787, 17.62006], [-214.165066, 17.620389], [-214.167281, 17.620678], [-214.167309, 17.620679], [-214.167331, 17.620679], [-214.16797, 17.620656], [-214.168318, 17.620209]]], [[[-214.219366, 18.168961], [-214.228325, 18.168665], [-214.228734, 18.168645], [-214.228961, 18.168627], [-214.229002, 18.168611], [-214.235607, 18.164015], [-214.239841, 18.160767], [-214.241087, 18.159754], [-214.241681, 18.159092], [-214.243388, 18.157067], [-214.244014, 18.156245], [-214.244163, 18.155827], [-214.244472, 18.154475], [-214.245043, 18.147497], [-214.24497, 18.147343], [-214.244759, 18.146901], [-214.243628, 18.14469], [-214.242658, 18.143726], [-214.241803, 18.143681], [-214.24101, 18.143542], [-214.240352, 18.143417], [-214.239596, 18.142856], [-214.239451, 18.142713], [-214.239214, 18.142394], [-214.239166, 18.142313], [-214.238987, 18.141986], [-214.238953, 18.141919], [-214.238907, 18.141786], [-214.238883, 18.141714], [-214.238836, 18.14152], [-214.238208, 18.13829], [-214.238165, 18.138066], [-214.238137, 18.137909], [-214.238077, 18.137491], [-214.23802, 18.136589], [-214.23803, 18.136159], [-214.238071, 18.135614], [-214.238084, 18.135475], [-214.238113, 18.135315], [-214.239241, 18.13008], [-214.242651, 18.12671], [-214.242251, 18.120262], [-214.241625, 18.110944], [-214.24468, 18.098651], [-214.259103, 18.087808], [-214.263542, 18.085031], [-214.267646, 18.084749], [-214.270775, 18.085596], [-214.272059, 18.085382], [-214.275154, 18.083602], [-214.27812, 18.081646], [-214.279638, 18.080211], [-214.282499, 18.076792], [-214.283269, 18.075715], [-214.283452, 18.075308], [-214.284593, 18.072618], [-214.285033, 18.071577], [-214.286048, 18.068873], [-214.287977, 18.061791], [-214.291168, 18.049404], [-214.292064, 18.048367], [-214.292165, 18.048204], [-214.292117, 18.047806], [-214.291809, 18.045565], [-214.291708, 18.045368], [-214.290326, 18.044624], [-214.29025, 18.044611], [-214.289894, 18.044575], [-214.289377, 18.044584], [-214.289257, 18.044588], [-214.289221, 18.044593], [-214.289064, 18.044632], [-214.288975, 18.044655], [-214.272218, 18.049395], [-214.262365, 18.057615], [-214.2586, 18.062144], [-214.254925, 18.06722], [-214.255294, 18.070844], [-214.241227, 18.092403], [-214.238204, 18.096991], [-214.235975, 18.100218], [-214.235914, 18.100301], [-214.235505, 18.100738], [-214.235243, 18.101019], [-214.234488, 18.1017], [-214.232655, 18.103106], [-214.224183, 18.107681], [-214.223999, 18.107771], [-214.22372, 18.107884], [-214.223644, 18.107911], [-214.220374, 18.108828], [-214.219502, 18.109073], [-214.217871, 18.109399], [-214.216059, 18.109431], [-214.215697, 18.109401], [-214.2155, 18.109379], [-214.215196, 18.109311], [-214.215129, 18.109291], [-214.214341, 18.109036], [-214.2132, 18.108623], [-214.2113, 18.107594], [-214.211224, 18.107548], [-214.211111, 18.107459], [-214.211062, 18.107403], [-214.210997, 18.107329], [-214.210951, 18.107273], [-214.210923, 18.107227], [-214.204647, 18.101121], [-214.203545, 18.102297], [-214.202468, 18.108717], [-214.199944, 18.112184], [-214.199592, 18.112725], [-214.199438, 18.113026], [-214.196074, 18.120027], [-214.191447, 18.130212], [-214.190806, 18.131962], [-214.190771, 18.132736], [-214.190562, 18.141202], [-214.191593, 18.146905], [-214.193234, 18.155684], [-214.193991, 18.157324], [-214.19565, 18.159423], [-214.197821, 18.162023], [-214.198009, 18.162227], [-214.198603, 18.162782], [-214.198699, 18.162868], [-214.200094, 18.163703], [-214.202387, 18.164871], [-214.204144, 18.16559], [-214.205579, 18.166173], [-214.206355, 18.166112], [-214.206614, 18.165924], [-214.206782, 18.165905], [-214.208404, 18.165834], [-214.210054, 18.165951], [-214.210872, 18.166036], [-214.211033, 18.166053], [-214.211223, 18.166083], [-214.21241, 18.166363], [-214.21617, 18.167378], [-214.219366, 18.168961]]], [[[-214.338573, 18.812874], [-214.339007, 18.812888], [-214.343269, 18.812737], [-214.346423, 18.810782], [-214.34843, 18.809459], [-214.349557, 18.807782], [-214.350783, 18.80571], [-214.354277, 18.798772], [-214.358749, 18.794441], [-214.363873, 18.775942], [-214.362286, 18.769165], [-214.360838, 18.762381], [-214.359374, 18.755226], [-214.348742, 18.738494], [-214.344452, 18.733653], [-214.337804, 18.728398], [-214.33373, 18.726974], [-214.332047, 18.726499], [-214.329888, 18.727306], [-214.329168, 18.727661], [-214.328838, 18.728006], [-214.328307, 18.729103], [-214.328303, 18.729114], [-214.328078, 18.729852], [-214.321441, 18.738211], [-214.318558, 18.737805], [-214.314686, 18.737766], [-214.31297, 18.73841], [-214.310931, 18.739958], [-214.309463, 18.741288], [-214.307226, 18.745341], [-214.306992, 18.745843], [-214.306971, 18.747539], [-214.307007, 18.74769], [-214.307049, 18.747864], [-214.307136, 18.748224], [-214.307824, 18.750953], [-214.308383, 18.754026], [-214.308401, 18.754209], [-214.308408, 18.754392], [-214.308406, 18.754712], [-214.308403, 18.754806], [-214.308391, 18.754913], [-214.308332, 18.755196], [-214.308317, 18.755255], [-214.308256, 18.755483], [-214.308038, 18.756295], [-214.307994, 18.756384], [-214.30658, 18.758323], [-214.306253, 18.75875], [-214.306106, 18.758934], [-214.306054, 18.758978], [-214.305993, 18.759019], [-214.305871, 18.759089], [-214.305623, 18.759228], [-214.305336, 18.759357], [-214.30437, 18.759599], [-214.300972, 18.765309], [-214.301602, 18.77885], [-214.303215, 18.789241], [-214.303655, 18.790033], [-214.304812, 18.79177], [-214.305193, 18.792113], [-214.30814, 18.794316], [-214.318463, 18.802589], [-214.327032, 18.807882], [-214.336692, 18.81173], [-214.338573, 18.812874]]]]}, "properties": {"OBJECTID": 57, "NAME": "Northern Mariana Islands", "ABBR": "MP", "Shape_Length": 2.659106708351045, "Shape_Area": 0.03845445762159804}}, {"type": "Feature", "id": 58, "geometry": {"type": "Polygon", "coordinates": [[[-100.768431, 27.198753], [-100.797397, 27.198379], [-100.809851, 27.198217], [-100.822458, 27.198053], [-100.834611, 27.197895], [-100.873044, 27.197388], [-100.875289, 27.197355], [-100.874985, 27.179206], [-100.873704, 27.102298], [-100.873295, 27.077946], [-100.785691, 27.079093], [-100.766263, 27.079347], [-100.766136, 27.079349], [-100.766985, 27.133302], [-100.767312, 27.152891], [-100.767592, 27.167565], [-100.768401, 27.197669], [-100.768431, 27.198753]]]}, "properties": {"OBJECTID": 58, "NAME": "MXNL001", "ABBR": "MXNL", "Shape_Length": 0.4528886720506481, "Shape_Area": 0.012797647412826069}}, {"type": "Feature", "id": 59, "geometry": {"type": "MultiPolygon", "coordinates": [[[[-228.187843, 2.972027], [-228.187816, 2.972125], [-228.18786, 2.973118], [-228.187975, 2.97461], [-228.188003, 2.974934], [-228.188087, 2.975369], [-228.188149, 2.975589], [-228.188204, 2.975623], [-228.188423, 2.975216], [-228.188477, 2.975099], [-228.188606, 2.974766], [-228.188689, 2.974504], [-228.188695, 2.974325], [-228.188666, 2.974048], [-228.188625, 2.973752], [-228.188534, 2.973406], [-228.188396, 2.972958], [-228.188195, 2.97242], [-228.188084, 2.972144], [-228.188022, 2.972027], [-228.187926, 2.971966], [-228.187843, 2.972027]]], [[[-228.876683, 2.999102], [-228.876285, 2.999459], [-228.872504, 3.007761], [-228.872058, 3.008879], [-228.871914, 3.009403], [-228.87177, 3.009941], [-228.871721, 3.010123], [-228.871708, 3.010213], [-228.871689, 3.010757], [-228.871665, 3.011755], [-228.871679, 3.011937], [-228.871715, 3.01202], [-228.871764, 3.012097], [-228.871826, 3.012167], [-228.871903, 3.012229], [-228.871979, 3.012285], [-228.872062, 3.012333], [-228.872146, 3.012375], [-228.873126, 3.012866], [-228.873234, 3.012908], [-228.873338, 3.012901], [-228.873886, 3.012731], [-228.875938, 3.012061], [-228.876617, 3.011773], [-228.876866, 3.011646], [-228.877663, 3.011183], [-228.877822, 3.011077], [-228.87841, 3.010594], [-228.878791, 3.010279], [-228.879101, 3.009936], [-228.879157, 3.009859], [-228.879295, 3.009621], [-228.879336, 3.009537], [-228.87946, 3.009279], [-228.879495, 3.009194], [-228.879715, 3.008573], [-228.87981, 3.008119], [-228.879857, 3.007847], [-228.879871, 3.007575], [-228.879869, 3.007303], [-228.879869, 3.007122], [-228.879847, 3.00694], [-228.879833, 3.006849], [-228.879791, 3.006577], [-228.879762, 3.006396], [-228.879748, 3.006306], [-228.879727, 3.006215], [-228.878623, 3.001907], [-228.878327, 3.000924], [-228.878243, 3.000757], [-228.878194, 3.000681], [-228.87809, 3.000527], [-228.87733, 2.999575], [-228.877142, 2.999365], [-228.87701, 2.999234], [-228.876857, 2.999122], [-228.876773, 2.999088], [-228.876683, 2.999102]]], [[[-227.688382, 4.302547], [-227.688298, 4.302589], [-227.688232, 4.302704], [-227.687148, 4.306027], [-227.686004, 4.313105], [-227.685993, 4.321971], [-227.687737, 4.323553], [-227.690593, 4.318256], [-227.691576, 4.314661], [-227.691629, 4.31445], [-227.691774, 4.313235], [-227.691906, 4.311659], [-227.691838, 4.311082], [-227.691802, 4.310925], [-227.691389, 4.309375], [-227.691256, 4.30893], [-227.691123, 4.308558], [-227.691038, 4.308342], [-227.688645, 4.302624], [-227.688597, 4.302546], [-227.688525, 4.302528], [-227.688465, 4.302523], [-227.688382, 4.302547]]], [[[-228.049142, 4.651957], [-228.048533, 4.652146], [-228.047992, 4.652473], [-228.047353, 4.652941], [-228.04608, 4.654142], [-228.045322, 4.654902], [-228.044624, 4.655616], [-228.044354, 4.655916], [-228.044242, 4.656129], [-228.044216, 4.656315], [-228.044277, 4.656627], [-228.044351, 4.656832], [-228.044537, 4.657111], [-228.04475, 4.657342], [-228.04497, 4.65756], [-228.045593, 4.657876], [-228.045898, 4.657988], [-228.04621, 4.658093], [-228.046574, 4.658177], [-228.046978, 4.658248], [-228.047349, 4.658293], [-228.04768, 4.658325], [-228.048004, 4.658317], [-228.048421, 4.658269], [-228.048731, 4.658202], [-228.049187, 4.658006], [-228.049729, 4.657726], [-228.049973, 4.657559], [-228.050342, 4.657278], [-228.050718, 4.656951], [-228.051239, 4.656444], [-228.051443, 4.656177], [-228.051594, 4.655964], [-228.051739, 4.655738], [-228.051864, 4.655512], [-228.051969, 4.655259], [-228.05204, 4.654967], [-228.052072, 4.654774], [-228.052038, 4.654515], [-228.051951, 4.654209], [-228.05177, 4.653805], [-228.051617, 4.653534], [-228.051337, 4.653077], [-228.051097, 4.652706], [-228.050784, 4.652236], [-228.050697, 4.65213], [-228.050492, 4.652051], [-228.050108, 4.651973], [-228.049532, 4.651935], [-228.049142, 4.651957]]], [[[-227.77442, 5.316683], [-227.774052, 5.316913], [-227.773836, 5.317142], [-227.773673, 5.317342], [-227.773605, 5.317451], [-227.77342, 5.318074], [-227.773308, 5.318639], [-227.773242, 5.319124], [-227.773182, 5.319678], [-227.773163, 5.320437], [-227.773173, 5.321355], [-227.773192, 5.321794], [-227.773446, 5.330288], [-227.773435, 5.331243], [-227.773942, 5.332484], [-227.774142, 5.33294], [-227.774268, 5.333144], [-227.774514, 5.33352], [-227.774792, 5.333842], [-227.775117, 5.334118], [-227.775448, 5.334322], [-227.775699, 5.33444], [-227.776036, 5.334518], [-227.776445, 5.334536], [-227.776722, 5.334521], [-227.776998, 5.334467], [-227.777328, 5.334387], [-227.777591, 5.334286], [-227.777835, 5.334173], [-227.778059, 5.334012], [-227.778262, 5.33386], [-227.778539, 5.333647], [-227.780589, 5.331972], [-227.780727, 5.331845], [-227.780839, 5.331719], [-227.78097, 5.331559], [-227.781088, 5.331387], [-227.781225, 5.331168], [-227.781357, 5.330943], [-227.781435, 5.330757], [-227.781506, 5.330499], [-227.781504, 5.330004], [-227.781389, 5.32802], [-227.781328, 5.327518], [-227.781273, 5.327155], [-227.781199, 5.326687], [-227.781111, 5.326254], [-227.781024, 5.325895], [-227.780922, 5.325559], [-227.780166, 5.323634], [-227.779655, 5.322626], [-227.779432, 5.322222], [-227.778973, 5.321471], [-227.777707, 5.319709], [-227.777312, 5.319192], [-227.776957, 5.318742], [-227.776545, 5.318236], [-227.776088, 5.317759], [-227.775756, 5.317441], [-227.775425, 5.317146], [-227.775104, 5.316886], [-227.774917, 5.316749], [-227.774808, 5.316699], [-227.774682, 5.316659], [-227.774534, 5.316642], [-227.77442, 5.316683]]], [[[-227.771188, 5.350112], [-227.770925, 5.350182], [-227.770686, 5.350272], [-227.770423, 5.350488], [-227.770228, 5.350709], [-227.770154, 5.350848], [-227.769586, 5.351973], [-227.769481, 5.352371], [-227.769471, 5.352756], [-227.769404, 5.354849], [-227.769387, 5.355178], [-227.769382, 5.35538], [-227.769428, 5.355864], [-227.769467, 5.35618], [-227.769582, 5.356526], [-227.769702, 5.356784], [-227.769886, 5.357086], [-227.770088, 5.357293], [-227.770322, 5.357475], [-227.770574, 5.357632], [-227.770839, 5.35775], [-227.771066, 5.357831], [-227.771299, 5.357874], [-227.77157, 5.357905], [-227.771928, 5.357897], [-227.772237, 5.357858], [-227.77257, 5.357774], [-227.772827, 5.357672], [-227.773053, 5.357526], [-227.773429, 5.357278], [-227.773662, 5.357095], [-227.774068, 5.356727], [-227.775146, 5.3557], [-227.775421, 5.355365], [-227.775503, 5.355219], [-227.775633, 5.354815], [-227.775799, 5.354001], [-227.775842, 5.353761], [-227.775834, 5.353338], [-227.775795, 5.353156], [-227.775566, 5.352646], [-227.775262, 5.352225], [-227.77489, 5.351792], [-227.774612, 5.351522], [-227.774289, 5.351278], [-227.773898, 5.350989], [-227.773501, 5.35072], [-227.773166, 5.350538], [-227.772737, 5.350357], [-227.772328, 5.350202], [-227.772025, 5.350121], [-227.771723, 5.35009], [-227.771471, 5.350086], [-227.771188, 5.350112]]], [[[-225.854852, 6.919507], [-225.854827, 6.919528], [-225.854819, 6.919549], [-225.854959, 6.919711], [-225.854993, 6.919721], [-225.855106, 6.919736], [-225.855127, 6.91972], [-225.855155, 6.919638], [-225.855157, 6.919566], [-225.855145, 6.919521], [-225.855116, 6.9195], [-225.855032, 6.919495], [-225.854975, 6.919496], [-225.854883, 6.919503], [-225.854852, 6.919507]]], [[[-225.858794, 6.924876], [-225.858991, 6.924932], [-225.859206, 6.924844], [-225.85979, 6.924387], [-225.860544, 6.92365], [-225.864624, 6.922314], [-225.87512, 6.920878], [-225.873072, 6.915607], [-225.87122, 6.909933], [-225.870362, 6.906085], [-225.870341, 6.904117], [-225.870359, 6.90397], [-225.870536, 6.903024], [-225.876177, 6.892708], [-225.87809, 6.890415], [-225.878176, 6.89028], [-225.878213, 6.890193], [-225.878244, 6.890094], [-225.878278, 6.889972], [-225.878351, 6.889696], [-225.878362, 6.889631], [-225.878343, 6.889595], [-225.878313, 6.889578], [-225.87506, 6.8885], [-225.87482, 6.888424], [-225.874362, 6.88834], [-225.873165, 6.8882], [-225.869753, 6.888109], [-225.867637, 6.888971], [-225.865317, 6.890671], [-225.863577, 6.892149], [-225.851523, 6.902506], [-225.84695, 6.909388], [-225.84669, 6.9098], [-225.846436, 6.910269], [-225.846316, 6.910516], [-225.846201, 6.910785], [-225.846145, 6.911132], [-225.846215, 6.911486], [-225.846683, 6.913225], [-225.846783, 6.913404], [-225.846915, 6.913622], [-225.847075, 6.913842], [-225.847196, 6.913993], [-225.847286, 6.914078], [-225.847444, 6.914207], [-225.853507, 6.918043], [-225.853601, 6.918032], [-225.853824, 6.918104], [-225.85399, 6.918201], [-225.854599, 6.918672], [-225.855617, 6.919704], [-225.855987, 6.920129], [-225.856192, 6.920409], [-225.856295, 6.920589], [-225.856716, 6.922215], [-225.856858, 6.923203], [-225.858794, 6.924876]]], [[[-225.742565, 7.006215], [-225.742535, 7.006221], [-225.742504, 7.006283], [-225.742437, 7.006449], [-225.742407, 7.006535], [-225.7424, 7.006566], [-225.74237, 7.006725], [-225.742419, 7.006738], [-225.742462, 7.006695], [-225.74275, 7.006362], [-225.74275, 7.00627], [-225.742737, 7.006178], [-225.742646, 7.006172], [-225.742565, 7.006215]]], [[[-225.739383, 7.00708], [-225.739174, 7.007178], [-225.739186, 7.007234], [-225.739229, 7.007277], [-225.739267, 7.007277], [-225.739451, 7.007234], [-225.739487, 7.007209], [-225.739451, 7.007141], [-225.739383, 7.00708]]], [[[-225.741363, 7.007703], [-225.741185, 7.007807], [-225.741167, 7.007832], [-225.741155, 7.007924], [-225.741198, 7.008188], [-225.741217, 7.008281], [-225.741309, 7.00828], [-225.741364, 7.008206], [-225.741364, 7.008115], [-225.74132, 7.007942], [-225.741456, 7.00782], [-225.741536, 7.007758], [-225.741701, 7.007641], [-225.741861, 7.007549], [-225.741904, 7.007506], [-225.741959, 7.007444], [-225.741977, 7.007321], [-225.741916, 7.007297], [-225.741885, 7.007309], [-225.741535, 7.007543], [-225.7414, 7.007666], [-225.741363, 7.007703]]], [[[-225.741826, 7.008132], [-225.741735, 7.008193], [-225.741735, 7.008239], [-225.74174, 7.008282], [-225.741812, 7.008291], [-225.741842, 7.008236], [-225.741867, 7.008171], [-225.741873, 7.008117], [-225.741833, 7.008082], [-225.741826, 7.008132]]], [[[-225.741769, 7.007703], [-225.741689, 7.007751], [-225.741456, 7.008108], [-225.741444, 7.008139], [-225.741419, 7.008336], [-225.741487, 7.008452], [-225.741567, 7.008495], [-225.741592, 7.008476], [-225.741818, 7.007973], [-225.741849, 7.007838], [-225.741848, 7.007745], [-225.741812, 7.00769], [-225.741769, 7.007703]]], [[[-225.741848, 7.008514], [-225.741791, 7.008633], [-225.741778, 7.008706], [-225.741812, 7.008734], [-225.741852, 7.008722], [-225.741922, 7.008596], [-225.741925, 7.008544], [-225.7419, 7.008496], [-225.741848, 7.008514]]], [[[-225.741494, 7.008636], [-225.741438, 7.008747], [-225.741402, 7.008833], [-225.741427, 7.008912], [-225.74147, 7.009023], [-225.741519, 7.009061], [-225.741581, 7.008998], [-225.741673, 7.008789], [-225.741673, 7.00874], [-225.741642, 7.008655], [-225.741574, 7.008593], [-225.741494, 7.008636]]], [[[-225.738564, 7.009808], [-225.73849, 7.009826], [-225.73849, 7.009857], [-225.738514, 7.009907], [-225.738564, 7.0099], [-225.738847, 7.009863], [-225.738871, 7.009844], [-225.738834, 7.009765], [-225.738742, 7.009654], [-225.73868, 7.009629], [-225.73865, 7.009635], [-225.738564, 7.009808]]], [[[-225.738834, 7.00969], [-225.73897, 7.009771], [-225.739055, 7.00966], [-225.739159, 7.008947], [-225.739159, 7.008917], [-225.739109, 7.008917], [-225.739066, 7.008929], [-225.73884, 7.009291], [-225.738809, 7.009341], [-225.73873, 7.009507], [-225.738754, 7.009581], [-225.73881, 7.009678], [-225.738834, 7.00969]]], [[[-225.739173, 7.009905], [-225.739141, 7.009912], [-225.739037, 7.010022], [-225.739117, 7.010059], [-225.73921, 7.010052], [-225.739253, 7.009979], [-225.739252, 7.009948], [-225.739228, 7.009905], [-225.739173, 7.009905]]], [[[-225.741337, 7.010817], [-225.741319, 7.010718], [-225.741301, 7.010681], [-225.741054, 7.010602], [-225.741012, 7.010664], [-225.741061, 7.010737], [-225.741135, 7.010793], [-225.741337, 7.010817]]], [[[-225.73902, 7.010808], [-225.738996, 7.010821], [-225.738995, 7.010876], [-225.739039, 7.010937], [-225.739106, 7.010882], [-225.739106, 7.010851], [-225.73907, 7.010808], [-225.73902, 7.010808]]], [[[-225.738676, 7.011128], [-225.73867, 7.01122], [-225.738701, 7.011232], [-225.738763, 7.011226], [-225.738904, 7.011066], [-225.738922, 7.01101], [-225.738818, 7.010944], [-225.73875, 7.010968], [-225.738676, 7.011128]]], [[[-225.738972, 7.011134], [-225.738972, 7.011165], [-225.738978, 7.011263], [-225.738997, 7.011354], [-225.739039, 7.011373], [-225.739095, 7.011293], [-225.739107, 7.011201], [-225.739058, 7.011115], [-225.739033, 7.011084], [-225.738978, 7.011066], [-225.738972, 7.011134]]], [[[-225.739655, 7.011397], [-225.73963, 7.011452], [-225.739673, 7.011519], [-225.739746, 7.011531], [-225.739765, 7.011507], [-225.739802, 7.011446], [-225.739801, 7.011415], [-225.739777, 7.011359], [-225.739734, 7.011353], [-225.739654, 7.011353], [-225.739655, 7.011397]]], [[[-225.739956, 7.011483], [-225.739931, 7.011537], [-225.739931, 7.011575], [-225.73995, 7.011611], [-225.740066, 7.011636], [-225.740128, 7.01158], [-225.740128, 7.011549], [-225.740072, 7.011482], [-225.740048, 7.011464], [-225.739956, 7.011483]]], [[[-225.739439, 7.011415], [-225.739365, 7.011471], [-225.739334, 7.01152], [-225.739329, 7.011668], [-225.739408, 7.01168], [-225.739495, 7.011673], [-225.739556, 7.011618], [-225.73958, 7.011477], [-225.739587, 7.011415], [-225.739531, 7.011397], [-225.739439, 7.011415]]], [[[-225.740196, 7.011586], [-225.740196, 7.011617], [-225.740202, 7.011678], [-225.740227, 7.011703], [-225.740282, 7.011734], [-225.7403, 7.011672], [-225.7403, 7.011641], [-225.740294, 7.011555], [-225.740269, 7.011543], [-225.740196, 7.011586]]], [[[-225.741075, 7.01164], [-225.741037, 7.011652], [-225.741044, 7.011732], [-225.7411, 7.011745], [-225.741136, 7.011707], [-225.741099, 7.011628], [-225.741075, 7.01164]]], [[[-225.739636, 7.011587], [-225.739606, 7.011759], [-225.739741, 7.011759], [-225.739821, 7.011728], [-225.739821, 7.011679], [-225.739808, 7.011636], [-225.739765, 7.011581], [-225.739636, 7.011587]]], [[[-225.739305, 7.011766], [-225.739292, 7.011839], [-225.739317, 7.011864], [-225.739409, 7.011883], [-225.739483, 7.011876], [-225.739501, 7.011851], [-225.739476, 7.011746], [-225.739385, 7.011723], [-225.739305, 7.011766]]], [[[-225.740073, 7.011771], [-225.740085, 7.011857], [-225.740128, 7.011918], [-225.740159, 7.011918], [-225.740214, 7.011905], [-225.740215, 7.011844], [-225.740214, 7.011752], [-225.740134, 7.011703], [-225.740073, 7.011771]]], [[[-225.739857, 7.011937], [-225.739846, 7.011986], [-225.739932, 7.012017], [-225.739975, 7.011974], [-225.739925, 7.011869], [-225.73987, 7.011869], [-225.739857, 7.011937]]], [[[-225.739729, 7.01182], [-225.739698, 7.011827], [-225.739569, 7.011913], [-225.739557, 7.01195], [-225.739581, 7.012004], [-225.739618, 7.01203], [-225.739673, 7.012029], [-225.73979, 7.011937], [-225.739815, 7.011882], [-225.739821, 7.01182], [-225.739729, 7.01182]]], [[[-225.741425, 7.012063], [-225.741456, 7.012149], [-225.741511, 7.0121], [-225.74153, 7.012008], [-225.741462, 7.011996], [-225.741425, 7.012063]]], [[[-225.741019, 7.012083], [-225.740977, 7.012162], [-225.74102, 7.012242], [-225.741119, 7.012223], [-225.741229, 7.01215], [-225.741205, 7.012058], [-225.741026, 7.012051], [-225.741019, 7.012083]]], [[[-225.738918, 7.01219], [-225.738942, 7.012257], [-225.739034, 7.012269], [-225.739041, 7.012202], [-225.739041, 7.012171], [-225.738949, 7.012159], [-225.738918, 7.01219]]], [[[-225.733387, 7.012177], [-225.733413, 7.01221], [-225.733492, 7.012275], [-225.733535, 7.0123], [-225.733572, 7.012261], [-225.733598, 7.012187], [-225.733602, 7.01214], [-225.73357, 7.01213], [-225.733442, 7.01215], [-225.733387, 7.012177]]], [[[-225.739686, 7.012299], [-225.739821, 7.012397], [-225.739982, 7.01225], [-225.740043, 7.012182], [-225.740068, 7.012132], [-225.740049, 7.01209], [-225.739975, 7.012078], [-225.739944, 7.012084], [-225.739686, 7.012158], [-225.739625, 7.012201], [-225.739625, 7.012232], [-225.739686, 7.012299]]], [[[-225.733348, 7.012339], [-225.733342, 7.012389], [-225.733363, 7.012437], [-225.733449, 7.012499], [-225.733503, 7.012483], [-225.733531, 7.012433], [-225.733502, 7.012374], [-225.733435, 7.012335], [-225.733348, 7.012339]]], [[[-225.739558, 7.012594], [-225.739527, 7.012595], [-225.739515, 7.012632], [-225.739564, 7.012686], [-225.739631, 7.012661], [-225.739632, 7.012625], [-225.739619, 7.012576], [-225.739558, 7.012594]]], [[[-225.740701, 7.012592], [-225.740689, 7.012629], [-225.740714, 7.012697], [-225.740805, 7.012697], [-225.740849, 7.012666], [-225.740855, 7.012616], [-225.740799, 7.012586], [-225.740768, 7.012586], [-225.740701, 7.012592]]], [[[-225.739742, 7.01268], [-225.739779, 7.012735], [-225.739847, 7.012679], [-225.739835, 7.012656], [-225.739767, 7.012594], [-225.739742, 7.01268]]], [[[-225.740216, 7.012949], [-225.740235, 7.01303], [-225.740303, 7.013041], [-225.740327, 7.013011], [-225.740339, 7.012986], [-225.740296, 7.012925], [-225.740216, 7.012949]]], [[[-225.740179, 7.013287], [-225.740186, 7.013379], [-225.740272, 7.013385], [-225.740284, 7.013361], [-225.740296, 7.013287], [-225.740296, 7.013256], [-225.74029, 7.013207], [-225.74026, 7.013164], [-225.74021, 7.013152], [-225.740155, 7.01322], [-225.740179, 7.013287]]], [[[-225.74267, 7.01402], [-225.742671, 7.014113], [-225.742726, 7.014161], [-225.742818, 7.014161], [-225.742824, 7.014069], [-225.742763, 7.014008], [-225.742732, 7.014008], [-225.74267, 7.01402]]], [[[-225.74306, 7.015524], [-225.743053, 7.015616], [-225.743085, 7.015622], [-225.743146, 7.015623], [-225.743226, 7.015616], [-225.74325, 7.015604], [-225.743275, 7.015524], [-225.743269, 7.015493], [-225.743201, 7.01545], [-225.743084, 7.015432], [-225.74306, 7.015524]]], [[[-225.743269, 7.015696], [-225.743245, 7.01572], [-225.743257, 7.015788], [-225.743331, 7.015837], [-225.743362, 7.015837], [-225.743423, 7.0158], [-225.743435, 7.015775], [-225.743447, 7.015714], [-225.743448, 7.015683], [-225.743362, 7.015652], [-225.743269, 7.015696]]], [[[-225.740927, 7.01581], [-225.7411, 7.015865], [-225.74113, 7.015779], [-225.740915, 7.01562], [-225.740848, 7.015626], [-225.740786, 7.0157], [-225.740847, 7.015816], [-225.740927, 7.01581]]], [[[-225.740443, 7.016437], [-225.740413, 7.016793], [-225.740413, 7.016824], [-225.740493, 7.016842], [-225.740578, 7.0168], [-225.740671, 7.016651], [-225.740867, 7.016289], [-225.740947, 7.015957], [-225.740959, 7.015896], [-225.740903, 7.015877], [-225.740848, 7.01589], [-225.740737, 7.015958], [-225.740584, 7.016069], [-225.740485, 7.016167], [-225.740455, 7.016253], [-225.74043, 7.016345], [-225.740443, 7.016437]]], [[[-225.740407, 7.017039], [-225.740358, 7.017095], [-225.740389, 7.017174], [-225.740481, 7.017162], [-225.740524, 7.017113], [-225.740524, 7.017082], [-225.740524, 7.016965], [-225.740407, 7.016947], [-225.740407, 7.017039]]], [[[-225.738809, 7.016956], [-225.738784, 7.017078], [-225.738772, 7.01714], [-225.73876, 7.01722], [-225.738797, 7.017251], [-225.738883, 7.01722], [-225.738944, 7.017066], [-225.738956, 7.016992], [-225.738895, 7.016937], [-225.738809, 7.016956]]], [[[-225.730993, 7.017571], [-225.730983, 7.017619], [-225.731026, 7.017666], [-225.731079, 7.017661], [-225.731079, 7.017597], [-225.731046, 7.017559], [-225.730993, 7.017571]]], [[[-225.73081, 7.017634], [-225.730804, 7.017673], [-225.730831, 7.017702], [-225.730885, 7.017697], [-225.730894, 7.01764], [-225.730867, 7.017612], [-225.73081, 7.017634]]], [[[-225.73862, 7.017645], [-225.738618, 7.017712], [-225.738629, 7.017737], [-225.738663, 7.017757], [-225.738721, 7.017751], [-225.738754, 7.017723], [-225.738779, 7.017653], [-225.738755, 7.0176], [-225.738649, 7.017595], [-225.73862, 7.017645]]], [[[-225.730909, 7.017705], [-225.730876, 7.017756], [-225.730885, 7.017807], [-225.73093, 7.017819], [-225.730996, 7.017813], [-225.73102, 7.01775], [-225.730995, 7.017702], [-225.730909, 7.017705]]], [[[-225.743838, 7.017773], [-225.743791, 7.017786], [-225.743771, 7.017839], [-225.743785, 7.017919], [-225.743884, 7.017873], [-225.743938, 7.017833], [-225.743931, 7.017792], [-225.743891, 7.017773], [-225.743838, 7.017773]]], [[[-225.729476, 7.017171], [-225.729522, 7.017278], [-225.729859, 7.017734], [-225.730299, 7.017818], [-225.730357, 7.017289], [-225.730378, 7.016649], [-225.730287, 7.0163], [-225.730252, 7.016275], [-225.729782, 7.016009], [-225.729713, 7.016056], [-225.72966, 7.016122], [-225.729435, 7.016622], [-225.729426, 7.016952], [-225.729476, 7.017171]]], [[[-225.731567, 7.017808], [-225.731523, 7.017835], [-225.731522, 7.017878], [-225.731555, 7.017952], [-225.731639, 7.017961], [-225.731693, 7.017925], [-225.731695, 7.01785], [-225.73162, 7.017788], [-225.731567, 7.017808]]], [[[-225.737913, 7.017946], [-225.737956, 7.018007], [-225.738048, 7.017995], [-225.738091, 7.01797], [-225.7383, 7.017828], [-225.738631, 7.017448], [-225.738637, 7.017355], [-225.738637, 7.017312], [-225.738501, 7.017109], [-225.738422, 7.017159], [-225.737949, 7.01786], [-225.737913, 7.017946]]], [[[-225.733833, 7.01823], [-225.733752, 7.018251], [-225.733727, 7.01827], [-225.733702, 7.018342], [-225.733702, 7.01837], [-225.733771, 7.018411], [-225.733846, 7.01841], [-225.733933, 7.018385], [-225.733978, 7.018304], [-225.733924, 7.018229], [-225.733867, 7.018223], [-225.733833, 7.01823]]], [[[-225.734362, 7.018431], [-225.734356, 7.018501], [-225.734372, 7.018525], [-225.734525, 7.018475], [-225.734516, 7.018422], [-225.734453, 7.018419], [-225.734362, 7.018431]]], [[[-225.734074, 7.018326], [-225.734024, 7.018357], [-225.734003, 7.018426], [-225.734046, 7.018507], [-225.734134, 7.018532], [-225.734225, 7.018535], [-225.73426, 7.018453], [-225.734253, 7.018426], [-225.734206, 7.018348], [-225.734115, 7.018325], [-225.734074, 7.018326]]], [[[-225.733674, 7.018449], [-225.733602, 7.018467], [-225.733583, 7.018489], [-225.733561, 7.018552], [-225.733603, 7.018661], [-225.733693, 7.01868], [-225.733777, 7.018642], [-225.733831, 7.018567], [-225.733743, 7.018458], [-225.733702, 7.018448], [-225.733674, 7.018449]]], [[[-225.734097, 7.018636], [-225.734107, 7.018685], [-225.734179, 7.018742], [-225.734266, 7.018713], [-225.734313, 7.018634], [-225.734228, 7.018588], [-225.734137, 7.018588], [-225.734097, 7.018636]]], [[[-225.733878, 7.018705], [-225.733859, 7.018732], [-225.733821, 7.018817], [-225.733881, 7.018889], [-225.733972, 7.018904], [-225.734006, 7.018904], [-225.73405, 7.018857], [-225.73405, 7.018829], [-225.733988, 7.018695], [-225.733943, 7.018695], [-225.733878, 7.018705]]], [[[-225.737644, 7.018904], [-225.737588, 7.018929], [-225.737644, 7.019015], [-225.737737, 7.019009], [-225.737742, 7.018916], [-225.737662, 7.018873], [-225.737644, 7.018904]]], [[[-225.73859, 7.019901], [-225.738619, 7.019901], [-225.738636, 7.019875], [-225.738641, 7.01983], [-225.738639, 7.019799], [-225.738524, 7.01968], [-225.738471, 7.019631], [-225.738408, 7.019663], [-225.738348, 7.019704], [-225.738313, 7.019767], [-225.738325, 7.01983], [-225.738386, 7.019868], [-225.738406, 7.019873], [-225.73859, 7.019901]]], [[[-225.741173, 7.019765], [-225.741112, 7.019832], [-225.741106, 7.019863], [-225.741136, 7.019918], [-225.741186, 7.019961], [-225.741266, 7.019918], [-225.741278, 7.019832], [-225.741278, 7.019802], [-225.741204, 7.019759], [-225.741173, 7.019765]]], [[[-225.737652, 7.020034], [-225.737671, 7.020126], [-225.737756, 7.020163], [-225.737774, 7.020071], [-225.737738, 7.019985], [-225.737652, 7.020034]]], [[[-225.736195, 7.020337], [-225.73622, 7.020392], [-225.736263, 7.020399], [-225.73633, 7.020344], [-225.736312, 7.020319], [-225.736275, 7.020307], [-225.73622, 7.020306], [-225.736195, 7.020337]]], [[[-225.737905, 7.020648], [-225.737882, 7.020714], [-225.737888, 7.02075], [-225.73798, 7.020756], [-225.738034, 7.020702], [-225.738031, 7.020642], [-225.73796, 7.020585], [-225.737905, 7.020648]]], [[[-225.742742, 7.020647], [-225.742699, 7.020763], [-225.742791, 7.020769], [-225.742828, 7.02072], [-225.742828, 7.020683], [-225.742785, 7.020646], [-225.742742, 7.020647]]], [[[-225.743051, 7.020424], [-225.744465, 7.020645], [-225.744459, 7.02041], [-225.744438, 7.019915], [-225.744427, 7.019675], [-225.744396, 7.019277], [-225.74433, 7.018531], [-225.744312, 7.01846], [-225.744273, 7.018391], [-225.744132, 7.018175], [-225.74403, 7.018056], [-225.743938, 7.017996], [-225.743828, 7.018098], [-225.743734, 7.018226], [-225.743051, 7.020424]]], [[[-225.737413, 7.020729], [-225.73737, 7.020747], [-225.737389, 7.020833], [-225.737481, 7.020845], [-225.737505, 7.020772], [-225.737505, 7.020741], [-225.73745, 7.020722], [-225.737413, 7.020729]]], [[[-225.739854, 7.020749], [-225.739804, 7.02086], [-225.739921, 7.020891], [-225.739988, 7.020829], [-225.739946, 7.020749], [-225.739854, 7.020749]]], [[[-225.7368, 7.02146], [-225.736775, 7.021484], [-225.736824, 7.02159], [-225.73688, 7.021534], [-225.73688, 7.021503], [-225.736855, 7.021448], [-225.7368, 7.02146]]], [[[-225.738347, 7.021804], [-225.738344, 7.021853], [-225.738363, 7.021876], [-225.738409, 7.021873], [-225.738463, 7.021833], [-225.738455, 7.021776], [-225.738392, 7.021774], [-225.738347, 7.021804]]], [[[-225.740322, 7.021921], [-225.740362, 7.021925], [-225.740542, 7.021886], [-225.740741, 7.021799], [-225.741047, 7.021648], [-225.741194, 7.021557], [-225.741319, 7.021449], [-225.741405, 7.021362], [-225.741706, 7.021052], [-225.741814, 7.020909], [-225.741874, 7.02078], [-225.741909, 7.020672], [-225.741913, 7.020612], [-225.741878, 7.020556], [-225.741844, 7.020525], [-225.741602, 7.020393], [-225.74155, 7.020375], [-225.741511, 7.020392], [-225.740032, 7.020981], [-225.739691, 7.020939], [-225.739609, 7.020943], [-225.739566, 7.020977], [-225.739548, 7.021046], [-225.739558, 7.021128], [-225.739765, 7.021611], [-225.740064, 7.021865], [-225.740322, 7.021921]]], [[[-225.739997, 7.021965], [-225.739889, 7.022042], [-225.739921, 7.022079], [-225.739989, 7.022072], [-225.740072, 7.022024], [-225.74012, 7.021984], [-225.74006, 7.021919], [-225.739997, 7.021965]]], [[[-225.737852, 7.022411], [-225.73784, 7.022447], [-225.737847, 7.022539], [-225.73792, 7.022539], [-225.737926, 7.022497], [-225.737926, 7.022404], [-225.737852, 7.022411]]], [[[-225.738722, 7.022986], [-225.738579, 7.02306], [-225.738554, 7.023092], [-225.738565, 7.023129], [-225.738611, 7.02316], [-225.738665, 7.02314], [-225.738736, 7.023081], [-225.738767, 7.02302], [-225.738722, 7.022986]]], [[[-225.736361, 7.023979], [-225.736428, 7.024034], [-225.73649, 7.02401], [-225.73649, 7.023935], [-225.73641, 7.023917], [-225.736361, 7.023979]]], [[[-225.739324, 7.024275], [-225.739294, 7.024288], [-225.739293, 7.024343], [-225.739343, 7.024392], [-225.739417, 7.024379], [-225.739447, 7.024312], [-225.739416, 7.024263], [-225.739368, 7.024263], [-225.739324, 7.024275]]], [[[-225.737425, 7.024364], [-225.7374, 7.024376], [-225.737369, 7.024426], [-225.737376, 7.024493], [-225.737462, 7.024511], [-225.737492, 7.024505], [-225.737524, 7.024462], [-225.737505, 7.024413], [-225.73748, 7.024364], [-225.737425, 7.024364]]], [[[-225.725153, 7.024656], [-225.725114, 7.024657], [-225.725025, 7.024686], [-225.725047, 7.024813], [-225.725184, 7.024847], [-225.725235, 7.024844], [-225.725271, 7.024771], [-225.725258, 7.02468], [-225.72522, 7.024643], [-225.725153, 7.024656]]], [[[-225.736952, 7.024825], [-225.73702, 7.024856], [-225.737045, 7.024831], [-225.737044, 7.024739], [-225.736977, 7.024727], [-225.736952, 7.024825]]], [[[-225.73694, 7.02512], [-225.736996, 7.025089], [-225.737009, 7.025059], [-225.736989, 7.025003], [-225.736904, 7.025034], [-225.73694, 7.02512]]], [[[-225.721913, 7.025207], [-225.722029, 7.025204], [-225.722397, 7.025169], [-225.723875, 7.024889], [-225.730843, 7.023551], [-225.73324, 7.020278], [-225.732976, 7.019238], [-225.732135, 7.018239], [-225.732069, 7.018178], [-225.732015, 7.018151], [-225.731805, 7.018085], [-225.731763, 7.018082], [-225.731312, 7.018082], [-225.73119, 7.018089], [-225.727444, 7.01853], [-225.727072, 7.018682], [-225.726514, 7.018919], [-225.725994, 7.01921], [-225.725274, 7.019622], [-225.724729, 7.019987], [-225.72402, 7.020474], [-225.722231, 7.021927], [-225.72176, 7.022384], [-225.721636, 7.022507], [-225.721491, 7.022666], [-225.721269, 7.022979], [-225.720799, 7.023874], [-225.720768, 7.024022], [-225.720784, 7.024212], [-225.720846, 7.024352], [-225.720934, 7.024493], [-225.721048, 7.02464], [-225.721546, 7.025029], [-225.721737, 7.02516], [-225.721913, 7.025207]]], [[[-225.728807, 7.026824], [-225.729043, 7.026837], [-225.729131, 7.026817], [-225.729214, 7.02678], [-225.729257, 7.026731], [-225.729624, 7.02581], [-225.729609, 7.025683], [-225.729575, 7.025593], [-225.729414, 7.025431], [-225.729241, 7.025399], [-225.729159, 7.025399], [-225.729139, 7.025412], [-225.728908, 7.025651], [-225.728885, 7.02569], [-225.728806, 7.025872], [-225.728674, 7.026599], [-225.728682, 7.026648], [-225.728715, 7.026754], [-225.728738, 7.026794], [-225.728768, 7.026814], [-225.728807, 7.026824]]], [[[-225.728683, 7.027259], [-225.728653, 7.027288], [-225.728619, 7.027366], [-225.728626, 7.027401], [-225.728681, 7.027421], [-225.728711, 7.02742], [-225.728737, 7.027395], [-225.728748, 7.027368], [-225.728738, 7.027288], [-225.728722, 7.027256], [-225.728683, 7.027259]]], [[[-225.735738, 7.027619], [-225.73615, 7.028311], [-225.736459, 7.028488], [-225.736535, 7.028504], [-225.736635, 7.028498], [-225.736653, 7.028486], [-225.73698, 7.027816], [-225.737239, 7.027161], [-225.73731, 7.026978], [-225.737371, 7.026735], [-225.737376, 7.026454], [-225.737367, 7.026419], [-225.737343, 7.026396], [-225.736967, 7.026148], [-225.736903, 7.026151], [-225.736658, 7.026231], [-225.736332, 7.0264], [-225.736205, 7.026497], [-225.736084, 7.026606], [-225.735948, 7.026836], [-225.735758, 7.027214], [-225.735738, 7.027269], [-225.735711, 7.02742], [-225.735738, 7.027619]]], [[[-225.73678, 7.032867], [-225.736756, 7.032885], [-225.736684, 7.032956], [-225.736641, 7.033015], [-225.736603, 7.03313], [-225.736663, 7.033201], [-225.736736, 7.033233], [-225.736798, 7.033235], [-225.736883, 7.0332], [-225.736942, 7.033135], [-225.73695, 7.033107], [-225.736954, 7.033011], [-225.736951, 7.032946], [-225.736933, 7.032923], [-225.736859, 7.032863], [-225.73678, 7.032867]]], [[[-225.703495, 7.036639], [-225.70466, 7.03666], [-225.704841, 7.03666], [-225.704924, 7.036606], [-225.704947, 7.036516], [-225.704947, 7.036425], [-225.704916, 7.036335], [-225.704878, 7.036252], [-225.704825, 7.036176], [-225.704765, 7.036108], [-225.704568, 7.035912], [-225.704499, 7.035851], [-225.704416, 7.035806], [-225.703788, 7.035573], [-225.703698, 7.035543], [-225.703418, 7.03549], [-225.703236, 7.03546], [-225.703145, 7.035453], [-225.702661, 7.035423], [-225.70201, 7.035424], [-225.701919, 7.03544], [-225.701867, 7.035515], [-225.70186, 7.035606], [-225.701859, 7.035697], [-225.701905, 7.03578], [-225.701966, 7.035855], [-225.702807, 7.036466], [-225.702889, 7.036504], [-225.702981, 7.036534], [-225.703253, 7.036601], [-225.703374, 7.036631], [-225.703495, 7.036639]]], [[[-225.733455, 7.036904], [-225.733466, 7.036956], [-225.733539, 7.036967], [-225.733554, 7.036936], [-225.733539, 7.036883], [-225.733487, 7.036874], [-225.733455, 7.036904]]], [[[-225.731145, 7.049391], [-225.731322, 7.049378], [-225.731855, 7.049289], [-225.73303, 7.049029], [-225.733578, 7.048793], [-225.740768, 7.045426], [-225.744234, 7.043691], [-225.74723, 7.038871], [-225.747884, 7.037522], [-225.748231, 7.036816], [-225.749242, 7.034816], [-225.749454, 7.03444], [-225.749932, 7.033675], [-225.750808, 7.032331], [-225.75326, 7.028632], [-225.75336, 7.028483], [-225.753906, 7.027687], [-225.759109, 7.020737], [-225.764965, 7.017372], [-225.765698, 7.017153], [-225.765919, 7.017086], [-225.766775, 7.016745], [-225.770465, 7.015179], [-225.773298, 7.013789], [-225.773368, 7.013754], [-225.77411, 7.013297], [-225.774932, 7.012694], [-225.775149, 7.012512], [-225.775543, 7.01214], [-225.775777, 7.011887], [-225.77627, 7.011266], [-225.776694, 7.010647], [-225.77683, 7.010339], [-225.777713, 7.008312], [-225.77787, 7.007475], [-225.777888, 7.007281], [-225.777937, 7.001813], [-225.777227, 6.986412], [-225.776947, 6.978671], [-225.776965, 6.97812], [-225.776781, 6.977044], [-225.776443, 6.975258], [-225.776192, 6.974764], [-225.776058, 6.974608], [-225.775178, 6.973631], [-225.775006, 6.973445], [-225.774965, 6.973421], [-225.774876, 6.973415], [-225.774805, 6.973457], [-225.774618, 6.973614], [-225.771927, 6.975972], [-225.769076, 6.982151], [-225.769184, 6.982459], [-225.769321, 6.98294], [-225.76937, 6.983156], [-225.769371, 6.983709], [-225.769313, 6.984351], [-225.769215, 6.984841], [-225.769095, 6.985339], [-225.768967, 6.985676], [-225.768898, 6.985824], [-225.767722, 6.987574], [-225.7672, 6.988185], [-225.765227, 6.989568], [-225.761166, 6.990714], [-225.760627, 6.990634], [-225.760345, 6.990498], [-225.759752, 6.990036], [-225.759555, 6.989824], [-225.757119, 6.99075], [-225.751091, 6.994362], [-225.745718, 6.998225], [-225.734902, 7.006957], [-225.733527, 7.011785], [-225.734777, 7.011591], [-225.735277, 7.01154], [-225.734034, 7.013505], [-225.733399, 7.014211], [-225.73451, 7.018104], [-225.735745, 7.018514], [-225.737015, 7.018275], [-225.738154, 7.017292], [-225.739789, 7.015066], [-225.740034, 7.014724], [-225.740065, 7.014677], [-225.740096, 7.014619], [-225.740119, 7.014491], [-225.740103, 7.014417], [-225.739799, 7.013413], [-225.739197, 7.012699], [-225.738835, 7.012375], [-225.738694, 7.012089], [-225.738497, 7.011247], [-225.738389, 7.00978], [-225.738924, 7.007063], [-225.739043, 7.006761], [-225.73911, 7.00668], [-225.741139, 7.005492], [-225.742942, 7.004698], [-225.744457, 7.004139], [-225.743599, 7.015655], [-225.743484, 7.016194], [-225.740539, 7.017338], [-225.739904, 7.017777], [-225.738802, 7.018725], [-225.738687, 7.019859], [-225.739913, 7.020343], [-225.741264, 7.019261], [-225.743627, 7.017508], [-225.74402, 7.017296], [-225.755803, 7.013388], [-225.748526, 7.020074], [-225.746416, 7.021772], [-225.742378, 7.023301], [-225.741396, 7.023716], [-225.73856, 7.026308], [-225.738039, 7.029332], [-225.737062, 7.033246], [-225.736914, 7.033376], [-225.736788, 7.033485], [-225.736091, 7.033278], [-225.736297, 7.033148], [-225.736804, 7.03265], [-225.736975, 7.031971], [-225.736891, 7.030835], [-225.736723, 7.029933], [-225.736246, 7.029822], [-225.735673, 7.029917], [-225.730904, 7.030716], [-225.730767, 7.030744], [-225.73063, 7.030854], [-225.730542, 7.030934], [-225.730364, 7.031194], [-225.730336, 7.031292], [-225.730104, 7.033397], [-225.730256, 7.033716], [-225.730481, 7.033912], [-225.730832, 7.034041], [-225.731296, 7.034107], [-225.732728, 7.034147], [-225.733044, 7.033954], [-225.734227, 7.034922], [-225.733357, 7.039849], [-225.732594, 7.043346], [-225.731504, 7.046718], [-225.731386, 7.046654], [-225.73123, 7.046694], [-225.731146, 7.046739], [-225.731032, 7.046804], [-225.730405, 7.047589], [-225.730298, 7.047799], [-225.730262, 7.048004], [-225.730565, 7.04913], [-225.730835, 7.049371], [-225.731145, 7.049391]]], [[[-225.742358, 7.052956], [-225.742294, 7.052974], [-225.742248, 7.053073], [-225.742269, 7.053246], [-225.742324, 7.053437], [-225.742356, 7.053516], [-225.742427, 7.053553], [-225.74251, 7.053472], [-225.742574, 7.053215], [-225.74253, 7.053049], [-225.74241, 7.052952], [-225.742358, 7.052956]]], [[[-225.73101, 7.056328], [-225.731089, 7.056291], [-225.731215, 7.056062], [-225.731195, 7.055936], [-225.731129, 7.055844], [-225.731049, 7.05579], [-225.730929, 7.055712], [-225.730812, 7.055648], [-225.7307, 7.0557], [-225.730616, 7.055795], [-225.73054, 7.055904], [-225.730532, 7.056012], [-225.730595, 7.056213], [-225.73066, 7.056303], [-225.73074, 7.056321], [-225.73101, 7.056328]]], [[[-225.730516, 7.056917], [-225.730482, 7.056956], [-225.730472, 7.056992], [-225.730514, 7.05701], [-225.730553, 7.057004], [-225.730577, 7.05694], [-225.730543, 7.056914], [-225.730516, 7.056917]]], [[[-225.729792, 7.057178], [-225.729778, 7.057202], [-225.729818, 7.057208], [-225.729842, 7.057179], [-225.729814, 7.057154], [-225.729792, 7.057178]]], [[[-225.730256, 7.057126], [-225.730257, 7.057249], [-225.730299, 7.05727], [-225.730341, 7.057252], [-225.73041, 7.057189], [-225.730431, 7.057145], [-225.7304, 7.05709], [-225.730366, 7.05708], [-225.730256, 7.057126]]], [[[-225.729732, 7.057277], [-225.729761, 7.057269], [-225.729756, 7.057233], [-225.729716, 7.05722], [-225.729687, 7.057238], [-225.729732, 7.057277]]], [[[-225.729848, 7.057291], [-225.72986, 7.057324], [-225.729892, 7.057329], [-225.729919, 7.057301], [-225.729884, 7.057283], [-225.729848, 7.057291]]], [[[-225.729983, 7.057335], [-225.729959, 7.057382], [-225.730003, 7.057388], [-225.730041, 7.057342], [-225.730049, 7.057312], [-225.730015, 7.057299], [-225.729983, 7.057335]]], [[[-225.729777, 7.057327], [-225.729767, 7.05736], [-225.729797, 7.057442], [-225.729834, 7.057468], [-225.729907, 7.057396], [-225.729894, 7.057359], [-225.729834, 7.057325], [-225.729804, 7.057313], [-225.729777, 7.057327]]], [[[-225.729926, 7.057536], [-225.730003, 7.057587], [-225.730093, 7.057629], [-225.730254, 7.057525], [-225.730298, 7.057445], [-225.730299, 7.057408], [-225.730302, 7.057316], [-225.73025, 7.05731], [-225.729978, 7.057437], [-225.729942, 7.057474], [-225.729926, 7.057507], [-225.729926, 7.057536]]], [[[-225.724033, 7.057942], [-225.723991, 7.057981], [-225.723945, 7.058063], [-225.72386, 7.058441], [-225.723861, 7.058476], [-225.723878, 7.058532], [-225.723935, 7.058604], [-225.723988, 7.058635], [-225.724058, 7.058631], [-225.724151, 7.058613], [-225.72421, 7.058543], [-225.724253, 7.058462], [-225.724358, 7.058207], [-225.724358, 7.058175], [-225.724341, 7.058115], [-225.72427, 7.058055], [-225.724129, 7.057935], [-225.724061, 7.057928], [-225.724033, 7.057942]]], [[[-225.728165, 7.058912], [-225.728189, 7.058933], [-225.728214, 7.058945], [-225.728225, 7.05892], [-225.728212, 7.058885], [-225.728183, 7.058885], [-225.728165, 7.058912]]], [[[-225.726923, 7.060586], [-225.726913, 7.060617], [-225.726935, 7.060639], [-225.726962, 7.060635], [-225.726982, 7.060613], [-225.726962, 7.060583], [-225.726923, 7.060586]]], [[[-225.726406, 7.061342], [-225.726406, 7.061377], [-225.726456, 7.061442], [-225.726491, 7.061432], [-225.726508, 7.061361], [-225.72649, 7.06134], [-225.726459, 7.06133], [-225.726406, 7.061342]]], [[[-225.725616, 7.061644], [-225.72561, 7.061678], [-225.725654, 7.061697], [-225.725678, 7.061675], [-225.725684, 7.061635], [-225.725637, 7.061613], [-225.725616, 7.061644]]], [[[-225.725659, 7.061783], [-225.725651, 7.061843], [-225.725706, 7.061842], [-225.725725, 7.061805], [-225.725712, 7.061774], [-225.725659, 7.061783]]], [[[-225.721863, 7.062998], [-225.7218, 7.063013], [-225.721797, 7.063088], [-225.721813, 7.063112], [-225.721859, 7.063134], [-225.721977, 7.063131], [-225.721987, 7.063096], [-225.721975, 7.063038], [-225.72194, 7.062998], [-225.721863, 7.062998]]], [[[-225.742762, 7.063706], [-225.742778, 7.063749], [-225.742825, 7.063757], [-225.742861, 7.063746], [-225.742861, 7.063714], [-225.742853, 7.063642], [-225.742805, 7.063642], [-225.742762, 7.063706]]], [[[-225.742539, 7.063722], [-225.742538, 7.063758], [-225.742567, 7.063797], [-225.742627, 7.063801], [-225.742655, 7.063797], [-225.742654, 7.063722], [-225.742618, 7.063714], [-225.742587, 7.063714], [-225.742539, 7.063722]]], [[[-225.742594, 7.063885], [-225.742563, 7.063912], [-225.742563, 7.063952], [-225.742571, 7.063981], [-225.742598, 7.064044], [-225.742651, 7.064151], [-225.742703, 7.064211], [-225.742722, 7.064183], [-225.742726, 7.064144], [-225.742727, 7.064], [-225.742726, 7.063972], [-225.742678, 7.063897], [-225.742627, 7.063884], [-225.742594, 7.063885]]], [[[-225.747049, 7.065391], [-225.747024, 7.065417], [-225.747044, 7.065449], [-225.747107, 7.065526], [-225.747122, 7.065542], [-225.747146, 7.065544], [-225.747158, 7.065526], [-225.74714, 7.065439], [-225.747078, 7.06539], [-225.747049, 7.065391]]], [[[-225.746636, 7.065451], [-225.746612, 7.065468], [-225.746605, 7.065496], [-225.74661, 7.065528], [-225.746627, 7.065555], [-225.746657, 7.065584], [-225.7467, 7.065607], [-225.74674, 7.065621], [-225.746788, 7.065627], [-225.746834, 7.06562], [-225.746861, 7.065605], [-225.746858, 7.06559], [-225.746785, 7.06546], [-225.746756, 7.065439], [-225.746722, 7.065435], [-225.746636, 7.065451]]], [[[-225.742988, 7.063632], [-225.745393, 7.065064], [-225.746353, 7.0648], [-225.745641, 7.062804], [-225.742464, 7.054307], [-225.742384, 7.054226], [-225.74156, 7.053678], [-225.741365, 7.053626], [-225.741057, 7.053551], [-225.74077, 7.053555], [-225.740445, 7.053571], [-225.740177, 7.053587], [-225.734208, 7.054201], [-225.730556, 7.05707], [-225.730516, 7.057106], [-225.730368, 7.057314], [-225.73023, 7.057957], [-225.730426, 7.059824], [-225.73047, 7.060032], [-225.730576, 7.060377], [-225.730601, 7.060439], [-225.730941, 7.0608], [-225.732868, 7.0623], [-225.733394, 7.062485], [-225.733474, 7.062487], [-225.733514, 7.062483], [-225.733643, 7.062467], [-225.733659, 7.062459], [-225.733767, 7.062375], [-225.733786, 7.062354], [-225.733961, 7.061864], [-225.733978, 7.061814], [-225.733941, 7.061597], [-225.73389, 7.061454], [-225.733779, 7.061261], [-225.733533, 7.061024], [-225.733302, 7.060824], [-225.733189, 7.060824], [-225.733094, 7.060813], [-225.733022, 7.060779], [-225.732894, 7.060685], [-225.732855, 7.060628], [-225.732715, 7.060212], [-225.732706, 7.060034], [-225.73282, 7.059733], [-225.732884, 7.059592], [-225.733428, 7.05902], [-225.733571, 7.058914], [-225.733863, 7.058849], [-225.735925, 7.058586], [-225.736203, 7.058552], [-225.739306, 7.060227], [-225.740694, 7.060981], [-225.74102, 7.061223], [-225.741344, 7.061519], [-225.741707, 7.06188], [-225.74195, 7.062149], [-225.742116, 7.062339], [-225.74281, 7.063269], [-225.742988, 7.063632]]], [[[-225.717751, 7.066599], [-225.717918, 7.066543], [-225.718446, 7.066092], [-225.718459, 7.066053], [-225.718512, 7.065779], [-225.71851, 7.06565], [-225.718492, 7.065539], [-225.718217, 7.065038], [-225.718034, 7.064801], [-225.717785, 7.064681], [-225.717297, 7.064571], [-225.717235, 7.064571], [-225.716935, 7.064677], [-225.716865, 7.064733], [-225.716467, 7.065153], [-225.716467, 7.065294], [-225.716474, 7.065398], [-225.716503, 7.065501], [-225.716961, 7.066251], [-225.717221, 7.06655], [-225.717316, 7.066596], [-225.717751, 7.066599]]], [[[-225.721099, 7.066919], [-225.721138, 7.066936], [-225.721226, 7.066967], [-225.721291, 7.066984], [-225.721413, 7.066984], [-225.721785, 7.066948], [-225.723715, 7.066601], [-225.724497, 7.066433], [-225.725348, 7.066149], [-225.726073, 7.065886], [-225.726242, 7.065811], [-225.726325, 7.065772], [-225.728581, 7.063147], [-225.728961, 7.062662], [-225.729323, 7.062186], [-225.730341, 7.060489], [-225.730221, 7.059177], [-225.730201, 7.058997], [-225.730127, 7.058807], [-225.730074, 7.058682], [-225.729941, 7.058507], [-225.729885, 7.058459], [-225.729743, 7.058349], [-225.729703, 7.05832], [-225.72948, 7.058302], [-225.729442, 7.0583], [-225.729314, 7.058314], [-225.729111, 7.058398], [-225.728987, 7.058457], [-225.728868, 7.058517], [-225.728793, 7.058564], [-225.728679, 7.058648], [-225.727934, 7.059435], [-225.727622, 7.059795], [-225.727385, 7.060076], [-225.727189, 7.060359], [-225.727057, 7.060562], [-225.72682, 7.061014], [-225.726638, 7.061323], [-225.726534, 7.061494], [-225.726466, 7.061559], [-225.726341, 7.06165], [-225.725305, 7.062194], [-225.724679, 7.062478], [-225.723536, 7.062951], [-225.722189, 7.063277], [-225.721452, 7.063703], [-225.720758, 7.065005], [-225.720695, 7.065131], [-225.720689, 7.065305], [-225.720701, 7.066171], [-225.720706, 7.06652], [-225.721002, 7.066854], [-225.721099, 7.066919]]], [[[-225.671638, 7.083573], [-225.671546, 7.083612], [-225.671291, 7.083735], [-225.671029, 7.083874], [-225.670867, 7.083967], [-225.668762, 7.084856], [-225.668576, 7.084903], [-225.668392, 7.084957], [-225.668191, 7.085027], [-225.667829, 7.085166], [-225.667551, 7.085297], [-225.667467, 7.085352], [-225.667081, 7.08566], [-225.667019, 7.08573], [-225.667004, 7.085915], [-225.667058, 7.086076], [-225.667113, 7.086192], [-225.667221, 7.0862], [-225.667313, 7.086199], [-225.669981, 7.085209], [-225.670074, 7.085171], [-225.670414, 7.084985], [-225.672155, 7.083942], [-225.672217, 7.083873], [-225.672217, 7.08378], [-225.672078, 7.083657], [-225.672001, 7.083603], [-225.671916, 7.083557], [-225.671823, 7.083542], [-225.67173, 7.083542], [-225.671638, 7.083573]]], [[[-225.666225, 7.08587], [-225.66614, 7.085916], [-225.666063, 7.08597], [-225.665994, 7.086032], [-225.665932, 7.086109], [-225.665916, 7.086202], [-225.665917, 7.086302], [-225.666002, 7.086471], [-225.666079, 7.086525], [-225.666171, 7.086556], [-225.666265, 7.086555], [-225.666357, 7.08654], [-225.666457, 7.086516], [-225.666542, 7.086478], [-225.666627, 7.086432], [-225.666689, 7.086362], [-225.666642, 7.08617], [-225.666596, 7.086069], [-225.666502, 7.085885], [-225.666411, 7.085862], [-225.666317, 7.085862], [-225.666225, 7.08587]]], [[[-225.735538, 7.089116], [-225.735574, 7.089134], [-225.735655, 7.089128], [-225.735965, 7.089089], [-225.736008, 7.08905], [-225.736026, 7.089016], [-225.736015, 7.088979], [-225.735855, 7.088908], [-225.735785, 7.08888], [-225.735724, 7.088891], [-225.735517, 7.088949], [-225.735505, 7.088973], [-225.735538, 7.089116]]], [[[-225.734453, 7.089179], [-225.734405, 7.089234], [-225.734409, 7.089259], [-225.73444, 7.0893], [-225.734464, 7.089326], [-225.734526, 7.089362], [-225.734609, 7.089362], [-225.734643, 7.089352], [-225.734681, 7.089306], [-225.734699, 7.089279], [-225.734709, 7.089245], [-225.734664, 7.08922], [-225.734546, 7.089172], [-225.734453, 7.089179]]], [[[-225.731877, 7.089235], [-225.732598, 7.089239], [-225.737213, 7.088505], [-225.738051, 7.088259], [-225.738238, 7.088168], [-225.739022, 7.087639], [-225.739294, 7.087376], [-225.739384, 7.086891], [-225.739368, 7.086806], [-225.739031, 7.086534], [-225.738897, 7.086481], [-225.738774, 7.086438], [-225.73855, 7.086364], [-225.738427, 7.086349], [-225.738326, 7.086353], [-225.733498, 7.087626], [-225.733226, 7.087717], [-225.73059, 7.088825], [-225.730493, 7.088906], [-225.730482, 7.08897], [-225.730547, 7.08905], [-225.730659, 7.08913], [-225.730804, 7.089178], [-225.731562, 7.089229], [-225.731877, 7.089235]]], [[[-225.729221, 7.089334], [-225.72911, 7.089361], [-225.729019, 7.089399], [-225.72895, 7.089468], [-225.72895, 7.089542], [-225.728983, 7.089617], [-225.729094, 7.089643], [-225.729264, 7.089637], [-225.729514, 7.089621], [-225.729615, 7.089594], [-225.729694, 7.089541], [-225.729716, 7.089446], [-225.729689, 7.089376], [-225.729572, 7.089339], [-225.729348, 7.089318], [-225.729221, 7.089334]]], [[[-225.73746, 7.089625], [-225.737391, 7.089663], [-225.737338, 7.089717], [-225.73734, 7.089754], [-225.737362, 7.089776], [-225.737396, 7.0898], [-225.737424, 7.089796], [-225.737473, 7.089772], [-225.737646, 7.089683], [-225.737675, 7.089635], [-225.737677, 7.089624], [-225.737654, 7.089586], [-225.737519, 7.089585], [-225.73746, 7.089625]]], [[[-225.731899, 7.093198], [-225.731952, 7.09324], [-225.73204, 7.093193], [-225.732069, 7.093144], [-225.732059, 7.093106], [-225.731967, 7.093101], [-225.731952, 7.093111], [-225.731899, 7.093164], [-225.731899, 7.093198]]], [[[-225.732399, 7.093584], [-225.732843, 7.093745], [-225.733547, 7.093903], [-225.73817, 7.090359], [-225.738194, 7.090049], [-225.737964, 7.08969], [-225.735768, 7.090343], [-225.735137, 7.090556], [-225.734601, 7.090772], [-225.734154, 7.091001], [-225.732571, 7.092552], [-225.732234, 7.092967], [-225.732229, 7.093067], [-225.732399, 7.093584]]], [[[-225.728555, 7.0951], [-225.728526, 7.095154], [-225.728519, 7.095172], [-225.728532, 7.095232], [-225.728628, 7.095231], [-225.728669, 7.095225], [-225.7287, 7.095154], [-225.728681, 7.09513], [-225.728646, 7.095094], [-225.728598, 7.095094], [-225.728555, 7.0951]]], [[[-225.725593, 7.095653], [-225.72556, 7.095677], [-225.725554, 7.095744], [-225.725575, 7.09578], [-225.725627, 7.095761], [-225.725657, 7.095732], [-225.725678, 7.095702], [-225.725684, 7.095632], [-225.725614, 7.095632], [-225.725593, 7.095653]]], [[[-225.725585, 7.095892], [-225.725534, 7.095967], [-225.725515, 7.096006], [-225.725533, 7.096042], [-225.72557, 7.096065], [-225.725654, 7.096065], [-225.725691, 7.096032], [-225.72569, 7.095948], [-225.725675, 7.095882], [-225.725669, 7.095876], [-225.725585, 7.095892]]], [[[-225.72833, 7.096429], [-225.728547, 7.097015], [-225.728582, 7.097099], [-225.728678, 7.097093], [-225.728768, 7.09708], [-225.729653, 7.096444], [-225.731222, 7.095829], [-225.731476, 7.095723], [-225.731641, 7.095632], [-225.731722, 7.095583], [-225.73269, 7.094991], [-225.732905, 7.094839], [-225.732976, 7.094721], [-225.732796, 7.094138], [-225.732501, 7.093718], [-225.732289, 7.093741], [-225.730458, 7.094418], [-225.729399, 7.094913], [-225.728464, 7.095379], [-225.72812, 7.09607], [-225.72833, 7.096429]]], [[[-225.722165, 7.098823], [-225.722102, 7.098882], [-225.72206, 7.098939], [-225.722061, 7.099009], [-225.722119, 7.099073], [-225.722224, 7.09909], [-225.722311, 7.099061], [-225.722358, 7.099009], [-225.722363, 7.098933], [-225.722322, 7.098858], [-225.722252, 7.098817], [-225.722165, 7.098823]]], [[[-225.717381, 7.09728], [-225.71877, 7.098588], [-225.724342, 7.097137], [-225.72535, 7.095902], [-225.728436, 7.091091], [-225.72766, 7.089528], [-225.723375, 7.088084], [-225.720952, 7.088578], [-225.716237, 7.089744], [-225.716004, 7.091478], [-225.717381, 7.09728]]], [[[-225.756616, 7.101356], [-225.756599, 7.101387], [-225.756586, 7.101429], [-225.756596, 7.101467], [-225.756648, 7.101657], [-225.75667, 7.101688], [-225.756727, 7.101677], [-225.756863, 7.101638], [-225.756885, 7.101624], [-225.756941, 7.101541], [-225.756892, 7.101464], [-225.75673, 7.10137], [-225.756664, 7.101342], [-225.756616, 7.101356]]], [[[-225.753556, 7.101387], [-225.753279, 7.101573], [-225.753587, 7.101497], [-225.754438, 7.101386], [-225.755246, 7.101411], [-225.755943, 7.101361], [-225.755965, 7.101317], [-225.755947, 7.101233], [-225.755721, 7.101045], [-225.755615, 7.101013], [-225.755492, 7.101014], [-225.754469, 7.101038], [-225.754191, 7.101122], [-225.753763, 7.101285], [-225.753556, 7.101387]]], [[[-225.756311, 7.105889], [-225.756279, 7.105959], [-225.756275, 7.106002], [-225.756282, 7.106048], [-225.75634, 7.106128], [-225.75645, 7.106203], [-225.756556, 7.106237], [-225.756622, 7.106223], [-225.756651, 7.106201], [-225.756662, 7.106134], [-225.756598, 7.106037], [-225.756539, 7.105954], [-225.756435, 7.10587], [-225.756364, 7.105854], [-225.756311, 7.105889]]], [[[-225.756675, 7.113841], [-225.757394, 7.112923], [-225.758043, 7.106591], [-225.756853, 7.106293], [-225.754355, 7.109165], [-225.754051, 7.110306], [-225.756675, 7.113841]]], [[[-225.747233, 7.105681], [-225.746748, 7.106038], [-225.746164, 7.106623], [-225.745987, 7.106931], [-225.745452, 7.107882], [-225.745315, 7.108249], [-225.745196, 7.108734], [-225.743815, 7.112727], [-225.743787, 7.113578], [-225.746151, 7.110435], [-225.74993, 7.10637], [-225.75093, 7.105625], [-225.751326, 7.105516], [-225.751723, 7.105495], [-225.752238, 7.105478], [-225.752348, 7.105475], [-225.752635, 7.105485], [-225.752972, 7.105573], [-225.753617, 7.105819], [-225.75438, 7.105759], [-225.755519, 7.105549], [-225.755708, 7.105499], [-225.755817, 7.10541], [-225.754573, 7.103075], [-225.754345, 7.102868], [-225.752946, 7.101978], [-225.752748, 7.10195], [-225.751411, 7.102387], [-225.750272, 7.103092], [-225.749717, 7.103469], [-225.748896, 7.104084], [-225.747758, 7.105156], [-225.747233, 7.105681]]], [[[-225.741195, 7.118691], [-225.741097, 7.119364], [-225.741126, 7.12], [-225.741573, 7.120756], [-225.742083, 7.120225], [-225.742471, 7.119362], [-225.742682, 7.118612], [-225.74205, 7.11746], [-225.741979, 7.117431], [-225.741831, 7.117615], [-225.741393, 7.118245], [-225.741286, 7.118451], [-225.741195, 7.118691]]], [[[-225.635731, 7.115565], [-225.638958, 7.118643], [-225.639959, 7.11965], [-225.640814, 7.112938], [-225.637476, 7.110765], [-225.63147, 7.113043], [-225.63125, 7.113171], [-225.631177, 7.113464], [-225.631141, 7.113775], [-225.631215, 7.114086], [-225.631398, 7.114287], [-225.631912, 7.114689], [-225.632132, 7.114835], [-225.634166, 7.1154], [-225.635731, 7.115565]]], [[[-225.740239, 7.121491], [-225.74019, 7.12156], [-225.739842, 7.122336], [-225.739821, 7.122399], [-225.739816, 7.122445], [-225.739827, 7.122489], [-225.739838, 7.122519], [-225.739874, 7.122527], [-225.739906, 7.122514], [-225.739952, 7.122482], [-225.740042, 7.122373], [-225.740076, 7.12232], [-225.740269, 7.121802], [-225.740304, 7.121503], [-225.740272, 7.121488], [-225.740239, 7.121491]]], [[[-225.758031, 7.115896], [-225.760615, 7.119264], [-225.763335, 7.123419], [-225.763345, 7.123707], [-225.763422, 7.124333], [-225.763558, 7.124393], [-225.763946, 7.123392], [-225.763997, 7.123138], [-225.763979, 7.122723], [-225.763885, 7.12235], [-225.763757, 7.122054], [-225.762651, 7.119701], [-225.759532, 7.115733], [-225.759328, 7.11553], [-225.75836, 7.114927], [-225.758256, 7.114868], [-225.758163, 7.114831], [-225.758038, 7.114839], [-225.757952, 7.114868], [-225.757866, 7.114939], [-225.757797, 7.11531], [-225.757794, 7.115373], [-225.757861, 7.115591], [-225.75792, 7.115761], [-225.758031, 7.115896]]], [[[-225.739482, 7.123235], [-225.739399, 7.123279], [-225.739242, 7.123403], [-225.739023, 7.123654], [-225.738994, 7.123734], [-225.738941, 7.124541], [-225.738952, 7.124655], [-225.739002, 7.124763], [-225.739033, 7.124819], [-225.739069, 7.124839], [-225.739123, 7.124849], [-225.73916, 7.124805], [-225.73918, 7.124775], [-225.739464, 7.124109], [-225.739543, 7.12375], [-225.73961, 7.123282], [-225.739583, 7.123238], [-225.73954, 7.123225], [-225.739482, 7.123235]]], [[[-225.757, 7.124874], [-225.756908, 7.124909], [-225.756908, 7.125129], [-225.756951, 7.125165], [-225.75703, 7.125208], [-225.757101, 7.125215], [-225.757107, 7.125214], [-225.757164, 7.125143], [-225.757192, 7.125051], [-225.757192, 7.124966], [-225.757121, 7.124866], [-225.757029, 7.124866], [-225.757, 7.124874]]], [[[-225.73997, 7.125359], [-225.740026, 7.125401], [-225.740185, 7.125339], [-225.740224, 7.125317], [-225.740715, 7.1249], [-225.740751, 7.124842], [-225.740761, 7.12459], [-225.740725, 7.124507], [-225.740642, 7.124471], [-225.740508, 7.124429], [-225.740476, 7.124432], [-225.740145, 7.12455], [-225.740024, 7.124616], [-225.739905, 7.124695], [-225.739871, 7.124751], [-225.739846, 7.124854], [-225.739827, 7.124985], [-225.739816, 7.125127], [-225.739821, 7.125172], [-225.739838, 7.125231], [-225.739861, 7.125259], [-225.73997, 7.125359]]], [[[-225.763029, 7.12482], [-225.762963, 7.124832], [-225.7629, 7.124899], [-225.762883, 7.125012], [-225.762846, 7.12548], [-225.762855, 7.125902], [-225.762898, 7.126232], [-225.762927, 7.126339], [-225.762973, 7.126393], [-225.763015, 7.126406], [-225.763047, 7.1264], [-225.763076, 7.126377], [-225.763473, 7.125237], [-225.763452, 7.125119], [-225.763402, 7.125023], [-225.763327, 7.124894], [-225.763259, 7.12484], [-225.763176, 7.124819], [-225.763029, 7.12482]]], [[[-225.739589, 7.126462], [-225.739552, 7.126488], [-225.739528, 7.12653], [-225.739521, 7.12658], [-225.739528, 7.126723], [-225.739572, 7.126881], [-225.739618, 7.126899], [-225.739668, 7.12689], [-225.739712, 7.12687], [-225.739743, 7.126842], [-225.739777, 7.126791], [-225.739804, 7.126733], [-225.739813, 7.126684], [-225.739789, 7.126631], [-225.739768, 7.126565], [-225.739758, 7.126504], [-225.739699, 7.12647], [-225.739631, 7.126456], [-225.739589, 7.126462]]], [[[-225.761473, 7.129167], [-225.761427, 7.129231], [-225.761404, 7.129327], [-225.761391, 7.129638], [-225.761391, 7.129821], [-225.761419, 7.130085], [-225.761443, 7.130273], [-225.761552, 7.130569], [-225.761736, 7.130861], [-225.761804, 7.130966], [-225.761896, 7.130971], [-225.762006, 7.130938], [-225.762038, 7.130884], [-225.762056, 7.130829], [-225.762237, 7.129768], [-225.762255, 7.129654], [-225.762232, 7.129591], [-225.762172, 7.129526], [-225.762017, 7.129408], [-225.761903, 7.129336], [-225.761761, 7.129249], [-225.761573, 7.129167], [-225.761473, 7.129167]]], [[[-225.772224, 7.132068], [-225.772313, 7.13212], [-225.772368, 7.132135], [-225.772392, 7.132135], [-225.772577, 7.132107], [-225.772629, 7.132092], [-225.772636, 7.132033], [-225.772544, 7.132018], [-225.772525, 7.132018], [-225.772285, 7.132012], [-225.772217, 7.132027], [-225.772224, 7.132068]]], [[[-225.772789, 7.132146], [-225.772857, 7.132165], [-225.77302, 7.132208], [-225.773094, 7.132207], [-225.773127, 7.132189], [-225.773146, 7.132149], [-225.773081, 7.132094], [-225.772792, 7.132042], [-225.772722, 7.132095], [-225.772716, 7.132119], [-225.772737, 7.132146], [-225.772789, 7.132146]]], [[[-225.76998, 7.134604], [-225.770171, 7.134896], [-225.770457, 7.134775], [-225.770582, 7.134446], [-225.770582, 7.134423], [-225.770524, 7.134372], [-225.770431, 7.134315], [-225.770225, 7.134376], [-225.769951, 7.134489], [-225.76998, 7.134604]]], [[[-225.766826, 7.134211], [-225.767175, 7.135011], [-225.76733, 7.135269], [-225.767523, 7.135333], [-225.767743, 7.135365], [-225.768026, 7.135373], [-225.768188, 7.135364], [-225.769247, 7.134853], [-225.769652, 7.134546], [-225.770234, 7.133963], [-225.770397, 7.133116], [-225.76581, 7.126734], [-225.765623, 7.126475], [-225.76457, 7.125482], [-225.76448, 7.125409], [-225.764294, 7.125329], [-225.764059, 7.125298], [-225.763873, 7.125354], [-225.763816, 7.125427], [-225.763647, 7.125702], [-225.763583, 7.125856], [-225.763575, 7.126107], [-225.763765, 7.128629], [-225.764294, 7.130237], [-225.766826, 7.134211]]], [[[-225.770986, 7.135413], [-225.771037, 7.135429], [-225.771266, 7.135406], [-225.771269, 7.135393], [-225.771272, 7.13522], [-225.771178, 7.135014], [-225.771127, 7.13494], [-225.771098, 7.134899], [-225.770975, 7.13477], [-225.770827, 7.134667], [-225.770801, 7.13467], [-225.77075, 7.134721], [-225.770715, 7.134838], [-225.770714, 7.134918], [-225.770719, 7.13496], [-225.770738, 7.135114], [-225.770851, 7.135304], [-225.770909, 7.135365], [-225.770986, 7.135413]]], [[[-225.77175, 7.137405], [-225.771722, 7.137446], [-225.771773, 7.137468], [-225.771831, 7.137454], [-225.771844, 7.137401], [-225.771821, 7.137365], [-225.77175, 7.137405]]], [[[-225.621298, 7.138183], [-225.621254, 7.138215], [-225.621231, 7.138247], [-225.62121, 7.138302], [-225.621203, 7.13842], [-225.621218, 7.138476], [-225.621241, 7.138504], [-225.621264, 7.138522], [-225.621297, 7.138525], [-225.621366, 7.138502], [-225.6214, 7.138481], [-225.621419, 7.138438], [-225.621423, 7.138395], [-225.621415, 7.138349], [-225.621388, 7.138294], [-225.621327, 7.138182], [-225.621298, 7.138183]]], [[[-225.7749, 7.137324], [-225.774781, 7.137369], [-225.774617, 7.137438], [-225.773755, 7.138079], [-225.77383, 7.138174], [-225.774896, 7.137547], [-225.775049, 7.137413], [-225.775059, 7.137333], [-225.775009, 7.137289], [-225.7749, 7.137324]]], [[[-225.621183, 7.138535], [-225.621139, 7.138567], [-225.621096, 7.138608], [-225.62108, 7.138649], [-225.621075, 7.138687], [-225.621089, 7.138722], [-225.621127, 7.138813], [-225.621151, 7.138852], [-225.62119, 7.138866], [-225.621294, 7.138856], [-225.621326, 7.138835], [-225.621352, 7.1388], [-225.621364, 7.138758], [-225.621365, 7.138718], [-225.621357, 7.138683], [-225.621337, 7.138644], [-225.621291, 7.138574], [-225.621256, 7.138538], [-225.621214, 7.138522], [-225.621183, 7.138535]]], [[[-225.68951, 7.134108], [-225.693543, 7.139033], [-225.693686, 7.139169], [-225.693802, 7.139203], [-225.693917, 7.139155], [-225.694006, 7.139094], [-225.694399, 7.138156], [-225.694487, 7.137905], [-225.694432, 7.137626], [-225.693143, 7.134625], [-225.691965, 7.133954], [-225.689938, 7.133883], [-225.68951, 7.134108]]], [[[-225.649292, 7.13959], [-225.649384, 7.139648], [-225.650295, 7.139967], [-225.650381, 7.139991], [-225.650443, 7.139994], [-225.6505, 7.13998], [-225.650596, 7.139892], [-225.650599, 7.139854], [-225.650541, 7.139745], [-225.650431, 7.139623], [-225.650329, 7.139565], [-225.64921, 7.139158], [-225.649189, 7.139161], [-225.649162, 7.139209], [-225.649162, 7.139359], [-225.649224, 7.139529], [-225.649292, 7.13959]]], [[[-225.649749, 7.141084], [-225.649646, 7.141137], [-225.649596, 7.141168], [-225.649557, 7.141217], [-225.649557, 7.141267], [-225.64957, 7.141317], [-225.649621, 7.141433], [-225.649655, 7.14146], [-225.64969, 7.14146], [-225.649747, 7.141453], [-225.649842, 7.141422], [-225.649853, 7.141416], [-225.64988, 7.141397], [-225.649915, 7.141362], [-225.649933, 7.141273], [-225.649924, 7.14118], [-225.649883, 7.141128], [-225.649797, 7.141083], [-225.649749, 7.141084]]], [[[-225.637597, 7.140756], [-225.637467, 7.14085], [-225.63739, 7.140918], [-225.637243, 7.141063], [-225.637225, 7.141124], [-225.637173, 7.141335], [-225.637174, 7.141378], [-225.637197, 7.141435], [-225.637231, 7.141467], [-225.637281, 7.141479], [-225.640423, 7.141402], [-225.640506, 7.141399], [-225.641397, 7.141077], [-225.641173, 7.14093], [-225.638976, 7.140455], [-225.638655, 7.140417], [-225.638193, 7.140366], [-225.637597, 7.140756]]], [[[-225.623686, 7.141306], [-225.623661, 7.141338], [-225.623637, 7.141382], [-225.623635, 7.141431], [-225.623653, 7.141457], [-225.623681, 7.141473], [-225.623714, 7.141481], [-225.623754, 7.141474], [-225.62379, 7.141443], [-225.623805, 7.141395], [-225.623804, 7.141343], [-225.62377, 7.141308], [-225.623722, 7.141298], [-225.623686, 7.141306]]], [[[-225.624349, 7.141525], [-225.624323, 7.14157], [-225.624324, 7.141631], [-225.624332, 7.141707], [-225.62436, 7.141756], [-225.624393, 7.141783], [-225.624443, 7.141809], [-225.624514, 7.141827], [-225.624591, 7.141825], [-225.624639, 7.141797], [-225.624674, 7.141763], [-225.624682, 7.141732], [-225.624666, 7.14169], [-225.624633, 7.141625], [-225.624589, 7.141574], [-225.624525, 7.14153], [-225.62443, 7.141517], [-225.624349, 7.141525]]], [[[-225.651187, 7.14139], [-225.650944, 7.141718], [-225.650921, 7.141767], [-225.650912, 7.141813], [-225.650923, 7.141849], [-225.650936, 7.141869], [-225.650965, 7.141885], [-225.650993, 7.141884], [-225.651024, 7.14188], [-225.651046, 7.141868], [-225.651098, 7.141832], [-225.651276, 7.141702], [-225.651359, 7.141635], [-225.651389, 7.141566], [-225.651407, 7.141487], [-225.651391, 7.141415], [-225.651346, 7.141371], [-225.651284, 7.141357], [-225.651222, 7.141362], [-225.651187, 7.14139]]], [[[-225.634786, 7.142122], [-225.636078, 7.142191], [-225.636146, 7.142181], [-225.636231, 7.142123], [-225.636264, 7.142039], [-225.636305, 7.141882], [-225.636298, 7.14177], [-225.636244, 7.141651], [-225.636155, 7.141583], [-225.635917, 7.141509], [-225.635778, 7.141489], [-225.634453, 7.141691], [-225.634361, 7.141708], [-225.63431, 7.141735], [-225.634219, 7.141814], [-225.634154, 7.141909], [-225.634148, 7.142011], [-225.634216, 7.142044], [-225.634786, 7.142122]]], [[[-225.683482, 7.142454], [-225.683359, 7.142496], [-225.683279, 7.142569], [-225.683245, 7.142648], [-225.683194, 7.142926], [-225.683197, 7.143035], [-225.683259, 7.143077], [-225.683318, 7.14308], [-225.683431, 7.143046], [-225.683562, 7.142966], [-225.683655, 7.142908], [-225.683775, 7.142767], [-225.683837, 7.142605], [-225.683826, 7.142492], [-225.68374, 7.14242], [-225.683619, 7.142413], [-225.683482, 7.142454]]], [[[-225.770607, 7.139293], [-225.76994, 7.140237], [-225.76938, 7.141378], [-225.769259, 7.142865], [-225.769281, 7.142955], [-225.769338, 7.143028], [-225.769416, 7.143084], [-225.769512, 7.143083], [-225.769574, 7.143016], [-225.769781, 7.142729], [-225.769916, 7.142466], [-225.770402, 7.141488], [-225.770515, 7.141246], [-225.771102, 7.139758], [-225.771556, 7.138545], [-225.771555, 7.138449], [-225.771465, 7.13846], [-225.771297, 7.138522], [-225.771157, 7.138641], [-225.770607, 7.139293]]], [[[-225.682496, 7.143655], [-225.682438, 7.143746], [-225.682411, 7.143805], [-225.682416, 7.143837], [-225.682447, 7.143861], [-225.682471, 7.143865], [-225.682488, 7.14385], [-225.68254, 7.143782], [-225.682571, 7.143729], [-225.682587, 7.143683], [-225.68258, 7.143647], [-225.682562, 7.143632], [-225.68253, 7.143629], [-225.682496, 7.143655]]], [[[-225.631685, 7.143898], [-225.63174, 7.143902], [-225.632069, 7.143889], [-225.632212, 7.143877], [-225.632289, 7.143859], [-225.632349, 7.143831], [-225.632396, 7.143794], [-225.632453, 7.143722], [-225.632462, 7.143686], [-225.632458, 7.143651], [-225.632336, 7.143579], [-225.632115, 7.143458], [-225.631743, 7.143279], [-225.631602, 7.143288], [-225.631502, 7.143354], [-225.631436, 7.14345], [-225.631395, 7.143547], [-225.631381, 7.143627], [-225.631468, 7.14377], [-225.631534, 7.143819], [-225.631685, 7.143898]]], [[[-225.624714, 7.14379], [-225.624634, 7.143797], [-225.624431, 7.143923], [-225.624398, 7.143949], [-225.624379, 7.143989], [-225.624395, 7.144029], [-225.624461, 7.144117], [-225.624548, 7.144145], [-225.624604, 7.144145], [-225.624669, 7.144137], [-225.624717, 7.144116], [-225.62476, 7.144062], [-225.624848, 7.14395], [-225.624848, 7.143879], [-225.624827, 7.143805], [-225.624784, 7.14379], [-225.624714, 7.14379]]], [[[-225.761417, 7.144018], [-225.761247, 7.144073], [-225.761163, 7.144107], [-225.761102, 7.144162], [-225.761058, 7.144212], [-225.761019, 7.14429], [-225.761012, 7.144421], [-225.761037, 7.144479], [-225.761067, 7.1445], [-225.761114, 7.1445], [-225.761189, 7.144474], [-225.761287, 7.144434], [-225.761396, 7.144382], [-225.761467, 7.144319], [-225.761566, 7.144196], [-225.761603, 7.144117], [-225.761595, 7.144062], [-225.761564, 7.144031], [-225.761496, 7.144017], [-225.761417, 7.144018]]], [[[-225.627901, 7.14386], [-225.628275, 7.144424], [-225.628328, 7.14449], [-225.62846, 7.1446], [-225.628605, 7.144687], [-225.628912, 7.144801], [-225.629056, 7.144823], [-225.629245, 7.144804], [-225.629411, 7.144725], [-225.629889, 7.144444], [-225.629985, 7.14437], [-225.630065, 7.144281], [-225.630086, 7.144208], [-225.630056, 7.144032], [-225.630003, 7.143874], [-225.629928, 7.143822], [-225.628216, 7.143391], [-225.628111, 7.143391], [-225.627664, 7.143553], [-225.627625, 7.143576], [-225.627603, 7.143632], [-225.627612, 7.143702], [-225.627682, 7.143781], [-225.627756, 7.143825], [-225.627827, 7.143855], [-225.627901, 7.14386]]], [[[-225.76271, 7.144546], [-225.762756, 7.144622], [-225.762853, 7.144687], [-225.763061, 7.144768], [-225.764276, 7.144766], [-225.764469, 7.144695], [-225.764576, 7.144654], [-225.764641, 7.144594], [-225.764692, 7.144522], [-225.764859, 7.144157], [-225.764803, 7.144075], [-225.764258, 7.143442], [-225.764203, 7.143428], [-225.764136, 7.143412], [-225.76402, 7.143416], [-225.763964, 7.143438], [-225.763629, 7.143656], [-225.763294, 7.143956], [-225.76273, 7.144465], [-225.76271, 7.144546]]], [[[-225.763094, 7.145107], [-225.76308, 7.145149], [-225.763115, 7.14519], [-225.76317, 7.145221], [-225.763243, 7.145211], [-225.763261, 7.145173], [-225.763225, 7.145075], [-225.763104, 7.145062], [-225.763094, 7.145107]]], [[[-225.681805, 7.144476], [-225.681499, 7.145283], [-225.681504, 7.145327], [-225.68154, 7.145358], [-225.68161, 7.145366], [-225.681646, 7.145356], [-225.682082, 7.14513], [-225.682193, 7.145025], [-225.682329, 7.144772], [-225.682419, 7.144558], [-225.682473, 7.144414], [-225.682494, 7.144349], [-225.682478, 7.14431], [-225.682437, 7.144269], [-225.682393, 7.144246], [-225.681887, 7.144368], [-225.681835, 7.144402], [-225.681805, 7.144476]]], [[[-225.628653, 7.14641], [-225.62984, 7.146579], [-225.629924, 7.146575], [-225.63064, 7.146494], [-225.630712, 7.146461], [-225.630843, 7.146392], [-225.631062, 7.146238], [-225.631102, 7.14618], [-225.631099, 7.146103], [-225.631073, 7.146056], [-225.630741, 7.145867], [-225.630609, 7.145797], [-225.630485, 7.14578], [-225.629458, 7.145642], [-225.629031, 7.145588], [-225.628652, 7.145582], [-225.628378, 7.145877], [-225.628346, 7.145939], [-225.62832, 7.146034], [-225.628324, 7.146089], [-225.628353, 7.146154], [-225.62855, 7.146399], [-225.628653, 7.14641]]], [[[-225.759705, 7.146943], [-225.759701, 7.147008], [-225.7597, 7.147048], [-225.759713, 7.147071], [-225.759756, 7.147093], [-225.759819, 7.147098], [-225.759877, 7.147096], [-225.759927, 7.147086], [-225.759994, 7.147038], [-225.760032, 7.147], [-225.76008, 7.1469], [-225.760085, 7.146847], [-225.760054, 7.146812], [-225.760016, 7.146787], [-225.759969, 7.146804], [-225.759748, 7.146918], [-225.759705, 7.146943]]], [[[-225.76907, 7.146777], [-225.769194, 7.146848], [-225.769503, 7.146646], [-225.769659, 7.144139], [-225.769643, 7.14406], [-225.769614, 7.14406], [-225.76939, 7.144071], [-225.769311, 7.144117], [-225.769238, 7.144173], [-225.769096, 7.144725], [-225.768902, 7.145556], [-225.768842, 7.145971], [-225.768873, 7.14644], [-225.76901, 7.146706], [-225.76907, 7.146777]]], [[[-225.657866, 7.147238], [-225.657867, 7.147261], [-225.657878, 7.147277], [-225.657933, 7.147336], [-225.657956, 7.147356], [-225.657988, 7.14736], [-225.658024, 7.147349], [-225.658057, 7.147335], [-225.658145, 7.147271], [-225.658142, 7.147244], [-225.658126, 7.147217], [-225.658103, 7.147214], [-225.657988, 7.147201], [-225.657941, 7.147193], [-225.657899, 7.147191], [-225.657879, 7.14721], [-225.657866, 7.147238]]], [[[-225.674075, 7.147922], [-225.674177, 7.147947], [-225.674361, 7.147981], [-225.674453, 7.14798], [-225.674544, 7.147963], [-225.674611, 7.147896], [-225.67462, 7.147804], [-225.674611, 7.147712], [-225.674569, 7.147629], [-225.674494, 7.147562], [-225.674267, 7.147387], [-225.674184, 7.147328], [-225.674092, 7.147311], [-225.674, 7.147304], [-225.673908, 7.147313], [-225.67369, 7.147488], [-225.673673, 7.14758], [-225.673674, 7.147672], [-225.673724, 7.147756], [-225.673782, 7.147831], [-225.673849, 7.147898], [-225.673933, 7.147939], [-225.674075, 7.147922]]], [[[-225.679324, 7.147256], [-225.679692, 7.148059], [-225.679816, 7.148206], [-225.679904, 7.148249], [-225.680036, 7.148249], [-225.681331, 7.148115], [-225.681708, 7.145973], [-225.681525, 7.145842], [-225.680785, 7.14517], [-225.680639, 7.144981], [-225.680521, 7.14384], [-225.68054, 7.143366], [-225.680613, 7.143092], [-225.680764, 7.142892], [-225.680906, 7.142805], [-225.681019, 7.142842], [-225.681088, 7.142948], [-225.682324, 7.142478], [-225.684752, 7.140204], [-225.684869, 7.13999], [-225.68479, 7.139805], [-225.684292, 7.139358], [-225.684117, 7.139308], [-225.683902, 7.139289], [-225.683736, 7.139319], [-225.68359, 7.139368], [-225.681272, 7.140951], [-225.680474, 7.141664], [-225.680393, 7.141764], [-225.680126, 7.142331], [-225.679983, 7.14265], [-225.679535, 7.144022], [-225.679401, 7.144515], [-225.679177, 7.14681], [-225.679266, 7.147102], [-225.679324, 7.147256]]], [[[-225.660563, 7.148895], [-225.661065, 7.14899], [-225.660852, 7.148526], [-225.659505, 7.147616], [-225.658756, 7.147525], [-225.658736, 7.147537], [-225.658718, 7.147565], [-225.658699, 7.147606], [-225.658692, 7.147646], [-225.658698, 7.147703], [-225.659782, 7.148492], [-225.660563, 7.148895]]], [[[-225.661503, 7.149473], [-225.661554, 7.149487], [-225.66165, 7.149484], [-225.661877, 7.14947], [-225.661907, 7.14945], [-225.661923, 7.149419], [-225.661928, 7.149374], [-225.66193, 7.14932], [-225.661715, 7.149102], [-225.661668, 7.149061], [-225.661563, 7.149007], [-225.661488, 7.148974], [-225.661435, 7.148976], [-225.661403, 7.149009], [-225.661379, 7.149056], [-225.661379, 7.149276], [-225.661392, 7.149343], [-225.661428, 7.149416], [-225.66147, 7.149452], [-225.661503, 7.149473]]], [[[-225.683018, 7.150076], [-225.683015, 7.150143], [-225.683021, 7.150181], [-225.683096, 7.150232], [-225.683175, 7.150247], [-225.683223, 7.150226], [-225.683223, 7.150178], [-225.683084, 7.150073], [-225.683061, 7.150061], [-225.683018, 7.150076]]], [[[-225.680601, 7.150872], [-225.680588, 7.150905], [-225.680588, 7.150936], [-225.680607, 7.150959], [-225.680637, 7.150949], [-225.680668, 7.150915], [-225.680667, 7.150877], [-225.680642, 7.150867], [-225.680601, 7.150872]]], [[[-225.655422, 7.150092], [-225.655043, 7.150342], [-225.6553, 7.151242], [-225.65534, 7.151339], [-225.65542, 7.151462], [-225.655529, 7.151512], [-225.655626, 7.151534], [-225.655945, 7.151601], [-225.656175, 7.151627], [-225.656267, 7.151619], [-225.656335, 7.151587], [-225.656393, 7.151539], [-225.656487, 7.151369], [-225.656465, 7.15116], [-225.656381, 7.150644], [-225.656345, 7.150463], [-225.656309, 7.150333], [-225.656138, 7.150167], [-225.65604, 7.150132], [-225.655946, 7.150117], [-225.655501, 7.150063], [-225.655422, 7.150092]]], [[[-225.680706, 7.150806], [-225.681109, 7.151229], [-225.681806, 7.149768], [-225.680856, 7.149212], [-225.680706, 7.150806]]], [[[-225.662026, 7.149634], [-225.66289, 7.15182], [-225.662916, 7.151834], [-225.662951, 7.151831], [-225.663072, 7.151753], [-225.663139, 7.151688], [-225.663202, 7.151609], [-225.663217, 7.151534], [-225.663209, 7.151429], [-225.663135, 7.150578], [-225.66311, 7.150484], [-225.66291, 7.149821], [-225.662722, 7.149569], [-225.662157, 7.149205], [-225.662102, 7.149192], [-225.662057, 7.14921], [-225.662018, 7.149242], [-225.661993, 7.14929], [-225.661962, 7.149376], [-225.661958, 7.149415], [-225.661964, 7.149455], [-225.661979, 7.149511], [-225.662026, 7.149634]]], [[[-225.654185, 7.152177], [-225.654123, 7.152226], [-225.654105, 7.152283], [-225.654112, 7.152385], [-225.654153, 7.152608], [-225.654202, 7.152713], [-225.654271, 7.152798], [-225.65436, 7.152861], [-225.654482, 7.152903], [-225.654616, 7.152924], [-225.654735, 7.152895], [-225.65477, 7.152864], [-225.654814, 7.152814], [-225.654855, 7.152731], [-225.654858, 7.152657], [-225.654844, 7.152573], [-225.65457, 7.15225], [-225.654429, 7.152188], [-225.654249, 7.152159], [-225.654185, 7.152177]]], [[[-225.657161, 7.149911], [-225.659686, 7.153573], [-225.659744, 7.153643], [-225.660026, 7.153796], [-225.660155, 7.153821], [-225.660271, 7.15379], [-225.660371, 7.153725], [-225.660466, 7.153646], [-225.660582, 7.153522], [-225.660648, 7.153343], [-225.660673, 7.153136], [-225.660689, 7.152925], [-225.660698, 7.152775], [-225.660673, 7.152684], [-225.659969, 7.151445], [-225.659628, 7.150903], [-225.65878, 7.149755], [-225.658692, 7.14964], [-225.658193, 7.149176], [-225.657059, 7.14817], [-225.656951, 7.148083], [-225.656855, 7.148038], [-225.656747, 7.148009], [-225.656444, 7.148088], [-225.65637, 7.1482], [-225.656362, 7.148316], [-225.656391, 7.14842], [-225.657161, 7.149911]]], [[[-225.682795, 7.153259], [-225.682627, 7.153471], [-225.682467, 7.154443], [-225.682541, 7.154633], [-225.682578, 7.154714], [-225.682651, 7.154721], [-225.682739, 7.154706], [-225.682994, 7.154486], [-225.684228, 7.15303], [-225.684674, 7.152437], [-225.686213, 7.148875], [-225.686322, 7.148568], [-225.686424, 7.148217], [-225.686489, 7.147589], [-225.686474, 7.147216], [-225.686415, 7.147034], [-225.686363, 7.146902], [-225.686247, 7.146807], [-225.686122, 7.146873], [-225.683699, 7.151438], [-225.682795, 7.153259]]], [[[-225.662511, 7.154666], [-225.662596, 7.154739], [-225.662666, 7.154735], [-225.662701, 7.154696], [-225.662759, 7.15463], [-225.662839, 7.154434], [-225.662885, 7.154194], [-225.662892, 7.154079], [-225.662617, 7.153025], [-225.662297, 7.153118], [-225.662163, 7.154215], [-225.662163, 7.154295], [-225.662217, 7.154442], [-225.66226, 7.154538], [-225.662322, 7.154593], [-225.662399, 7.154631], [-225.662454, 7.15465], [-225.662511, 7.154666]]], [[[-225.664313, 7.154338], [-225.664291, 7.154385], [-225.663893, 7.155298], [-225.663836, 7.155451], [-225.663804, 7.155586], [-225.663824, 7.155637], [-225.664104, 7.155811], [-225.664457, 7.155102], [-225.664428, 7.154471], [-225.664408, 7.154406], [-225.66437, 7.154331], [-225.664342, 7.154329], [-225.664313, 7.154338]]], [[[-225.661587, 7.156035], [-225.661525, 7.156043], [-225.661488, 7.156084], [-225.661484, 7.156142], [-225.6615, 7.156195], [-225.661518, 7.15623], [-225.661694, 7.156384], [-225.66175, 7.156427], [-225.661792, 7.156443], [-225.661845, 7.156451], [-225.66192, 7.156438], [-225.661962, 7.156395], [-225.662005, 7.156346], [-225.662027, 7.156296], [-225.662033, 7.156259], [-225.662017, 7.156217], [-225.661916, 7.156086], [-225.661851, 7.15606], [-225.661766, 7.156041], [-225.661675, 7.156029], [-225.661587, 7.156035]]], [[[-225.654871, 7.157747], [-225.654903, 7.157872], [-225.654976, 7.157949], [-225.655021, 7.157982], [-225.655081, 7.15801], [-225.655139, 7.158016], [-225.655197, 7.158001], [-225.655242, 7.157976], [-225.655299, 7.157939], [-225.655335, 7.157913], [-225.655646, 7.157755], [-225.655694, 7.15774], [-225.655716, 7.157708], [-225.655718, 7.157632], [-225.655703, 7.157542], [-225.655688, 7.157469], [-225.655613, 7.157307], [-225.655577, 7.157284], [-225.655524, 7.157292], [-225.65499, 7.157586], [-225.65492, 7.157634], [-225.654885, 7.157691], [-225.654871, 7.157747]]], [[[-225.658267, 7.15627], [-225.659556, 7.157842], [-225.660062, 7.156323], [-225.660181, 7.155434], [-225.65858, 7.153155], [-225.657463, 7.153051], [-225.658267, 7.15627]]], [[[-225.642599, 7.158292], [-225.642488, 7.158368], [-225.642481, 7.158522], [-225.642499, 7.158575], [-225.642539, 7.158604], [-225.642575, 7.158605], [-225.642661, 7.158558], [-225.642718, 7.158504], [-225.64279, 7.158406], [-225.642797, 7.158349], [-225.642765, 7.158314], [-225.642664, 7.158281], [-225.642599, 7.158292]]], [[[-225.639055, 7.158827], [-225.639011, 7.158843], [-225.638994, 7.158864], [-225.638987, 7.158886], [-225.638992, 7.158904], [-225.639036, 7.158938], [-225.639065, 7.158943], [-225.639102, 7.158941], [-225.639124, 7.158922], [-225.639138, 7.158909], [-225.639151, 7.158892], [-225.639164, 7.158863], [-225.639158, 7.158828], [-225.639144, 7.158805], [-225.639119, 7.158793], [-225.639095, 7.158788], [-225.639055, 7.158827]]], [[[-225.643096, 7.158718], [-225.643035, 7.158758], [-225.642992, 7.158819], [-225.642963, 7.158892], [-225.642952, 7.158956], [-225.642964, 7.159003], [-225.643031, 7.159096], [-225.643093, 7.159139], [-225.643158, 7.159167], [-225.643241, 7.159178], [-225.64332, 7.159164], [-225.64351, 7.159074], [-225.643546, 7.15902], [-225.643539, 7.158962], [-225.643495, 7.158912], [-225.643222, 7.158719], [-225.643154, 7.158701], [-225.643096, 7.158718]]], [[[-225.657872, 7.157463], [-225.657547, 7.157866], [-225.657379, 7.158693], [-225.657078, 7.160367], [-225.657135, 7.160543], [-225.657262, 7.160733], [-225.657411, 7.160881], [-225.657552, 7.160966], [-225.657665, 7.160994], [-225.657764, 7.160973], [-225.658336, 7.160725], [-225.658393, 7.160639], [-225.658498, 7.160428], [-225.658799, 7.158373], [-225.658814, 7.158246], [-225.658821, 7.158139], [-225.658764, 7.158048], [-225.65865, 7.157907], [-225.658452, 7.157709], [-225.65824, 7.157505], [-225.658056, 7.157435], [-225.657929, 7.157406], [-225.657872, 7.157463]]], [[[-225.640673, 7.160377], [-225.640594, 7.160454], [-225.640521, 7.160575], [-225.640475, 7.160705], [-225.640465, 7.160867], [-225.640496, 7.160945], [-225.6406, 7.161043], [-225.64072, 7.161116], [-225.64081, 7.161158], [-225.640857, 7.161152], [-225.640981, 7.161085], [-225.641096, 7.161004], [-225.641158, 7.160938], [-225.641185, 7.160844], [-225.641184, 7.160704], [-225.641142, 7.160563], [-225.641006, 7.160413], [-225.640892, 7.160345], [-225.640777, 7.160329], [-225.640673, 7.160377]]], [[[-225.639151, 7.159476], [-225.63913, 7.159507], [-225.63903, 7.159859], [-225.638984, 7.16004], [-225.638967, 7.160167], [-225.63898, 7.160234], [-225.639035, 7.160402], [-225.639115, 7.160626], [-225.639425, 7.161199], [-225.639479, 7.161229], [-225.639523, 7.161232], [-225.639574, 7.161202], [-225.63967, 7.161115], [-225.639733, 7.161047], [-225.639773, 7.160934], [-225.639824, 7.160773], [-225.63986, 7.160585], [-225.63987, 7.160401], [-225.639853, 7.160277], [-225.639819, 7.160216], [-225.639726, 7.160099], [-225.639214, 7.159496], [-225.639188, 7.159473], [-225.639151, 7.159476]]], [[[-225.634812, 7.160502], [-225.634831, 7.160585], [-225.634968, 7.160722], [-225.635056, 7.160786], [-225.636147, 7.161581], [-225.636281, 7.161617], [-225.636404, 7.161604], [-225.636477, 7.161544], [-225.636582, 7.161338], [-225.636628, 7.161155], [-225.636633, 7.161018], [-225.636605, 7.16089], [-225.636417, 7.160547], [-225.635958, 7.160158], [-225.635853, 7.160126], [-225.635238, 7.160086], [-225.63505, 7.160118], [-225.634922, 7.160191], [-225.634849, 7.160278], [-225.634812, 7.160502]]], [[[-225.663741, 7.161856], [-225.663709, 7.161897], [-225.663672, 7.162049], [-225.663652, 7.162192], [-225.663651, 7.162266], [-225.663689, 7.162323], [-225.663762, 7.162373], [-225.663845, 7.162393], [-225.663973, 7.162393], [-225.664022, 7.162377], [-225.664055, 7.162331], [-225.664038, 7.162232], [-225.664, 7.162155], [-225.663952, 7.162073], [-225.663828, 7.161905], [-225.663783, 7.161851], [-225.663741, 7.161856]]], [[[-225.663048, 7.162345], [-225.663052, 7.162432], [-225.663085, 7.162497], [-225.663143, 7.162555], [-225.663229, 7.162558], [-225.663295, 7.162533], [-225.663421, 7.162451], [-225.663446, 7.162406], [-225.663471, 7.162341], [-225.663446, 7.162303], [-225.663216, 7.162255], [-225.66313, 7.162254], [-225.663068, 7.16228], [-225.663048, 7.162345]]], [[[-225.6357, 7.16227], [-225.635663, 7.162322], [-225.63557, 7.162796], [-225.635576, 7.162865], [-225.635611, 7.162992], [-225.635657, 7.163116], [-225.635715, 7.163203], [-225.635779, 7.163267], [-225.635947, 7.16333], [-225.636022, 7.163318], [-225.636085, 7.163266], [-225.636128, 7.163179], [-225.636149, 7.163078], [-225.63614, 7.162949], [-225.636108, 7.162822], [-225.636044, 7.162676], [-225.635858, 7.162293], [-225.635786, 7.162253], [-225.6357, 7.16227]]], [[[-225.642588, 7.159596], [-225.642001, 7.160034], [-225.641886, 7.160123], [-225.641803, 7.160701], [-225.641788, 7.160829], [-225.641808, 7.160909], [-225.643459, 7.163719], [-225.644378, 7.162778], [-225.643115, 7.159894], [-225.64298, 7.15975], [-225.642831, 7.159636], [-225.642741, 7.159591], [-225.642652, 7.159571], [-225.642588, 7.159596]]], [[[-225.636309, 7.163633], [-225.636317, 7.163692], [-225.636628, 7.16444], [-225.636732, 7.164574], [-225.636829, 7.164664], [-225.637123, 7.164881], [-225.637206, 7.164929], [-225.637365, 7.164984], [-225.637414, 7.164984], [-225.637462, 7.164953], [-225.637479, 7.164908], [-225.637513, 7.16475], [-225.637482, 7.164576], [-225.637444, 7.164394], [-225.637391, 7.164201], [-225.637246, 7.163966], [-225.637008, 7.163666], [-225.63682, 7.163539], [-225.636333, 7.163612], [-225.636309, 7.163633]]], [[[-225.639806, 7.161782], [-225.639701, 7.16203], [-225.639574, 7.16237], [-225.639177, 7.164269], [-225.639721, 7.164555], [-225.640843, 7.163107], [-225.640645, 7.162452], [-225.640509, 7.162165], [-225.640366, 7.162015], [-225.640238, 7.161925], [-225.639889, 7.161775], [-225.639806, 7.161782]]], [[[-225.63205, 7.164199], [-225.631986, 7.164252], [-225.631933, 7.164329], [-225.631842, 7.164471], [-225.631802, 7.164567], [-225.631791, 7.164664], [-225.631797, 7.164757], [-225.631842, 7.164864], [-225.631891, 7.164919], [-225.631972, 7.164983], [-225.632086, 7.165035], [-225.632399, 7.165124], [-225.632478, 7.165098], [-225.632526, 7.165027], [-225.632566, 7.16489], [-225.632566, 7.164734], [-225.632515, 7.164581], [-225.632444, 7.164432], [-225.632319, 7.16426], [-225.632207, 7.164194], [-225.632108, 7.164176], [-225.63205, 7.164199]]], [[[-225.645865, 7.164576], [-225.646637, 7.165051], [-225.646793, 7.165145], [-225.646857, 7.165155], [-225.646905, 7.165111], [-225.646931, 7.165034], [-225.646941, 7.164935], [-225.646947, 7.164523], [-225.64694, 7.164344], [-225.646872, 7.164114], [-225.646784, 7.163962], [-225.646696, 7.163891], [-225.646557, 7.163827], [-225.646453, 7.163814], [-225.646385, 7.163824], [-225.645949, 7.164099], [-225.645898, 7.164146], [-225.645864, 7.164207], [-225.645814, 7.164414], [-225.645804, 7.164464], [-225.64582, 7.164528], [-225.645865, 7.164576]]], [[[-225.643867, 7.165052], [-225.643813, 7.16507], [-225.643749, 7.165147], [-225.643727, 7.165238], [-225.64375, 7.165377], [-225.643771, 7.165446], [-225.643812, 7.165481], [-225.643855, 7.165496], [-225.643908, 7.165478], [-225.643955, 7.16544], [-225.643988, 7.165272], [-225.644003, 7.165197], [-225.644004, 7.165125], [-225.643977, 7.165076], [-225.643935, 7.165052], [-225.643867, 7.165052]]], [[[-225.62212, 7.164739], [-225.622055, 7.164784], [-225.621993, 7.164833], [-225.621945, 7.164887], [-225.621891, 7.164967], [-225.621857, 7.165043], [-225.62185, 7.165157], [-225.621896, 7.165264], [-225.622033, 7.165465], [-225.622139, 7.165495], [-225.622288, 7.165499], [-225.622448, 7.165442], [-225.622539, 7.165362], [-225.622604, 7.165274], [-225.622664, 7.165167], [-225.622672, 7.165031], [-225.622634, 7.164912], [-225.62255, 7.164768], [-225.622492, 7.164742], [-225.622397, 7.164731], [-225.622207, 7.164716], [-225.62212, 7.164739]]], [[[-225.6229, 7.164422], [-225.622805, 7.164657], [-225.622789, 7.164737], [-225.622789, 7.164791], [-225.622812, 7.16489], [-225.622897, 7.16516], [-225.622919, 7.165189], [-225.623083, 7.165357], [-225.623274, 7.165463], [-225.623427, 7.165535], [-225.623556, 7.16558], [-225.6237, 7.165615], [-225.623777, 7.165611], [-225.623814, 7.1656], [-225.623853, 7.16558], [-225.623864, 7.165546], [-225.623826, 7.165398], [-225.623692, 7.165033], [-225.623478, 7.164664], [-225.623383, 7.164585], [-225.623276, 7.164551], [-225.623006, 7.164425], [-225.622968, 7.164407], [-225.622923, 7.164395], [-225.6229, 7.164422]]], [[[-225.650815, 7.165383], [-225.650782, 7.1654], [-225.6507, 7.165493], [-225.650683, 7.165519], [-225.650672, 7.165582], [-225.650675, 7.165629], [-225.650689, 7.165654], [-225.650714, 7.165664], [-225.65074, 7.165663], [-225.650774, 7.165627], [-225.650888, 7.165429], [-225.650875, 7.165386], [-225.650852, 7.165373], [-225.650815, 7.165383]]], [[[-225.657932, 7.165598], [-225.65792, 7.165622], [-225.657917, 7.165646], [-225.657924, 7.165716], [-225.657937, 7.165733], [-225.657967, 7.165745], [-225.658014, 7.165751], [-225.658029, 7.165749], [-225.658042, 7.165741], [-225.658045, 7.16563], [-225.658038, 7.165588], [-225.658018, 7.165571], [-225.657988, 7.165568], [-225.657932, 7.165598]]], [[[-225.644627, 7.165068], [-225.644605, 7.165095], [-225.644588, 7.16513], [-225.644521, 7.165432], [-225.64451, 7.165538], [-225.644534, 7.165679], [-225.644553, 7.165754], [-225.644601, 7.165811], [-225.644648, 7.165843], [-225.644699, 7.16586], [-225.644747, 7.165851], [-225.644789, 7.165833], [-225.644844, 7.165802], [-225.644897, 7.165761], [-225.64495, 7.165678], [-225.644974, 7.165582], [-225.644965, 7.165477], [-225.644939, 7.165378], [-225.644889, 7.165268], [-225.644794, 7.165142], [-225.644672, 7.165056], [-225.644627, 7.165068]]], [[[-225.641243, 7.165711], [-225.641182, 7.165736], [-225.64115, 7.165769], [-225.64113, 7.165806], [-225.64113, 7.165854], [-225.641131, 7.166], [-225.641142, 7.166179], [-225.641157, 7.166207], [-225.641221, 7.166287], [-225.641249, 7.166304], [-225.641263, 7.166304], [-225.64128, 7.166296], [-225.641298, 7.166264], [-225.641342, 7.166184], [-225.641383, 7.166097], [-225.641432, 7.165968], [-225.641457, 7.165875], [-225.641476, 7.165782], [-225.64147, 7.165734], [-225.641447, 7.165701], [-225.64141, 7.165682], [-225.641351, 7.165674], [-225.641243, 7.165711]]], [[[-225.662838, 7.166148], [-225.662768, 7.166189], [-225.662741, 7.166218], [-225.662681, 7.166318], [-225.66268, 7.16636], [-225.662683, 7.166405], [-225.662704, 7.166434], [-225.662775, 7.166501], [-225.66282, 7.166525], [-225.662867, 7.166527], [-225.662915, 7.166515], [-225.662953, 7.166493], [-225.662977, 7.166465], [-225.662996, 7.166423], [-225.663, 7.166362], [-225.662992, 7.166311], [-225.662977, 7.166247], [-225.662945, 7.1662], [-225.662907, 7.166169], [-225.662874, 7.166146], [-225.662838, 7.166148]]], [[[-225.646117, 7.166058], [-225.646041, 7.166085], [-225.645996, 7.166132], [-225.645971, 7.166186], [-225.645974, 7.16624], [-225.646015, 7.166691], [-225.646034, 7.166768], [-225.64606, 7.166816], [-225.646102, 7.16684], [-225.646174, 7.166846], [-225.646212, 7.166827], [-225.646324, 7.166733], [-225.646361, 7.166674], [-225.64642, 7.166568], [-225.646477, 7.166386], [-225.646477, 7.166284], [-225.646371, 7.166096], [-225.646281, 7.166062], [-225.646186, 7.16604], [-225.646117, 7.166058]]], [[[-225.656456, 7.165044], [-225.656386, 7.165061], [-225.656113, 7.165145], [-225.656034, 7.165177], [-225.655977, 7.165216], [-225.655942, 7.165278], [-225.655916, 7.165356], [-225.655907, 7.165449], [-225.655929, 7.165537], [-225.656102, 7.166331], [-225.656115, 7.16645], [-225.656151, 7.166586], [-225.656221, 7.166665], [-225.656265, 7.1667], [-225.656816, 7.167095], [-225.656864, 7.167121], [-225.656903, 7.167121], [-225.656957, 7.167086], [-225.656987, 7.167051], [-225.657013, 7.166985], [-225.657035, 7.166875], [-225.65707, 7.166581], [-225.657078, 7.166453], [-225.65684, 7.16546], [-225.656562, 7.165092], [-225.656509, 7.165044], [-225.656456, 7.165044]]], [[[-225.642005, 7.167438], [-225.642257, 7.167515], [-225.642305, 7.16753], [-225.642422, 7.167526], [-225.642513, 7.16747], [-225.642544, 7.167432], [-225.642557, 7.167365], [-225.642563, 7.167285], [-225.642561, 7.167221], [-225.642544, 7.167162], [-225.6425, 7.1671], [-225.642433, 7.167066], [-225.64238, 7.167068], [-225.642296, 7.1671], [-225.642198, 7.167148], [-225.642002, 7.167308], [-225.641979, 7.167338], [-225.641962, 7.167377], [-225.641956, 7.167401], [-225.641967, 7.167424], [-225.641983, 7.167432], [-225.642005, 7.167438]]], [[[-225.632504, 7.167517], [-225.632457, 7.16754], [-225.632426, 7.167589], [-225.632411, 7.167645], [-225.632406, 7.167704], [-225.632418, 7.167749], [-225.632473, 7.16778], [-225.63253, 7.167803], [-225.632608, 7.167823], [-225.632696, 7.167841], [-225.632728, 7.167807], [-225.632754, 7.167759], [-225.632764, 7.16771], [-225.63275, 7.167665], [-225.632716, 7.167593], [-225.632687, 7.167551], [-225.632648, 7.16753], [-225.632579, 7.167509], [-225.632504, 7.167517]]], [[[-225.645882, 7.167628], [-225.645815, 7.167682], [-225.645806, 7.167717], [-225.645805, 7.167754], [-225.645819, 7.167814], [-225.64584, 7.167847], [-225.645859, 7.167849], [-225.645886, 7.167837], [-225.645932, 7.167793], [-225.645945, 7.167705], [-225.645946, 7.16766], [-225.645937, 7.167629], [-225.645905, 7.167614], [-225.645882, 7.167628]]], [[[-225.664222, 7.167957], [-225.664251, 7.167967], [-225.664369, 7.167965], [-225.664445, 7.167938], [-225.664487, 7.167906], [-225.66454, 7.167844], [-225.664562, 7.16781], [-225.664568, 7.16778], [-225.664575, 7.167717], [-225.66457, 7.167623], [-225.664552, 7.167569], [-225.664517, 7.167545], [-225.664472, 7.167534], [-225.664373, 7.16757], [-225.66429, 7.167636], [-225.664258, 7.16768], [-225.664148, 7.167838], [-225.664139, 7.167863], [-225.66414, 7.167889], [-225.664165, 7.167914], [-225.664222, 7.167957]]], [[[-225.633545, 7.165645], [-225.633482, 7.165677], [-225.632716, 7.166154], [-225.632662, 7.166213], [-225.632534, 7.166487], [-225.632539, 7.166567], [-225.632561, 7.166663], [-225.632658, 7.166963], [-225.632706, 7.167043], [-225.63372, 7.168154], [-225.633801, 7.168202], [-225.633914, 7.168261], [-225.63408, 7.168331], [-225.634155, 7.168309], [-225.634181, 7.168245], [-225.634197, 7.168154], [-225.634219, 7.167983], [-225.634111, 7.16741], [-225.633755, 7.165757], [-225.633712, 7.165672], [-225.633648, 7.165629], [-225.633545, 7.165645]]], [[[-225.658784, 7.164995], [-225.659296, 7.168228], [-225.659324, 7.168319], [-225.659356, 7.168382], [-225.6594, 7.168417], [-225.659448, 7.16842], [-225.659489, 7.168401], [-225.660198, 7.168018], [-225.661572, 7.164757], [-225.660527, 7.162274], [-225.659418, 7.161337], [-225.659371, 7.161302], [-225.659311, 7.161264], [-225.659213, 7.161211], [-225.659165, 7.161201], [-225.659105, 7.161217], [-225.659089, 7.16123], [-225.65908, 7.161249], [-225.658501, 7.163771], [-225.658581, 7.164752], [-225.658598, 7.164834], [-225.65869, 7.164938], [-225.658784, 7.164995]]], [[[-225.637508, 7.166574], [-225.637456, 7.166622], [-225.637403, 7.166694], [-225.637349, 7.166796], [-225.637252, 7.166996], [-225.637242, 7.167062], [-225.637266, 7.167235], [-225.637301, 7.167289], [-225.637417, 7.167621], [-225.637426, 7.167718], [-225.637444, 7.167803], [-225.637613, 7.168334], [-225.637702, 7.168521], [-225.637752, 7.168574], [-225.637845, 7.16865], [-225.637916, 7.168694], [-225.63812, 7.168751], [-225.638218, 7.168769], [-225.638356, 7.168764], [-225.638475, 7.168713], [-225.638533, 7.168675], [-225.638591, 7.168635], [-225.638631, 7.168559], [-225.638657, 7.168435], [-225.638661, 7.168325], [-225.638634, 7.167947], [-225.638612, 7.167766], [-225.638473, 7.167233], [-225.638415, 7.167065], [-225.637647, 7.166604], [-225.637571, 7.166561], [-225.637508, 7.166574]]], [[[-225.622602, 7.168856], [-225.622576, 7.168894], [-225.622571, 7.168931], [-225.622591, 7.168962], [-225.622628, 7.168971], [-225.622663, 7.168971], [-225.622692, 7.16896], [-225.622721, 7.168936], [-225.622735, 7.1689], [-225.622736, 7.168876], [-225.62272, 7.168853], [-225.622688, 7.168843], [-225.622641, 7.168841], [-225.622602, 7.168856]]], [[[-225.61875, 7.169093], [-225.618744, 7.169123], [-225.618763, 7.169162], [-225.618815, 7.169162], [-225.618829, 7.169109], [-225.618826, 7.169082], [-225.61879, 7.169074], [-225.61875, 7.169093]]], [[[-225.64516, 7.168604], [-225.645061, 7.16863], [-225.644991, 7.16865], [-225.644911, 7.168709], [-225.644903, 7.168738], [-225.644899, 7.1688], [-225.644919, 7.16887], [-225.64497, 7.168928], [-225.645024, 7.168974], [-225.645216, 7.169086], [-225.645424, 7.169173], [-225.645486, 7.169177], [-225.645519, 7.169148], [-225.645548, 7.16911], [-225.645573, 7.169044], [-225.64559, 7.168969], [-225.64559, 7.168886], [-225.645561, 7.168816], [-225.645427, 7.168675], [-225.645344, 7.168596], [-225.645256, 7.168592], [-225.64516, 7.168604]]], [[[-225.624261, 7.169151], [-225.624305, 7.169201], [-225.624337, 7.169226], [-225.62437, 7.169226], [-225.624573, 7.169204], [-225.624591, 7.169189], [-225.624659, 7.169074], [-225.624681, 7.169013], [-225.624674, 7.168942], [-225.624652, 7.168912], [-225.624603, 7.168862], [-225.624488, 7.168768], [-225.624428, 7.168742], [-225.624379, 7.168727], [-225.624339, 7.168742], [-225.624234, 7.168786], [-225.624217, 7.168805], [-225.624206, 7.168849], [-225.624197, 7.168889], [-225.624199, 7.168941], [-225.624217, 7.169056], [-225.624234, 7.169104], [-225.624261, 7.169151]]], [[[-225.640548, 7.169625], [-225.640672, 7.16962], [-225.640751, 7.169574], [-225.640903, 7.169011], [-225.64088, 7.16892], [-225.640432, 7.167694], [-225.639801, 7.167564], [-225.63969, 7.168833], [-225.639701, 7.168979], [-225.639752, 7.16908], [-225.640108, 7.169434], [-225.640193, 7.169496], [-225.640266, 7.169524], [-225.640548, 7.169625]]], [[[-225.63666, 7.168721], [-225.636616, 7.168759], [-225.636549, 7.168864], [-225.636519, 7.168931], [-225.636455, 7.169104], [-225.636448, 7.169171], [-225.636445, 7.169347], [-225.636462, 7.169627], [-225.636509, 7.169712], [-225.636581, 7.16981], [-225.636872, 7.170005], [-225.63695, 7.170035], [-225.637038, 7.170046], [-225.637126, 7.170039], [-225.637213, 7.169961], [-225.63724, 7.169708], [-225.637254, 7.169528], [-225.637223, 7.169211], [-225.637189, 7.169069], [-225.637077, 7.168903], [-225.636972, 7.168776], [-225.63683, 7.168701], [-225.636728, 7.168681], [-225.63666, 7.168721]]], [[[-225.735524, 7.170011], [-225.735433, 7.170066], [-225.735378, 7.170113], [-225.73536, 7.170144], [-225.735389, 7.170178], [-225.735438, 7.170178], [-225.735506, 7.170149], [-225.735613, 7.170063], [-225.735623, 7.170032], [-225.73561, 7.170006], [-225.73557, 7.170001], [-225.735524, 7.170011]]], [[[-225.736461, 7.169567], [-225.736302, 7.169622], [-225.736071, 7.169742], [-225.735972, 7.169799], [-225.735951, 7.169838], [-225.735964, 7.169865], [-225.736559, 7.17042], [-225.736622, 7.170459], [-225.736736, 7.170457], [-225.736819, 7.17043], [-225.736866, 7.170373], [-225.736902, 7.170305], [-225.736881, 7.170092], [-225.736828, 7.169843], [-225.736766, 7.169658], [-225.736706, 7.169569], [-225.736649, 7.169541], [-225.736573, 7.169539], [-225.736461, 7.169567]]], [[[-225.742444, 7.170305], [-225.742368, 7.170364], [-225.742308, 7.170438], [-225.742293, 7.170523], [-225.742326, 7.1706], [-225.742395, 7.170688], [-225.742483, 7.170768], [-225.742605, 7.170813], [-225.742749, 7.17083], [-225.742814, 7.170815], [-225.742851, 7.170792], [-225.742882, 7.170746], [-225.742889, 7.170639], [-225.742881, 7.170536], [-225.742806, 7.170414], [-225.742732, 7.170341], [-225.742632, 7.170278], [-225.742541, 7.170269], [-225.742444, 7.170305]]], [[[-225.642502, 7.170681], [-225.642884, 7.170863], [-225.644497, 7.169424], [-225.64463, 7.169303], [-225.644808, 7.168982], [-225.644832, 7.168904], [-225.644803, 7.168704], [-225.644744, 7.168472], [-225.644094, 7.167447], [-225.644019, 7.167343], [-225.643969, 7.167293], [-225.643915, 7.167305], [-225.643861, 7.167323], [-225.643828, 7.167343], [-225.643766, 7.167435], [-225.643658, 7.167597], [-225.643616, 7.16768], [-225.642502, 7.170681]]], [[[-225.633762, 7.171109], [-225.634519, 7.17134], [-225.634651, 7.171355], [-225.63481, 7.171339], [-225.634931, 7.171308], [-225.635006, 7.17126], [-225.635079, 7.171159], [-225.635159, 7.171044], [-225.635401, 7.170552], [-225.635501, 7.170303], [-225.635564, 7.169891], [-225.635553, 7.16978], [-225.635522, 7.169696], [-225.635346, 7.169559], [-225.634812, 7.169185], [-225.63468, 7.169169], [-225.634553, 7.169175], [-225.634151, 7.169317], [-225.634019, 7.169381], [-225.633882, 7.169493], [-225.633565, 7.169788], [-225.633518, 7.169889], [-225.633471, 7.170069], [-225.633481, 7.170195], [-225.633762, 7.171109]]], [[[-225.731219, 7.171347], [-225.731267, 7.171405], [-225.731332, 7.171449], [-225.731419, 7.171459], [-225.731485, 7.171446], [-225.732188, 7.171309], [-225.732256, 7.171281], [-225.732314, 7.171234], [-225.732342, 7.171152], [-225.73235, 7.171047], [-225.732281, 7.170937], [-225.73216, 7.170872], [-225.732053, 7.170872], [-225.731889, 7.170903], [-225.731529, 7.17102], [-225.731305, 7.171105], [-225.731217, 7.171169], [-225.731189, 7.171234], [-225.731189, 7.171288], [-225.731219, 7.171347]]], [[[-225.643912, 7.171047], [-225.643881, 7.171095], [-225.643859, 7.171154], [-225.643856, 7.17121], [-225.643848, 7.171413], [-225.643814, 7.171557], [-225.643817, 7.171625], [-225.643848, 7.171687], [-225.643896, 7.171751], [-225.643984, 7.171816], [-225.644057, 7.171833], [-225.644162, 7.171835], [-225.644362, 7.171832], [-225.644449, 7.171796], [-225.644519, 7.171745], [-225.644545, 7.171663], [-225.644525, 7.17159], [-225.644488, 7.171491], [-225.644435, 7.171396], [-225.644353, 7.1713], [-225.644194, 7.171139], [-225.644121, 7.171097], [-225.644031, 7.171056], [-225.643972, 7.171033], [-225.643912, 7.171047]]], [[[-225.636656, 7.171767], [-225.636729, 7.171837], [-225.636793, 7.171868], [-225.636854, 7.171891], [-225.636881, 7.17188], [-225.63694, 7.17185], [-225.636953, 7.171812], [-225.636948, 7.171784], [-225.636919, 7.171726], [-225.636821, 7.171616], [-225.636716, 7.17148], [-225.636648, 7.171374], [-225.636574, 7.171293], [-225.636518, 7.17125], [-225.636477, 7.17125], [-225.636441, 7.171262], [-225.636429, 7.171293], [-225.636427, 7.171394], [-225.63646, 7.171511], [-225.636656, 7.171767]]], [[[-225.644585, 7.171778], [-225.644585, 7.171816], [-225.644641, 7.171863], [-225.644746, 7.171905], [-225.644822, 7.171919], [-225.644852, 7.171868], [-225.644841, 7.171831], [-225.644808, 7.171815], [-225.644762, 7.1718], [-225.644686, 7.171778], [-225.644638, 7.171765], [-225.644602, 7.171758], [-225.644585, 7.171778]]], [[[-225.641055, 7.1702], [-225.641017, 7.170264], [-225.64098, 7.170577], [-225.640984, 7.170682], [-225.641022, 7.170906], [-225.641159, 7.171536], [-225.641226, 7.171666], [-225.641281, 7.171725], [-225.641446, 7.17186], [-225.641811, 7.172041], [-225.641933, 7.172071], [-225.641942, 7.172067], [-225.641993, 7.171991], [-225.642085, 7.171551], [-225.642123, 7.171336], [-225.64214, 7.17115], [-225.642139, 7.170934], [-225.642071, 7.170676], [-225.641952, 7.170516], [-225.641854, 7.170432], [-225.641169, 7.170162], [-225.641089, 7.17015], [-225.641055, 7.1702]]], [[[-225.661412, 7.171031], [-225.663507, 7.172429], [-225.663557, 7.172453], [-225.663579, 7.172457], [-225.663601, 7.172452], [-225.663733, 7.172322], [-225.663754, 7.1723], [-225.663805, 7.172222], [-225.663807, 7.172188], [-225.663821, 7.171767], [-225.663667, 7.171164], [-225.663646, 7.171097], [-225.662854, 7.168939], [-225.662816, 7.168841], [-225.662769, 7.168753], [-225.662697, 7.168686], [-225.6625, 7.168518], [-225.662063, 7.168271], [-225.662027, 7.168288], [-225.661979, 7.168354], [-225.661945, 7.168412], [-225.661868, 7.168564], [-225.661847, 7.168633], [-225.661832, 7.168692], [-225.661546, 7.169849], [-225.661412, 7.171031]]], [[[-225.626314, 7.170388], [-225.62623, 7.170406], [-225.626151, 7.170467], [-225.626042, 7.17063], [-225.626018, 7.170728], [-225.626012, 7.170824], [-225.626074, 7.172066], [-225.626099, 7.172423], [-225.626129, 7.172478], [-225.626172, 7.17252], [-225.626232, 7.172544], [-225.626293, 7.172538], [-225.626384, 7.172507], [-225.626487, 7.172428], [-225.626989, 7.171562], [-225.627068, 7.171422], [-225.627091, 7.171326], [-225.627091, 7.171156], [-225.627048, 7.170678], [-225.62703, 7.170557], [-225.627005, 7.170502], [-225.626963, 7.17046], [-225.626866, 7.170442], [-225.626545, 7.170388], [-225.62643, 7.170382], [-225.626314, 7.170388]]], [[[-225.757303, 7.172368], [-225.757244, 7.172383], [-225.757212, 7.17241], [-225.757197, 7.17247], [-225.757199, 7.172509], [-225.757247, 7.172549], [-225.757321, 7.172593], [-225.757417, 7.17263], [-225.757509, 7.172647], [-225.757545, 7.172635], [-225.75757, 7.172622], [-225.757575, 7.172585], [-225.75755, 7.172538], [-225.757518, 7.172491], [-225.757424, 7.172373], [-225.757372, 7.172356], [-225.757303, 7.172368]]], [[[-225.663207, 7.172764], [-225.663207, 7.172781], [-225.663219, 7.172792], [-225.663236, 7.17279], [-225.663335, 7.172763], [-225.663351, 7.172727], [-225.663352, 7.172702], [-225.663342, 7.172688], [-225.663333, 7.172682], [-225.663295, 7.172658], [-225.663275, 7.172653], [-225.663254, 7.17266], [-225.66324, 7.172674], [-225.663228, 7.172698], [-225.663207, 7.172764]]], [[[-225.663119, 7.172908], [-225.663115, 7.172923], [-225.663119, 7.172936], [-225.663152, 7.172936], [-225.663166, 7.172923], [-225.663167, 7.172912], [-225.663158, 7.172897], [-225.663143, 7.172892], [-225.663119, 7.172908]]], [[[-225.626893, 7.172934], [-225.626872, 7.172947], [-225.626854, 7.172963], [-225.626838, 7.172982], [-225.626833, 7.173006], [-225.626837, 7.173022], [-225.626849, 7.173036], [-225.626868, 7.173041], [-225.626893, 7.17304], [-225.626907, 7.173033], [-225.626922, 7.17302], [-225.626938, 7.173001], [-225.626948, 7.172982], [-225.626953, 7.172956], [-225.626947, 7.172939], [-225.626922, 7.172932], [-225.626893, 7.172934]]], [[[-225.663183, 7.17295], [-225.66317, 7.172966], [-225.663169, 7.172985], [-225.663171, 7.172996], [-225.663187, 7.173029], [-225.663198, 7.173039], [-225.663208, 7.173042], [-225.66322, 7.173033], [-225.663232, 7.17302], [-225.663235, 7.173013], [-225.663216, 7.17295], [-225.663198, 7.17294], [-225.663183, 7.17295]]], [[[-225.659945, 7.171801], [-225.659837, 7.171817], [-225.659758, 7.171871], [-225.659705, 7.17195], [-225.659696, 7.172133], [-225.659721, 7.172237], [-225.659765, 7.172337], [-225.659835, 7.172464], [-225.659961, 7.172615], [-225.66011, 7.172873], [-225.66017, 7.1731], [-225.660189, 7.173131], [-225.660227, 7.173167], [-225.660259, 7.173163], [-225.66029, 7.173141], [-225.660322, 7.173112], [-225.660366, 7.173049], [-225.660501, 7.17268], [-225.660532, 7.172501], [-225.660526, 7.172372], [-225.660475, 7.172217], [-225.660396, 7.172082], [-225.66014, 7.171829], [-225.660055, 7.171795], [-225.659945, 7.171801]]], [[[-225.733027, 7.173077], [-225.733012, 7.173139], [-225.733048, 7.173257], [-225.733173, 7.173315], [-225.733241, 7.173268], [-225.733261, 7.173206], [-225.733256, 7.173133], [-225.733225, 7.173056], [-225.733141, 7.173019], [-225.733027, 7.173077]]], [[[-225.657896, 7.173177], [-225.65776, 7.173204], [-225.657723, 7.173241], [-225.6577, 7.173293], [-225.657702, 7.173336], [-225.657731, 7.173388], [-225.657768, 7.173423], [-225.657824, 7.173448], [-225.657899, 7.173462], [-225.657976, 7.173469], [-225.658028, 7.173441], [-225.65804, 7.173349], [-225.65804, 7.173214], [-225.657996, 7.173183], [-225.657954, 7.173175], [-225.657896, 7.173177]]], [[[-225.739349, 7.172857], [-225.739229, 7.172866], [-225.739149, 7.172889], [-225.739093, 7.172913], [-225.739042, 7.172948], [-225.738996, 7.173004], [-225.738951, 7.173075], [-225.738874, 7.173237], [-225.73887, 7.173328], [-225.738895, 7.173429], [-225.738941, 7.173477], [-225.739004, 7.173505], [-225.739101, 7.173526], [-225.739444, 7.173524], [-225.739811, 7.17346], [-225.739887, 7.173437], [-225.739974, 7.173385], [-225.740034, 7.17332], [-225.740039, 7.173224], [-225.739997, 7.173141], [-225.739889, 7.17302], [-225.739795, 7.172975], [-225.739657, 7.172921], [-225.739454, 7.17285], [-225.739349, 7.172857]]], [[[-225.630067, 7.166063], [-225.62969, 7.166331], [-225.629439, 7.166692], [-225.629384, 7.166785], [-225.629374, 7.166911], [-225.629429, 7.167445], [-225.629445, 7.167565], [-225.63076, 7.173512], [-225.63081, 7.173604], [-225.630853, 7.173632], [-225.630935, 7.173625], [-225.630989, 7.173593], [-225.631689, 7.173177], [-225.631764, 7.173122], [-225.631825, 7.17303], [-225.631928, 7.172822], [-225.632167, 7.172211], [-225.632244, 7.171987], [-225.632266, 7.17184], [-225.632271, 7.171709], [-225.632192, 7.170126], [-225.631879, 7.169297], [-225.630755, 7.16639], [-225.630706, 7.16627], [-225.630564, 7.166156], [-225.6304, 7.16608], [-225.630252, 7.166041], [-225.630143, 7.166026], [-225.630067, 7.166063]]], [[[-225.735352, 7.17313], [-225.73496, 7.173293], [-225.734855, 7.173351], [-225.734822, 7.17342], [-225.734811, 7.173534], [-225.734819, 7.173612], [-225.73488, 7.173689], [-225.734945, 7.173758], [-225.735011, 7.173778], [-225.735157, 7.17377], [-225.735336, 7.173733], [-225.735655, 7.173623], [-225.735752, 7.173569], [-225.735829, 7.173504], [-225.735829, 7.173418], [-225.735813, 7.173309], [-225.73578, 7.173219], [-225.735715, 7.173145], [-225.735621, 7.173105], [-225.735478, 7.173105], [-225.735352, 7.17313]]], [[[-225.637318, 7.173861], [-225.63736, 7.173869], [-225.637607, 7.17388], [-225.637668, 7.173862], [-225.63777, 7.173764], [-225.637829, 7.173691], [-225.637879, 7.173582], [-225.637879, 7.173432], [-225.637822, 7.173218], [-225.637763, 7.173125], [-225.637605, 7.172948], [-225.637526, 7.172863], [-225.637441, 7.17283], [-225.637376, 7.172835], [-225.637331, 7.172875], [-225.637305, 7.17292], [-225.637294, 7.172962], [-225.637236, 7.173187], [-225.637185, 7.173464], [-225.637183, 7.173554], [-225.637185, 7.173632], [-225.637212, 7.173765], [-225.637268, 7.17383], [-225.637318, 7.173861]]], [[[-225.624603, 7.173398], [-225.624577, 7.173559], [-225.624775, 7.174025], [-225.624819, 7.174057], [-225.62487, 7.174066], [-225.624933, 7.17405], [-225.62501, 7.174024], [-225.62506, 7.173974], [-225.625102, 7.173901], [-225.625124, 7.173828], [-225.625133, 7.17372], [-225.625069, 7.173102], [-225.625046, 7.172947], [-225.625018, 7.172871], [-225.624973, 7.17282], [-225.624928, 7.172792], [-225.624875, 7.172795], [-225.624742, 7.172932], [-225.62471, 7.172979], [-225.624685, 7.173043], [-225.624603, 7.173398]]], [[[-225.743114, 7.171692], [-225.743008, 7.171724], [-225.742922, 7.171798], [-225.742873, 7.17191], [-225.742867, 7.172058], [-225.743211, 7.173624], [-225.743576, 7.173947], [-225.74376, 7.172385], [-225.743704, 7.172087], [-225.743548, 7.171852], [-225.743375, 7.171741], [-225.743238, 7.171685], [-225.743114, 7.171692]]], [[[-225.630698, 7.174498], [-225.630759, 7.174507], [-225.630788, 7.174499], [-225.630796, 7.174484], [-225.630801, 7.174461], [-225.630791, 7.174437], [-225.630773, 7.174417], [-225.630749, 7.174402], [-225.630725, 7.174396], [-225.630673, 7.174388], [-225.630659, 7.174397], [-225.630646, 7.174421], [-225.630645, 7.174441], [-225.630654, 7.17447], [-225.630665, 7.174485], [-225.630679, 7.174494], [-225.630698, 7.174498]]], [[[-225.657083, 7.174111], [-225.657021, 7.174158], [-225.656991, 7.174227], [-225.656989, 7.174307], [-225.657016, 7.17438], [-225.657133, 7.17454], [-225.657195, 7.17461], [-225.657261, 7.174634], [-225.657334, 7.174627], [-225.657389, 7.174595], [-225.657441, 7.174496], [-225.657441, 7.174419], [-225.657353, 7.174213], [-225.657306, 7.174143], [-225.657242, 7.174091], [-225.657161, 7.174085], [-225.657083, 7.174111]]], [[[-225.727806, 7.173514], [-225.727395, 7.173669], [-225.727164, 7.173868], [-225.727075, 7.174034], [-225.72714, 7.174176], [-225.727249, 7.174227], [-225.727371, 7.174272], [-225.73041, 7.174434], [-225.730531, 7.174433], [-225.730589, 7.174363], [-225.730583, 7.174202], [-225.730286, 7.173484], [-225.729964, 7.173075], [-225.729867, 7.172978], [-225.729778, 7.172984], [-225.728089, 7.173411], [-225.727806, 7.173514]]], [[[-225.660486, 7.174121], [-225.660442, 7.174165], [-225.660415, 7.174229], [-225.660406, 7.174328], [-225.660418, 7.174428], [-225.66047, 7.174634], [-225.660528, 7.174705], [-225.66061, 7.174757], [-225.660693, 7.174764], [-225.66075, 7.174728], [-225.660814, 7.174678], [-225.660849, 7.174624], [-225.660877, 7.174539], [-225.66087, 7.174427], [-225.66083, 7.174314], [-225.66075, 7.174208], [-225.660683, 7.174142], [-225.660609, 7.174097], [-225.66055, 7.174088], [-225.660486, 7.174121]]], [[[-225.733118, 7.174565], [-225.73302, 7.174726], [-225.733045, 7.174814], [-225.733119, 7.174877], [-225.733207, 7.174897], [-225.733352, 7.174871], [-225.733513, 7.174792], [-225.733565, 7.174715], [-225.733539, 7.174627], [-225.733435, 7.174559], [-225.73332, 7.174518], [-225.733217, 7.174518], [-225.733118, 7.174565]]], [[[-225.734751, 7.174638], [-225.734694, 7.17474], [-225.73469, 7.174813], [-225.73471, 7.174862], [-225.734808, 7.174903], [-225.734939, 7.174906], [-225.735033, 7.174869], [-225.735681, 7.174437], [-225.735741, 7.174364], [-225.735745, 7.174294], [-225.735675, 7.174245], [-225.735513, 7.174184], [-225.735436, 7.174185], [-225.735362, 7.174197], [-225.734893, 7.174467], [-225.734824, 7.174508], [-225.734751, 7.174638]]], [[[-225.755097, 7.173471], [-225.755062, 7.173507], [-225.755097, 7.173608], [-225.755136, 7.173679], [-225.755253, 7.17376], [-225.756724, 7.174771], [-225.756985, 7.174861], [-225.75722, 7.174927], [-225.757369, 7.174912], [-225.757427, 7.17488], [-225.757462, 7.174837], [-225.75745, 7.174763], [-225.757387, 7.174673], [-225.756066, 7.173696], [-225.755914, 7.173607], [-225.755409, 7.173502], [-225.755152, 7.173464], [-225.755097, 7.173471]]], [[[-225.656428, 7.175033], [-225.656408, 7.175063], [-225.656393, 7.175097], [-225.656388, 7.175129], [-225.65639, 7.175152], [-225.65641, 7.175164], [-225.656436, 7.175159], [-225.656455, 7.175146], [-225.656469, 7.175115], [-225.656473, 7.17507], [-225.656464, 7.175035], [-225.656441, 7.175027], [-225.656428, 7.175033]]], [[[-225.630065, 7.175237], [-225.630213, 7.175258], [-225.63024, 7.175257], [-225.630263, 7.175243], [-225.6303, 7.175202], [-225.630304, 7.175172], [-225.630292, 7.175144], [-225.630168, 7.175079], [-225.630126, 7.175068], [-225.630092, 7.175068], [-225.630069, 7.175078], [-225.630051, 7.175098], [-225.630037, 7.17512], [-225.630032, 7.175143], [-225.630042, 7.175218], [-225.630048, 7.175231], [-225.630065, 7.175237]]], [[[-225.649413, 7.175109], [-225.649345, 7.17514], [-225.649271, 7.17518], [-225.649219, 7.175233], [-225.649191, 7.175301], [-225.649194, 7.175356], [-225.64921, 7.175402], [-225.649238, 7.175436], [-225.649277, 7.175463], [-225.649324, 7.175469], [-225.649407, 7.175457], [-225.649582, 7.175334], [-225.649616, 7.175309], [-225.649634, 7.175232], [-225.649628, 7.175164], [-225.649585, 7.175119], [-225.649524, 7.175097], [-225.649413, 7.175109]]], [[[-225.645786, 7.175398], [-225.64577, 7.175429], [-225.64576, 7.175468], [-225.645774, 7.175519], [-225.645792, 7.175539], [-225.645819, 7.175553], [-225.645852, 7.175545], [-225.645911, 7.175505], [-225.645902, 7.175438], [-225.645883, 7.175418], [-225.645848, 7.175395], [-225.645786, 7.175398]]], [[[-225.636099, 7.175647], [-225.636438, 7.175642], [-225.636803, 7.175211], [-225.636854, 7.17506], [-225.636899, 7.17484], [-225.636872, 7.174593], [-225.636807, 7.174433], [-225.636715, 7.174327], [-225.636578, 7.174287], [-225.636473, 7.174287], [-225.636363, 7.174318], [-225.636321, 7.174365], [-225.636129, 7.17458], [-225.635694, 7.175075], [-225.635672, 7.175208], [-225.635718, 7.175377], [-225.635855, 7.175501], [-225.636099, 7.175647]]], [[[-225.650026, 7.175622], [-225.650087, 7.175702], [-225.650137, 7.175738], [-225.650306, 7.175757], [-225.65038, 7.175735], [-225.650712, 7.175615], [-225.650908, 7.174947], [-225.650929, 7.174757], [-225.650738, 7.174551], [-225.650495, 7.174404], [-225.650351, 7.174349], [-225.650215, 7.174316], [-225.650122, 7.174315], [-225.650067, 7.174334], [-225.649659, 7.174937], [-225.649634, 7.174989], [-225.649628, 7.175096], [-225.649721, 7.175302], [-225.650026, 7.175622]]], [[[-225.733706, 7.175093], [-225.733654, 7.17515], [-225.733415, 7.175488], [-225.733426, 7.175576], [-225.733468, 7.175654], [-225.733805, 7.175809], [-225.73406, 7.175809], [-225.734164, 7.175746], [-225.734242, 7.175689], [-225.734288, 7.175554], [-225.734319, 7.175387], [-225.734241, 7.175217], [-225.734116, 7.175139], [-225.733944, 7.175077], [-225.733799, 7.175077], [-225.733706, 7.175093]]], [[[-225.724085, 7.175759], [-225.725427, 7.175821], [-225.726481, 7.175864], [-225.726583, 7.175826], [-225.726589, 7.175723], [-225.726544, 7.175601], [-225.726344, 7.175127], [-225.726009, 7.17471], [-225.725849, 7.174614], [-225.725695, 7.174633], [-225.72418, 7.17531], [-225.723789, 7.175541], [-225.72377, 7.175651], [-225.72384, 7.175702], [-225.723936, 7.175746], [-225.724085, 7.175759]]], [[[-225.630534, 7.175538], [-225.630426, 7.175562], [-225.630384, 7.175597], [-225.630319, 7.175715], [-225.630306, 7.175778], [-225.630312, 7.175849], [-225.630322, 7.175904], [-225.630344, 7.175957], [-225.630372, 7.176004], [-225.630409, 7.176036], [-225.630467, 7.176069], [-225.630522, 7.176092], [-225.630614, 7.176105], [-225.630788, 7.176077], [-225.630817, 7.176059], [-225.630848, 7.176008], [-225.630861, 7.175955], [-225.630868, 7.175884], [-225.63087, 7.175812], [-225.630861, 7.175753], [-225.630844, 7.175711], [-225.6308, 7.175685], [-225.630675, 7.175587], [-225.630641, 7.175557], [-225.630589, 7.175537], [-225.630534, 7.175538]]], [[[-225.740554, 7.17214], [-225.740363, 7.172168], [-225.740246, 7.172195], [-225.740219, 7.172291], [-225.740233, 7.172407], [-225.740357, 7.173124], [-225.74108, 7.175679], [-225.741621, 7.176292], [-225.741696, 7.176306], [-225.741806, 7.176305], [-225.741881, 7.176258], [-225.741935, 7.176182], [-225.741962, 7.176087], [-225.742377, 7.174549], [-225.742377, 7.174392], [-225.742191, 7.173818], [-225.742074, 7.173627], [-225.740917, 7.172324], [-225.740554, 7.17214]]], [[[-225.653087, 7.176027], [-225.653048, 7.176065], [-225.653031, 7.176119], [-225.653025, 7.176179], [-225.653034, 7.176244], [-225.653063, 7.176289], [-225.653103, 7.176333], [-225.65316, 7.176352], [-225.653225, 7.176355], [-225.653289, 7.176342], [-225.653276, 7.176258], [-225.653218, 7.176101], [-225.653179, 7.176043], [-225.653126, 7.176018], [-225.653087, 7.176027]]], [[[-225.773547, 7.176053], [-225.773947, 7.176396], [-225.774056, 7.176395], [-225.774104, 7.176364], [-225.774026, 7.176256], [-225.773826, 7.176044], [-225.773765, 7.175992], [-225.773647, 7.175975], [-225.773551, 7.176001], [-225.773547, 7.176053]]], [[[-225.73504, 7.176319], [-225.735092, 7.176358], [-225.735297, 7.176466], [-225.73543, 7.176487], [-225.735481, 7.17648], [-225.735514, 7.176463], [-225.735542, 7.176412], [-225.73554, 7.17635], [-225.735489, 7.176292], [-225.735429, 7.176264], [-225.735143, 7.176137], [-225.735094, 7.176119], [-225.735051, 7.176113], [-225.735024, 7.176139], [-225.735004, 7.17618], [-225.735011, 7.176227], [-225.735022, 7.176274], [-225.73504, 7.176319]]], [[[-225.738497, 7.175672], [-225.738394, 7.175729], [-225.738273, 7.175927], [-225.738104, 7.176257], [-225.738101, 7.176361], [-225.738136, 7.176401], [-225.738593, 7.176621], [-225.738662, 7.176615], [-225.738739, 7.176575], [-225.738863, 7.176492], [-225.738946, 7.176348], [-225.738992, 7.176225], [-225.738983, 7.176041], [-225.738957, 7.175866], [-225.738859, 7.175754], [-225.738729, 7.17568], [-225.738594, 7.175648], [-225.738497, 7.175672]]], [[[-225.65386, 7.175802], [-225.654806, 7.176457], [-225.655362, 7.176739], [-225.655427, 7.176752], [-225.655455, 7.17673], [-225.655531, 7.176514], [-225.655549, 7.176441], [-225.65555, 7.17633], [-225.655531, 7.176265], [-225.65462, 7.175647], [-225.654367, 7.175528], [-225.654257, 7.175512], [-225.654195, 7.175522], [-225.653859, 7.175615], [-225.65386, 7.175802]]], [[[-225.632608, 7.176247], [-225.632608, 7.176279], [-225.632626, 7.17636], [-225.632664, 7.176488], [-225.632678, 7.176535], [-225.632729, 7.176686], [-225.632808, 7.176782], [-225.63285, 7.176807], [-225.632878, 7.176805], [-225.632914, 7.176781], [-225.63299, 7.176718], [-225.633007, 7.17667], [-225.633015, 7.176615], [-225.633, 7.176555], [-225.632948, 7.176468], [-225.632915, 7.176438], [-225.632723, 7.176283], [-225.632664, 7.176242], [-225.632622, 7.176229], [-225.632608, 7.176247]]], [[[-225.72583, 7.176639], [-225.725785, 7.176666], [-225.725803, 7.176727], [-225.725843, 7.176788], [-225.725896, 7.176835], [-225.726002, 7.176835], [-225.726011, 7.176805], [-225.725972, 7.176722], [-225.725921, 7.176645], [-225.725886, 7.176632], [-225.72583, 7.176639]]], [[[-225.618695, 7.176677], [-225.618633, 7.17671], [-225.618487, 7.176824], [-225.618469, 7.176846], [-225.618446, 7.176897], [-225.618472, 7.177025], [-225.618506, 7.177109], [-225.618575, 7.17716], [-225.618656, 7.177201], [-225.618747, 7.177197], [-225.618828, 7.177189], [-225.618885, 7.177147], [-225.618934, 7.177105], [-225.618963, 7.177035], [-225.61897, 7.176937], [-225.618937, 7.176816], [-225.618886, 7.17675], [-225.618827, 7.176684], [-225.618769, 7.176655], [-225.618695, 7.176677]]], [[[-225.743532, 7.175708], [-225.743443, 7.175768], [-225.743402, 7.175908], [-225.743411, 7.176043], [-225.743645, 7.176693], [-225.743776, 7.177032], [-225.743925, 7.177218], [-225.74426, 7.177365], [-225.744339, 7.177365], [-225.744395, 7.177347], [-225.7444, 7.177249], [-225.744367, 7.177132], [-225.743997, 7.175907], [-225.743802, 7.175712], [-225.743657, 7.17568], [-225.743532, 7.175708]]], [[[-225.653878, 7.177096], [-225.653825, 7.177124], [-225.653777, 7.177177], [-225.653765, 7.177227], [-225.653769, 7.177278], [-225.653792, 7.17735], [-225.653836, 7.177389], [-225.653891, 7.177413], [-225.653929, 7.1774], [-225.653972, 7.177358], [-225.653999, 7.177164], [-225.653963, 7.17712], [-225.653926, 7.177092], [-225.653878, 7.177096]]], [[[-225.722451, 7.176825], [-225.722317, 7.176892], [-225.722194, 7.177004], [-225.722122, 7.177117], [-225.722101, 7.177241], [-225.722129, 7.177332], [-225.722198, 7.177405], [-225.722286, 7.177432], [-225.722396, 7.177388], [-225.72247, 7.177329], [-225.722749, 7.177082], [-225.722811, 7.176968], [-225.722789, 7.1769], [-225.722726, 7.176863], [-225.722614, 7.176819], [-225.722532, 7.176791], [-225.722451, 7.176825]]], [[[-225.738959, 7.176964], [-225.738892, 7.177047], [-225.738858, 7.177141], [-225.738849, 7.177271], [-225.738865, 7.177371], [-225.738902, 7.177414], [-225.738972, 7.177443], [-225.739091, 7.177451], [-225.739152, 7.177423], [-225.739217, 7.177377], [-225.739272, 7.177281], [-225.739275, 7.177122], [-225.739223, 7.177008], [-225.739148, 7.176959], [-225.739049, 7.176949], [-225.738959, 7.176964]]], [[[-225.648343, 7.175018], [-225.648274, 7.175066], [-225.648243, 7.17515], [-225.648042, 7.175688], [-225.64787, 7.176383], [-225.647852, 7.177387], [-225.647876, 7.177459], [-225.647928, 7.177511], [-225.647976, 7.177512], [-225.648077, 7.177487], [-225.648145, 7.177467], [-225.648234, 7.17743], [-225.648398, 7.17735], [-225.648495, 7.177282], [-225.649213, 7.176671], [-225.649278, 7.17661], [-225.64945, 7.176365], [-225.649446, 7.176216], [-225.649434, 7.176052], [-225.649393, 7.175883], [-225.649313, 7.175698], [-225.649127, 7.175289], [-225.649066, 7.175185], [-225.649006, 7.175133], [-225.648894, 7.175057], [-225.648773, 7.175029], [-225.648616, 7.175001], [-225.648455, 7.174993], [-225.648343, 7.175018]]], [[[-225.632636, 7.177148], [-225.632613, 7.177184], [-225.632567, 7.177277], [-225.632553, 7.177329], [-225.632548, 7.177393], [-225.632553, 7.177464], [-225.632576, 7.177564], [-225.632605, 7.177591], [-225.632647, 7.177596], [-225.632677, 7.177583], [-225.632712, 7.177558], [-225.632837, 7.177463], [-225.632869, 7.177419], [-225.632873, 7.177374], [-225.632861, 7.177338], [-225.63284, 7.177297], [-225.632752, 7.177178], [-225.63271, 7.177151], [-225.632669, 7.17714], [-225.632636, 7.177148]]], [[[-225.660007, 7.175332], [-225.660012, 7.175497], [-225.661142, 7.177262], [-225.661302, 7.177366], [-225.661352, 7.176897], [-225.661345, 7.176533], [-225.661018, 7.175777], [-225.660769, 7.175237], [-225.660703, 7.175215], [-225.660144, 7.175144], [-225.660083, 7.175144], [-225.660034, 7.175238], [-225.660007, 7.175332]]], [[[-225.658213, 7.177049], [-225.658132, 7.177125], [-225.658034, 7.177297], [-225.657987, 7.177472], [-225.657972, 7.177578], [-225.657976, 7.177731], [-225.658067, 7.177946], [-225.658126, 7.178033], [-225.658166, 7.178047], [-225.658213, 7.178033], [-225.658261, 7.178004], [-225.658316, 7.177937], [-225.658363, 7.177835], [-225.658385, 7.177752], [-225.658429, 7.177496], [-225.658439, 7.177354], [-225.658432, 7.177238], [-225.658242, 7.177048], [-225.658213, 7.177049]]], [[[-225.723651, 7.177524], [-225.723582, 7.177671], [-225.723573, 7.177781], [-225.723595, 7.177871], [-225.723649, 7.177974], [-225.72378, 7.178089], [-225.723921, 7.178092], [-225.723968, 7.178077], [-225.72399, 7.178033], [-225.724021, 7.177955], [-225.724021, 7.177849], [-225.723996, 7.177708], [-225.723948, 7.177589], [-225.723836, 7.177517], [-225.723741, 7.177486], [-225.723651, 7.177524]]], [[[-225.651133, 7.178488], [-225.651184, 7.17853], [-225.651248, 7.178534], [-225.651278, 7.178513], [-225.651375, 7.178432], [-225.651429, 7.178309], [-225.651476, 7.178191], [-225.651484, 7.178089], [-225.651314, 7.177411], [-225.651263, 7.177246], [-225.651123, 7.177035], [-225.651063, 7.177018], [-225.651008, 7.177043], [-225.650949, 7.177132], [-225.650941, 7.177247], [-225.650932, 7.177425], [-225.65095, 7.177709], [-225.651019, 7.178171], [-225.651133, 7.178488]]], [[[-225.625656, 7.177584], [-225.625552, 7.177637], [-225.6255, 7.177666], [-225.62513, 7.177975], [-225.625074, 7.178027], [-225.624925, 7.178192], [-225.624893, 7.178276], [-225.624918, 7.178361], [-225.62495, 7.178445], [-225.625195, 7.178773], [-225.625264, 7.178814], [-225.625336, 7.178845], [-225.625421, 7.178865], [-225.625622, 7.178865], [-225.625731, 7.178849], [-225.625795, 7.17876], [-225.625854, 7.178556], [-225.625942, 7.178247], [-225.62595, 7.178102], [-225.625913, 7.177685], [-225.625885, 7.177588], [-225.625848, 7.177549], [-225.625781, 7.177557], [-225.625656, 7.177584]]], [[[-225.729688, 7.177348], [-225.729637, 7.177457], [-225.729638, 7.177611], [-225.729813, 7.178579], [-225.72989, 7.178804], [-225.729974, 7.178983], [-225.730089, 7.17906], [-225.73016, 7.179022], [-225.730963, 7.178513], [-225.731141, 7.178237], [-225.731148, 7.178076], [-225.73109, 7.177942], [-225.730858, 7.177416], [-225.730671, 7.177192], [-225.730556, 7.177148], [-225.729759, 7.1772], [-225.729688, 7.177348]]], [[[-225.632445, 7.179429], [-225.632546, 7.179442], [-225.63265, 7.179346], [-225.632689, 7.179283], [-225.632724, 7.179195], [-225.632733, 7.179035], [-225.632677, 7.178912], [-225.632584, 7.178778], [-225.632435, 7.178618], [-225.632353, 7.178545], [-225.632306, 7.178528], [-225.632169, 7.178482], [-225.632025, 7.17849], [-225.63199, 7.17852], [-225.631587, 7.179136], [-225.631589, 7.179182], [-225.6316, 7.179249], [-225.631658, 7.179309], [-225.63182, 7.179374], [-225.631997, 7.179421], [-225.632046, 7.179423], [-225.632445, 7.179429]]], [[[-225.645342, 7.179573], [-225.645327, 7.17964], [-225.645331, 7.179727], [-225.645363, 7.179809], [-225.645406, 7.179857], [-225.645465, 7.179876], [-225.645536, 7.179876], [-225.645575, 7.179852], [-225.645603, 7.179785], [-225.645623, 7.179711], [-225.645599, 7.179628], [-225.645547, 7.179561], [-225.645484, 7.179529], [-225.645381, 7.179522], [-225.645342, 7.179573]]], [[[-225.728029, 7.176214], [-225.728153, 7.177203], [-225.728484, 7.179742], [-225.728549, 7.179877], [-225.728691, 7.179941], [-225.728928, 7.179973], [-225.729012, 7.179915], [-225.729076, 7.179857], [-225.729166, 7.179709], [-225.729235, 7.179414], [-225.729034, 7.178336], [-225.730072, 7.176359], [-225.733024, 7.174096], [-225.733139, 7.173986], [-225.733228, 7.173698], [-225.733222, 7.173628], [-225.733165, 7.173544], [-225.733049, 7.173531], [-225.732862, 7.17357], [-225.731559, 7.173989], [-225.731135, 7.174189], [-225.728369, 7.175778], [-225.728029, 7.176214]]], [[[-225.737526, 7.17985], [-225.737498, 7.179902], [-225.737504, 7.179955], [-225.737543, 7.179994], [-225.73758, 7.180005], [-225.737647, 7.179991], [-225.737683, 7.179954], [-225.737695, 7.179921], [-225.737681, 7.179867], [-225.737644, 7.179842], [-225.737593, 7.179837], [-225.737526, 7.17985]]], [[[-225.640957, 7.179819], [-225.640912, 7.179863], [-225.640891, 7.179935], [-225.640924, 7.179978], [-225.641106, 7.180039], [-225.641112, 7.180039], [-225.64115, 7.180006], [-225.641178, 7.179961], [-225.641156, 7.179884], [-225.641095, 7.179829], [-225.641029, 7.179807], [-225.640957, 7.179819]]], [[[-225.619103, 7.179624], [-225.619078, 7.179662], [-225.619029, 7.179801], [-225.619004, 7.17989], [-225.619011, 7.179988], [-225.61905, 7.180067], [-225.619104, 7.180124], [-225.619142, 7.180151], [-225.619153, 7.180145], [-225.619193, 7.180059], [-225.619256, 7.179825], [-225.619249, 7.179744], [-225.619231, 7.17968], [-225.619192, 7.179634], [-225.619142, 7.17961], [-225.619103, 7.179624]]], [[[-225.737296, 7.18041], [-225.737259, 7.180431], [-225.737242, 7.180487], [-225.737254, 7.180517], [-225.737288, 7.18054], [-225.73733, 7.18054], [-225.737372, 7.18052], [-225.737389, 7.180452], [-225.737378, 7.180416], [-225.737338, 7.180405], [-225.737296, 7.18041]]], [[[-225.727693, 7.179872], [-225.727617, 7.1799], [-225.727561, 7.179964], [-225.727526, 7.18003], [-225.727519, 7.180076], [-225.727513, 7.180128], [-225.727522, 7.180245], [-225.727555, 7.180335], [-225.72759, 7.18042], [-225.727677, 7.18056], [-225.727739, 7.1806], [-225.727841, 7.180606], [-225.72789, 7.180566], [-225.727898, 7.180523], [-225.727919, 7.180225], [-225.727925, 7.180054], [-225.727903, 7.179923], [-225.72785, 7.179881], [-225.727772, 7.179861], [-225.727693, 7.179872]]], [[[-225.639482, 7.17955], [-225.639416, 7.179639], [-225.639322, 7.179776], [-225.639228, 7.179992], [-225.639063, 7.180891], [-225.639064, 7.181101], [-225.639169, 7.181421], [-225.639197, 7.181443], [-225.639296, 7.181388], [-225.639792, 7.180885], [-225.63987, 7.180791], [-225.639914, 7.180642], [-225.639941, 7.180487], [-225.639964, 7.180338], [-225.640294, 7.179571], [-225.640327, 7.179527], [-225.640425, 7.179345], [-225.640437, 7.179317], [-225.640425, 7.179295], [-225.6402, 7.179328], [-225.639559, 7.179522], [-225.639482, 7.17955]]], [[[-225.735193, 7.181552], [-225.735162, 7.181612], [-225.735195, 7.181717], [-225.735295, 7.181895], [-225.735438, 7.182123], [-225.735563, 7.18227], [-225.735676, 7.182294], [-225.73574, 7.182247], [-225.735761, 7.182193], [-225.735793, 7.182078], [-225.735775, 7.181947], [-225.735716, 7.181803], [-225.735629, 7.181638], [-225.735567, 7.181564], [-225.735433, 7.181523], [-225.735276, 7.181513], [-225.735193, 7.181552]]], [[[-225.758031, 7.182236], [-225.758054, 7.182282], [-225.758143, 7.182361], [-225.758366, 7.182495], [-225.758962, 7.182708], [-225.759045, 7.18269], [-225.759073, 7.182619], [-225.759074, 7.182545], [-225.759055, 7.182415], [-225.75898, 7.182275], [-225.758873, 7.182183], [-225.758798, 7.182169], [-225.758449, 7.18217], [-225.758035, 7.182185], [-225.758031, 7.182236]]], [[[-225.729908, 7.179229], [-225.729829, 7.179277], [-225.729781, 7.179342], [-225.729597, 7.179958], [-225.729598, 7.180135], [-225.729622, 7.180479], [-225.729783, 7.180807], [-225.729935, 7.181022], [-225.73069, 7.18179], [-225.731188, 7.182237], [-225.73195, 7.18278], [-225.732134, 7.182868], [-225.73231, 7.182875], [-225.732479, 7.182859], [-225.732559, 7.182779], [-225.732574, 7.182635], [-225.732558, 7.182506], [-225.732454, 7.182347], [-225.730671, 7.179933], [-225.729996, 7.179214], [-225.729908, 7.179229]]], [[[-225.747015, 7.1828], [-225.747192, 7.182901], [-225.747368, 7.182915], [-225.747429, 7.182864], [-225.747433, 7.182736], [-225.747425, 7.182585], [-225.747177, 7.181857], [-225.747065, 7.181583], [-225.746961, 7.181369], [-225.746845, 7.181286], [-225.746724, 7.181272], [-225.746622, 7.181346], [-225.746492, 7.181523], [-225.746446, 7.181653], [-225.746474, 7.181844], [-225.746534, 7.182104], [-225.746624, 7.182345], [-225.746759, 7.182508], [-225.747015, 7.1828]]], [[[-225.639662, 7.182226], [-225.639604, 7.182317], [-225.639575, 7.182387], [-225.639637, 7.182678], [-225.639722, 7.182878], [-225.639814, 7.182951], [-225.639915, 7.182969], [-225.640058, 7.182973], [-225.640145, 7.182969], [-225.640298, 7.18283], [-225.640342, 7.182739], [-225.640368, 7.182611], [-225.640349, 7.182447], [-225.640327, 7.182294], [-225.640283, 7.182217], [-225.640184, 7.182177], [-225.640079, 7.182152], [-225.639988, 7.182145], [-225.639724, 7.182164], [-225.639662, 7.182226]]], [[[-225.737541, 7.183288], [-225.738987, 7.183107], [-225.739654, 7.182701], [-225.740519, 7.181109], [-225.740608, 7.180923], [-225.740679, 7.180653], [-225.740704, 7.180384], [-225.74069, 7.179691], [-225.740385, 7.177581], [-225.740339, 7.177394], [-225.740249, 7.177234], [-225.740082, 7.1771], [-225.739844, 7.177087], [-225.739625, 7.177094], [-225.739504, 7.177121], [-225.73942, 7.177204], [-225.739414, 7.177326], [-225.739512, 7.178153], [-225.739514, 7.179288], [-225.739508, 7.179455], [-225.739482, 7.179603], [-225.739437, 7.179687], [-225.739341, 7.179674], [-225.739187, 7.179604], [-225.739039, 7.179514], [-225.737427, 7.176008], [-225.736792, 7.176271], [-225.738049, 7.179117], [-225.736993, 7.182084], [-225.735337, 7.182465], [-225.735247, 7.182516], [-225.735196, 7.182683], [-225.735196, 7.182779], [-225.735222, 7.182984], [-225.735274, 7.183055], [-225.735396, 7.183113], [-225.735575, 7.183138], [-225.73742, 7.183289], [-225.737541, 7.183288]]], [[[-225.638123, 7.183566], [-225.63813, 7.183586], [-225.638145, 7.183611], [-225.638208, 7.183674], [-225.638237, 7.183695], [-225.638265, 7.183696], [-225.638286, 7.183682], [-225.638297, 7.183649], [-225.638302, 7.183615], [-225.638296, 7.183584], [-225.638282, 7.183556], [-225.638191, 7.183508], [-225.638172, 7.183503], [-225.638133, 7.183517], [-225.638125, 7.183534], [-225.638123, 7.183566]]], [[[-225.625047, 7.182589], [-225.624862, 7.182643], [-225.624726, 7.1827], [-225.624677, 7.182762], [-225.624653, 7.182815], [-225.624649, 7.182873], [-225.624636, 7.183147], [-225.624632, 7.183303], [-225.624661, 7.183398], [-225.624707, 7.1838], [-225.624711, 7.183845], [-225.624728, 7.183915], [-225.624769, 7.183968], [-225.624814, 7.184009], [-225.624876, 7.184026], [-225.624954, 7.184026], [-225.625028, 7.184004], [-225.625081, 7.183972], [-225.625327, 7.183532], [-225.62536, 7.183442], [-225.625479, 7.182949], [-225.625462, 7.182872], [-225.625367, 7.182662], [-225.625285, 7.182613], [-225.625207, 7.18258], [-225.625117, 7.182572], [-225.625047, 7.182589]]], [[[-225.639871, 7.18402], [-225.639829, 7.184048], [-225.639808, 7.184085], [-225.6398, 7.18412], [-225.639808, 7.184155], [-225.639839, 7.184178], [-225.639869, 7.184186], [-225.639917, 7.18418], [-225.639978, 7.184134], [-225.639997, 7.184099], [-225.639991, 7.184041], [-225.639966, 7.184019], [-225.639916, 7.184004], [-225.639871, 7.18402]]], [[[-225.759713, 7.183957], [-225.75968, 7.184026], [-225.759666, 7.184087], [-225.759714, 7.184156], [-225.759746, 7.184198], [-225.759815, 7.184207], [-225.759899, 7.184184], [-225.759946, 7.184109], [-225.759936, 7.184049], [-225.759913, 7.183993], [-225.759843, 7.183952], [-225.759778, 7.183938], [-225.759713, 7.183957]]], [[[-225.626828, 7.181471], [-225.627825, 7.182023], [-225.628633, 7.180892], [-225.629563, 7.174598], [-225.627574, 7.172554], [-225.625979, 7.180207], [-225.626828, 7.181471]]], [[[-225.620638, 7.184219], [-225.620597, 7.184267], [-225.620633, 7.18435], [-225.620704, 7.184392], [-225.620923, 7.184537], [-225.620952, 7.184557], [-225.621013, 7.18455], [-225.621045, 7.184481], [-225.62105, 7.184452], [-225.621016, 7.184392], [-225.620761, 7.18423], [-225.620671, 7.184214], [-225.620638, 7.184219]]], [[[-225.630085, 7.184447], [-225.630069, 7.184471], [-225.630012, 7.184586], [-225.630007, 7.184641], [-225.630024, 7.18468], [-225.630057, 7.184731], [-225.630229, 7.184921], [-225.630305, 7.184996], [-225.630343, 7.185022], [-225.630394, 7.185038], [-225.630433, 7.185038], [-225.630453, 7.185025], [-225.630453, 7.184974], [-225.630438, 7.184928], [-225.630333, 7.184648], [-225.630261, 7.184551], [-225.630191, 7.184482], [-225.630146, 7.184453], [-225.63011, 7.184446], [-225.630085, 7.184447]]], [[[-225.738844, 7.184675], [-225.738815, 7.184704], [-225.738845, 7.184787], [-225.738924, 7.184879], [-225.739031, 7.184992], [-225.739152, 7.185052], [-225.739213, 7.185061], [-225.739258, 7.185063], [-225.739333, 7.185054], [-225.739405, 7.185012], [-225.739555, 7.184872], [-225.739578, 7.18483], [-225.739578, 7.18479], [-225.739555, 7.184739], [-225.739488, 7.18468], [-225.739376, 7.184623], [-225.739318, 7.18461], [-225.739277, 7.184611], [-225.739226, 7.184622], [-225.739056, 7.184643], [-225.738991, 7.184648], [-225.738869, 7.184663], [-225.738844, 7.184675]]], [[[-225.631175, 7.183803], [-225.631143, 7.183913], [-225.631251, 7.184317], [-225.631393, 7.184733], [-225.631625, 7.185114], [-225.631647, 7.185141], [-225.631701, 7.185144], [-225.63203, 7.185085], [-225.63207, 7.18506], [-225.632112, 7.185022], [-225.632143, 7.184964], [-225.632153, 7.184899], [-225.63215, 7.18484], [-225.632134, 7.184767], [-225.632115, 7.184727], [-225.631363, 7.183886], [-225.631306, 7.183838], [-225.631236, 7.1838], [-225.631185, 7.183793], [-225.631175, 7.183803]]], [[[-225.760793, 7.184887], [-225.760709, 7.184951], [-225.76069, 7.185008], [-225.760759, 7.185108], [-225.760833, 7.185157], [-225.76092, 7.185196], [-225.76108, 7.185231], [-225.761114, 7.185222], [-225.761143, 7.18519], [-225.761155, 7.185142], [-225.761143, 7.185076], [-225.761097, 7.184984], [-225.760979, 7.184899], [-225.760893, 7.184873], [-225.760793, 7.184887]]], [[[-225.637741, 7.183901], [-225.637698, 7.184005], [-225.637681, 7.184153], [-225.637676, 7.184279], [-225.637681, 7.184682], [-225.637686, 7.184747], [-225.637739, 7.184915], [-225.637769, 7.184998], [-225.637812, 7.185062], [-225.637877, 7.185128], [-225.638086, 7.185267], [-225.638199, 7.185275], [-225.63826, 7.18521], [-225.638277, 7.185106], [-225.638294, 7.184832], [-225.638297, 7.184364], [-225.638292, 7.183809], [-225.638214, 7.183796], [-225.638101, 7.183783], [-225.638024, 7.183801], [-225.637784, 7.18387], [-225.637741, 7.183901]]], [[[-225.737083, 7.184067], [-225.737007, 7.184119], [-225.73698, 7.184156], [-225.736959, 7.184195], [-225.736871, 7.184476], [-225.736715, 7.18519], [-225.736721, 7.185306], [-225.736762, 7.18541], [-225.736851, 7.185467], [-225.736961, 7.185485], [-225.737069, 7.185479], [-225.737103, 7.185407], [-225.737193, 7.184548], [-225.737174, 7.184246], [-225.737128, 7.184091], [-225.737091, 7.184062], [-225.737083, 7.184067]]], [[[-225.732576, 7.185637], [-225.732603, 7.185711], [-225.73269, 7.185738], [-225.732737, 7.185664], [-225.732717, 7.185644], [-225.732663, 7.185617], [-225.732629, 7.185611], [-225.732576, 7.185637]]], [[[-225.744641, 7.185341], [-225.744626, 7.185899], [-225.744774, 7.186119], [-225.744789, 7.186132], [-225.744871, 7.186071], [-225.7449, 7.186018], [-225.74491, 7.185937], [-225.744913, 7.185829], [-225.744919, 7.18526], [-225.744863, 7.184957], [-225.744841, 7.184922], [-225.744811, 7.184912], [-225.744778, 7.184919], [-225.744738, 7.184942], [-225.744695, 7.184982], [-225.744685, 7.185017], [-225.744641, 7.185326], [-225.744641, 7.185341]]], [[[-225.76123, 7.185332], [-225.761047, 7.185919], [-225.761043, 7.186027], [-225.761227, 7.186295], [-225.761365, 7.186352], [-225.761487, 7.186352], [-225.761603, 7.186303], [-225.762731, 7.185353], [-225.76273, 7.185276], [-225.762716, 7.18516], [-225.7626, 7.184883], [-225.762536, 7.184758], [-225.762425, 7.184655], [-225.762205, 7.184659], [-225.761377, 7.185144], [-225.76123, 7.185332]]], [[[-225.76304, 7.186405], [-225.763069, 7.186449], [-225.763104, 7.186473], [-225.763118, 7.18647], [-225.763221, 7.186387], [-225.763232, 7.186377], [-225.763252, 7.186349], [-225.763254, 7.186319], [-225.76324, 7.186281], [-225.763214, 7.186249], [-225.763163, 7.186217], [-225.763105, 7.186193], [-225.763047, 7.186175], [-225.763014, 7.186177], [-225.76299, 7.186196], [-225.762983, 7.186234], [-225.762991, 7.186276], [-225.763023, 7.186363], [-225.76304, 7.186405]]], [[[-225.744927, 7.186379], [-225.744889, 7.186402], [-225.744863, 7.186443], [-225.744865, 7.186487], [-225.744895, 7.186531], [-225.744932, 7.186555], [-225.744988, 7.186553], [-225.74502, 7.186537], [-225.745038, 7.186513], [-225.74505, 7.186459], [-225.745024, 7.18641], [-225.744987, 7.186376], [-225.744927, 7.186379]]], [[[-225.760658, 7.186392], [-225.760595, 7.186454], [-225.760554, 7.186552], [-225.76053, 7.186826], [-225.760581, 7.187136], [-225.760621, 7.187291], [-225.760679, 7.187413], [-225.76078, 7.187479], [-225.760938, 7.187525], [-225.761061, 7.187527], [-225.761176, 7.187496], [-225.761241, 7.187458], [-225.761276, 7.187327], [-225.761177, 7.186952], [-225.761141, 7.186846], [-225.761053, 7.186649], [-225.760979, 7.186508], [-225.760907, 7.186405], [-225.760815, 7.186366], [-225.760735, 7.186366], [-225.760658, 7.186392]]], [[[-225.744972, 7.186744], [-225.744954, 7.186768], [-225.744999, 7.187227], [-225.745019, 7.187348], [-225.745055, 7.187476], [-225.74509, 7.187548], [-225.745126, 7.187578], [-225.745179, 7.187574], [-225.745221, 7.187552], [-225.745242, 7.18753], [-225.745261, 7.187484], [-225.74526, 7.187398], [-225.745189, 7.186978], [-225.745165, 7.186892], [-225.745095, 7.18678], [-225.745044, 7.186729], [-225.745014, 7.18672], [-225.744972, 7.186744]]], [[[-225.631533, 7.185647], [-225.631384, 7.187579], [-225.631378, 7.187669], [-225.631418, 7.187731], [-225.631497, 7.187833], [-225.631542, 7.187854], [-225.631548, 7.187854], [-225.63166, 7.187804], [-225.631773, 7.18773], [-225.632499, 7.186687], [-225.632555, 7.186529], [-225.632544, 7.18631], [-225.632431, 7.186079], [-225.632238, 7.185792], [-225.632063, 7.185629], [-225.631702, 7.185568], [-225.631635, 7.185561], [-225.631601, 7.185573], [-225.63155, 7.185601], [-225.631533, 7.185647]]], [[[-225.643325, 7.187432], [-225.643222, 7.187569], [-225.643205, 7.187643], [-225.643241, 7.187718], [-225.643422, 7.187952], [-225.643496, 7.188043], [-225.643573, 7.188083], [-225.643592, 7.187997], [-225.643599, 7.187911], [-225.643589, 7.187661], [-225.643567, 7.187599], [-225.64351, 7.187492], [-225.643421, 7.187408], [-225.643377, 7.187403], [-225.643325, 7.187432]]], [[[-225.623623, 7.188047], [-225.623585, 7.188082], [-225.623582, 7.188144], [-225.623593, 7.188194], [-225.623627, 7.188233], [-225.62368, 7.18828], [-225.623808, 7.188393], [-225.62388, 7.1884], [-225.623968, 7.188396], [-225.624001, 7.188362], [-225.624012, 7.188314], [-225.624015, 7.188262], [-225.624002, 7.188205], [-225.623986, 7.188183], [-225.623845, 7.188092], [-225.623783, 7.188056], [-225.623657, 7.18804], [-225.623623, 7.188047]]], [[[-225.615862, 7.186736], [-225.615735, 7.188407], [-225.61573, 7.188476], [-225.615763, 7.188504], [-225.615841, 7.1885], [-225.615995, 7.188476], [-225.61612, 7.188416], [-225.616426, 7.187905], [-225.616482, 7.187803], [-225.616491, 7.18771], [-225.616406, 7.186866], [-225.616118, 7.186509], [-225.616057, 7.186463], [-225.616002, 7.186453], [-225.615941, 7.186486], [-225.615886, 7.186523], [-225.615857, 7.186616], [-225.615862, 7.186736]]], [[[-225.761726, 7.186891], [-225.761445, 7.187212], [-225.761614, 7.187581], [-225.762306, 7.188541], [-225.7625, 7.188725], [-225.76271, 7.188763], [-225.76278, 7.188637], [-225.762506, 7.18778], [-225.762361, 7.187547], [-225.761911, 7.186827], [-225.761822, 7.186795], [-225.761726, 7.186891]]], [[[-225.626292, 7.188433], [-225.626256, 7.18845], [-225.626237, 7.18848], [-225.626232, 7.188525], [-225.626249, 7.188573], [-225.626314, 7.188688], [-225.626353, 7.18874], [-225.626405, 7.188789], [-225.626489, 7.188821], [-225.626574, 7.18883], [-225.626586, 7.188809], [-225.626556, 7.188757], [-225.626422, 7.188503], [-225.626411, 7.188478], [-225.626377, 7.188442], [-225.626328, 7.18843], [-225.626292, 7.188433]]], [[[-225.640097, 7.188489], [-225.640069, 7.188517], [-225.639969, 7.188717], [-225.640071, 7.188747], [-225.640234, 7.188606], [-225.640258, 7.18857], [-225.640266, 7.18854], [-225.640257, 7.188513], [-225.64024, 7.18849], [-225.640182, 7.188476], [-225.64013, 7.188474], [-225.640097, 7.188489]]], [[[-225.757019, 7.188332], [-225.756998, 7.188357], [-225.757017, 7.188702], [-225.757024, 7.188729], [-225.757037, 7.188763], [-225.757134, 7.188924], [-225.757163, 7.188958], [-225.757208, 7.188983], [-225.757282, 7.188982], [-225.757326, 7.188954], [-225.757424, 7.188784], [-225.757418, 7.188757], [-225.757348, 7.188596], [-225.757275, 7.188499], [-225.757132, 7.188311], [-225.757077, 7.188308], [-225.757019, 7.188332]]], [[[-225.762749, 7.189102], [-225.762653, 7.189214], [-225.762613, 7.189367], [-225.762613, 7.189479], [-225.762622, 7.189968], [-225.762735, 7.190056], [-225.762855, 7.190104], [-225.763096, 7.190095], [-225.763256, 7.190047], [-225.763336, 7.189967], [-225.763377, 7.18983], [-225.763288, 7.189566], [-225.763175, 7.189358], [-225.763014, 7.189134], [-225.762885, 7.189062], [-225.762749, 7.189102]]], [[[-225.749478, 7.189439], [-225.749368, 7.189501], [-225.749246, 7.189578], [-225.749087, 7.189692], [-225.748915, 7.189827], [-225.748807, 7.189937], [-225.748777, 7.190019], [-225.748802, 7.190096], [-225.748858, 7.190167], [-225.748918, 7.190188], [-225.74901, 7.190167], [-225.749115, 7.190116], [-225.749431, 7.189898], [-225.74973, 7.189652], [-225.749804, 7.189587], [-225.749798, 7.189518], [-225.749735, 7.189447], [-225.749661, 7.189405], [-225.749583, 7.189399], [-225.749478, 7.189439]]], [[[-225.620943, 7.177758], [-225.621149, 7.178045], [-225.621188, 7.178146], [-225.621445, 7.180329], [-225.621427, 7.181421], [-225.621233, 7.186976], [-225.621183, 7.189208], [-225.621203, 7.189293], [-225.621246, 7.189346], [-225.621597, 7.189753], [-225.621865, 7.189953], [-225.62235, 7.190206], [-225.622393, 7.190197], [-225.622436, 7.190178], [-225.622479, 7.190134], [-225.622498, 7.190077], [-225.622508, 7.189996], [-225.622837, 7.181989], [-225.623004, 7.17743], [-225.622396, 7.171403], [-225.620976, 7.164789], [-225.622305, 7.163815], [-225.625381, 7.163579], [-225.626159, 7.16477], [-225.628416, 7.16378], [-225.634129, 7.158543], [-225.642141, 7.155791], [-225.642612, 7.155679], [-225.64357, 7.155517], [-225.644018, 7.155453], [-225.645327, 7.155483], [-225.645471, 7.155499], [-225.645679, 7.155531], [-225.648874, 7.156053], [-225.649243, 7.156124], [-225.649857, 7.156347], [-225.650166, 7.156513], [-225.650404, 7.156716], [-225.650522, 7.156856], [-225.650633, 7.157016], [-225.650696, 7.157122], [-225.650915, 7.157495], [-225.650949, 7.157558], [-225.65108, 7.157814], [-225.651209, 7.158113], [-225.65123, 7.158197], [-225.651258, 7.158525], [-225.651265, 7.158707], [-225.651108, 7.161006], [-225.651633, 7.165184], [-225.651373, 7.166052], [-225.64992, 7.169533], [-225.649453, 7.170627], [-225.649335, 7.170827], [-225.648967, 7.171176], [-225.645537, 7.175054], [-225.650306, 7.173475], [-225.651043, 7.174752], [-225.651011, 7.175328], [-225.651769, 7.17538], [-225.652156, 7.17527], [-225.655668, 7.173902], [-225.656485, 7.172596], [-225.657962, 7.169998], [-225.655635, 7.167973], [-225.655738, 7.164602], [-225.653352, 7.155782], [-225.653696, 7.152516], [-225.654838, 7.149894], [-225.65492, 7.149894], [-225.655003, 7.149845], [-225.655103, 7.149719], [-225.655215, 7.14954], [-225.655926, 7.147984], [-225.656244, 7.146899], [-225.656282, 7.146709], [-225.65622, 7.146526], [-225.656137, 7.146303], [-225.65584, 7.145805], [-225.655631, 7.145548], [-225.655141, 7.145128], [-225.653664, 7.143876], [-225.652253, 7.143208], [-225.651276, 7.142786], [-225.647319, 7.141306], [-225.645117, 7.140995], [-225.638339, 7.143781], [-225.63494, 7.145701], [-225.635819, 7.145656], [-225.636237, 7.145728], [-225.636375, 7.145792], [-225.636569, 7.146051], [-225.636828, 7.14676], [-225.636867, 7.146885], [-225.636858, 7.147029], [-225.636829, 7.147173], [-225.636772, 7.147345], [-225.636695, 7.147461], [-225.636599, 7.147586], [-225.63611, 7.148028], [-225.634161, 7.149268], [-225.629332, 7.149668], [-225.629294, 7.149668], [-225.628459, 7.149627], [-225.62782, 7.14958], [-225.627612, 7.149501], [-225.627364, 7.149349], [-225.627108, 7.149038], [-225.625988, 7.14762], [-225.625868, 7.147389], [-225.625647, 7.146933], [-225.62564, 7.146774], [-225.621821, 7.140679], [-225.620758, 7.139039], [-225.619774, 7.1378], [-225.618925, 7.136786], [-225.617203, 7.135386], [-225.616506, 7.135323], [-225.61542, 7.135435], [-225.615342, 7.135445], [-225.615148, 7.135519], [-225.61508, 7.135571], [-225.614959, 7.135781], [-225.614918, 7.135902], [-225.614886, 7.136075], [-225.614846, 7.136666], [-225.614835, 7.136865], [-225.615515, 7.140075], [-225.61727, 7.14336], [-225.621552, 7.145201], [-225.622776, 7.153025], [-225.623034, 7.154764], [-225.623011, 7.155506], [-225.62294, 7.155905], [-225.622853, 7.156161], [-225.621825, 7.157965], [-225.619134, 7.1694], [-225.6189, 7.170894], [-225.620673, 7.177184], [-225.620943, 7.177758]]], [[[-225.771617, 7.188391], [-225.771503, 7.188429], [-225.771411, 7.188488], [-225.771352, 7.188564], [-225.771319, 7.188688], [-225.77072, 7.189987], [-225.770682, 7.190053], [-225.770683, 7.19015], [-225.770737, 7.190264], [-225.770845, 7.190279], [-225.770927, 7.190247], [-225.77104, 7.190133], [-225.771359, 7.189764], [-225.771543, 7.189472], [-225.771591, 7.189343], [-225.771634, 7.189175], [-225.77178, 7.188579], [-225.771795, 7.188482], [-225.771752, 7.188423], [-225.771703, 7.188391], [-225.771617, 7.188391]]], [[[-225.770342, 7.190129], [-225.770283, 7.190183], [-225.770228, 7.190269], [-225.770234, 7.190356], [-225.770266, 7.190443], [-225.770369, 7.190501], [-225.770494, 7.190491], [-225.770597, 7.19042], [-225.77064, 7.190388], [-225.770624, 7.190307], [-225.770412, 7.190107], [-225.770342, 7.190129]]], [[[-225.614084, 7.189566], [-225.613731, 7.190245], [-225.613889, 7.190745], [-225.61392, 7.190819], [-225.613976, 7.190806], [-225.614242, 7.190666], [-225.61429, 7.19061], [-225.615025, 7.189717], [-225.614899, 7.189603], [-225.614232, 7.189491], [-225.614084, 7.189566]]], [[[-225.763393, 7.190591], [-225.763337, 7.19068], [-225.763394, 7.190816], [-225.76349, 7.19092], [-225.763643, 7.191008], [-225.763827, 7.191016], [-225.763836, 7.190904], [-225.763819, 7.190792], [-225.763771, 7.190671], [-225.763642, 7.190568], [-225.763498, 7.190559], [-225.763393, 7.190591]]], [[[-225.619005, 7.191216], [-225.619052, 7.19123], [-225.619118, 7.19121], [-225.619203, 7.191111], [-225.619255, 7.191046], [-225.619413, 7.190842], [-225.619466, 7.190717], [-225.619491, 7.190638], [-225.619602, 7.190054], [-225.619622, 7.189692], [-225.619647, 7.189121], [-225.619627, 7.188996], [-225.619542, 7.188812], [-225.619337, 7.188543], [-225.619206, 7.188379], [-225.619088, 7.18834], [-225.618955, 7.188327], [-225.61885, 7.18834], [-225.618719, 7.188419], [-225.618456, 7.18863], [-225.61841, 7.188682], [-225.618378, 7.189129], [-225.618353, 7.189714], [-225.61838, 7.190055], [-225.618426, 7.190199], [-225.619005, 7.191216]]], [[[-225.758938, 7.190824], [-225.759166, 7.191247], [-225.760158, 7.190992], [-225.760246, 7.190964], [-225.760411, 7.190886], [-225.760607, 7.190693], [-225.760644, 7.190511], [-225.760644, 7.190416], [-225.76058, 7.190349], [-225.758676, 7.189483], [-225.758591, 7.189446], [-225.758499, 7.189439], [-225.758408, 7.189449], [-225.757833, 7.189903], [-225.757885, 7.190211], [-225.758938, 7.190824]]], [[[-225.652211, 7.191145], [-225.652448, 7.191192], [-225.652998, 7.191086], [-225.653035, 7.191065], [-225.653072, 7.191003], [-225.653109, 7.190908], [-225.653135, 7.190798], [-225.653551, 7.188569], [-225.653562, 7.188385], [-225.65355, 7.188012], [-225.653339, 7.187053], [-225.653197, 7.186885], [-225.652821, 7.187714], [-225.652211, 7.191145]]], [[[-225.63134, 7.19046], [-225.631322, 7.190487], [-225.63103, 7.19111], [-225.631016, 7.191206], [-225.631016, 7.191289], [-225.631044, 7.191357], [-225.631103, 7.191407], [-225.631173, 7.191435], [-225.631265, 7.191422], [-225.631328, 7.191357], [-225.631374, 7.19127], [-225.631452, 7.191086], [-225.631456, 7.190904], [-225.631455, 7.190693], [-225.631446, 7.190542], [-225.631409, 7.190473], [-225.631377, 7.190451], [-225.63134, 7.19046]]], [[[-225.651247, 7.191052], [-225.651206, 7.191092], [-225.651185, 7.191145], [-225.651098, 7.191378], [-225.651047, 7.191516], [-225.651042, 7.191578], [-225.65107, 7.191603], [-225.651117, 7.191608], [-225.651157, 7.191595], [-225.651453, 7.191416], [-225.651476, 7.191359], [-225.651482, 7.191218], [-225.651451, 7.191155], [-225.651308, 7.19105], [-225.651247, 7.191052]]], [[[-225.622044, 7.190185], [-225.621784, 7.190612], [-225.621737, 7.191016], [-225.622059, 7.191521], [-225.622147, 7.191656], [-225.622341, 7.191919], [-225.622477, 7.19199], [-225.622565, 7.191999], [-225.622627, 7.191906], [-225.622635, 7.191818], [-225.622532, 7.190365], [-225.622492, 7.190321], [-225.622171, 7.190167], [-225.622087, 7.190141], [-225.622044, 7.190185]]], [[[-225.632786, 7.193175], [-225.632761, 7.193185], [-225.632745, 7.193195], [-225.632732, 7.193214], [-225.632729, 7.193231], [-225.632733, 7.193243], [-225.632749, 7.193258], [-225.632811, 7.193279], [-225.632839, 7.193279], [-225.632865, 7.193268], [-225.632877, 7.193252], [-225.632874, 7.193232], [-225.632858, 7.193201], [-225.632838, 7.193183], [-225.632822, 7.193174], [-225.632786, 7.193175]]], [[[-225.648038, 7.192733], [-225.647962, 7.19284], [-225.647925, 7.192907], [-225.647904, 7.19295], [-225.647912, 7.192986], [-225.647939, 7.193018], [-225.648311, 7.193316], [-225.648413, 7.193393], [-225.648502, 7.193455], [-225.648575, 7.193472], [-225.648599, 7.193412], [-225.648619, 7.193306], [-225.648609, 7.193232], [-225.648572, 7.193152], [-225.648529, 7.1931], [-225.648063, 7.192723], [-225.648038, 7.192733]]], [[[-225.636098, 7.193513], [-225.636071, 7.193525], [-225.636035, 7.193562], [-225.636062, 7.193606], [-225.63611, 7.193606], [-225.636149, 7.193574], [-225.636172, 7.193511], [-225.636098, 7.193513]]], [[[-225.611488, 7.193488], [-225.611514, 7.19361], [-225.611572, 7.193615], [-225.611656, 7.193603], [-225.612649, 7.193339], [-225.612944, 7.19316], [-225.61293, 7.192685], [-225.61244, 7.19088], [-225.612376, 7.190829], [-225.612312, 7.19081], [-225.612236, 7.190862], [-225.612184, 7.190931], [-225.61196, 7.19138], [-225.611915, 7.191476], [-225.611864, 7.191611], [-225.611813, 7.191804], [-225.61173, 7.1922], [-225.611488, 7.193488]]], [[[-225.63271, 7.193979], [-225.632632, 7.194034], [-225.632624, 7.194065], [-225.632635, 7.194097], [-225.63271, 7.194195], [-225.632748, 7.194226], [-225.632786, 7.194232], [-225.632835, 7.194218], [-225.632877, 7.194186], [-225.632892, 7.194149], [-225.632886, 7.194097], [-225.632869, 7.194046], [-225.632814, 7.194002], [-225.632762, 7.193971], [-225.63271, 7.193979]]], [[[-225.615735, 7.197101], [-225.615737, 7.197157], [-225.615759, 7.197206], [-225.615791, 7.197255], [-225.615825, 7.197294], [-225.615872, 7.197301], [-225.615912, 7.197289], [-225.615951, 7.197266], [-225.615976, 7.197235], [-225.615982, 7.197184], [-225.615974, 7.197129], [-225.615959, 7.197091], [-225.615938, 7.197059], [-225.615808, 7.197004], [-225.615778, 7.197005], [-225.615758, 7.197023], [-225.615742, 7.19706], [-225.615735, 7.197101]]], [[[-225.62926, 7.199143], [-225.62923, 7.199177], [-225.629213, 7.199215], [-225.629215, 7.199238], [-225.629229, 7.19927], [-225.629268, 7.199299], [-225.629296, 7.199307], [-225.62934, 7.199303], [-225.629373, 7.199291], [-225.629397, 7.199264], [-225.62941, 7.199223], [-225.629398, 7.199169], [-225.629355, 7.199134], [-225.629305, 7.199127], [-225.62926, 7.199143]]], [[[-225.627822, 7.197599], [-225.627526, 7.198076], [-225.627673, 7.198864], [-225.627895, 7.199905], [-225.627953, 7.2001], [-225.628042, 7.200316], [-225.628201, 7.200495], [-225.628303, 7.200596], [-225.628393, 7.20062], [-225.62847, 7.200596], [-225.628543, 7.200461], [-225.628563, 7.200389], [-225.629564, 7.198212], [-225.63475, 7.194035], [-225.639183, 7.190169], [-225.639592, 7.189547], [-225.640009, 7.186702], [-225.639755, 7.18482], [-225.639738, 7.184727], [-225.639711, 7.184662], [-225.639662, 7.184618], [-225.639579, 7.184607], [-225.639421, 7.18464], [-225.639378, 7.184678], [-225.639219, 7.18488], [-225.63917, 7.184946], [-225.637556, 7.187246], [-225.637018, 7.189746], [-225.634427, 7.1935], [-225.634378, 7.193549], [-225.633854, 7.19402], [-225.63375, 7.194112], [-225.633614, 7.194199], [-225.633046, 7.194484], [-225.632707, 7.194507], [-225.632621, 7.19448], [-225.632481, 7.194327], [-225.629802, 7.195552], [-225.627822, 7.197599]]], [[[-225.622819, 7.196436], [-225.622556, 7.196817], [-225.622483, 7.196991], [-225.622455, 7.197075], [-225.621541, 7.201328], [-225.621564, 7.201378], [-225.621614, 7.201424], [-225.621693, 7.201429], [-225.621833, 7.201373], [-225.622079, 7.201271], [-225.622186, 7.201226], [-225.622606, 7.200789], [-225.622679, 7.200705], [-225.622769, 7.200576], [-225.622875, 7.200402], [-225.622953, 7.200218], [-225.623093, 7.19983], [-225.623149, 7.199657], [-225.623891, 7.196575], [-225.623879, 7.196491], [-225.623812, 7.196413], [-225.623761, 7.196362], [-225.623688, 7.196351], [-225.623043, 7.196256], [-225.622869, 7.196375], [-225.622819, 7.196436]]], [[[-225.610542, 7.204488], [-225.610529, 7.204695], [-225.610542, 7.204771], [-225.61057, 7.204922], [-225.610597, 7.204981], [-225.610634, 7.205002], [-225.610681, 7.204981], [-225.610747, 7.204858], [-225.610779, 7.204786], [-225.610804, 7.204721], [-225.610894, 7.204436], [-225.610906, 7.204364], [-225.610909, 7.204288], [-225.610886, 7.204231], [-225.610859, 7.204202], [-225.610808, 7.204192], [-225.610749, 7.204202], [-225.610699, 7.204227], [-225.610665, 7.204259], [-225.610627, 7.204303], [-225.610552, 7.204439], [-225.610542, 7.204488]]], [[[-225.610524, 7.205231], [-225.610493, 7.205253], [-225.610458, 7.205317], [-225.610452, 7.205378], [-225.61046, 7.20546], [-225.610475, 7.205509], [-225.610525, 7.20555], [-225.610576, 7.205558], [-225.610627, 7.205536], [-225.610673, 7.205483], [-225.610679, 7.205432], [-225.610645, 7.205278], [-225.610637, 7.20525], [-225.610612, 7.205235], [-225.610572, 7.205227], [-225.610524, 7.205231]]], [[[-225.610038, 7.206211], [-225.610005, 7.206252], [-225.609972, 7.206303], [-225.609961, 7.206366], [-225.609973, 7.206407], [-225.610007, 7.206424], [-225.610056, 7.206408], [-225.610092, 7.20639], [-225.61013, 7.206272], [-225.610138, 7.206228], [-225.610123, 7.206198], [-225.610088, 7.206189], [-225.610038, 7.206211]]], [[[-225.609775, 7.20677], [-225.609713, 7.206806], [-225.609695, 7.206865], [-225.609692, 7.207014], [-225.609773, 7.208239], [-225.609828, 7.208286], [-225.609836, 7.208286], [-225.609875, 7.208246], [-225.609897, 7.208067], [-225.609911, 7.207929], [-225.609926, 7.207747], [-225.609929, 7.207109], [-225.609921, 7.206989], [-225.609884, 7.206795], [-225.609855, 7.206755], [-225.609775, 7.20677]]], [[[-225.610362, 7.20926], [-225.610363, 7.209334], [-225.610437, 7.209436], [-225.610502, 7.209426], [-225.610509, 7.209378], [-225.610509, 7.20933], [-225.610482, 7.209289], [-225.610437, 7.209259], [-225.610362, 7.20926]]], [[[-225.625736, 7.207861], [-225.628276, 7.211327], [-225.628367, 7.21139], [-225.628435, 7.211389], [-225.628504, 7.211338], [-225.628572, 7.21127], [-225.628651, 7.21111], [-225.628731, 7.210889], [-225.628872, 7.210378], [-225.628923, 7.210167], [-225.628946, 7.209986], [-225.628934, 7.209572], [-225.628916, 7.209339], [-225.628848, 7.209169], [-225.628716, 7.208862], [-225.626489, 7.205554], [-225.626392, 7.205435], [-225.626272, 7.205373], [-225.626096, 7.205334], [-225.625988, 7.205351], [-225.625846, 7.205476], [-225.625222, 7.20663], [-225.625194, 7.206732], [-225.625205, 7.206902], [-225.625274, 7.207311], [-225.625326, 7.207493], [-225.625406, 7.207612], [-225.625491, 7.20773], [-225.625565, 7.20781], [-225.625617, 7.207856], [-225.625679, 7.207872], [-225.625736, 7.207861]]], [[[-225.616802, 7.213617], [-225.616744, 7.213654], [-225.616695, 7.213705], [-225.616658, 7.213773], [-225.616624, 7.213956], [-225.616602, 7.214094], [-225.616617, 7.214225], [-225.616669, 7.21432], [-225.616752, 7.214438], [-225.616818, 7.214496], [-225.616894, 7.214511], [-225.616968, 7.214479], [-225.616999, 7.214415], [-225.616987, 7.214132], [-225.616964, 7.213969], [-225.616905, 7.213641], [-225.616866, 7.213613], [-225.616802, 7.213617]]], [[[-225.616713, 7.214616], [-225.616659, 7.214645], [-225.616625, 7.214677], [-225.616596, 7.214743], [-225.616586, 7.214789], [-225.616603, 7.214806], [-225.616652, 7.214797], [-225.616704, 7.214774], [-225.616742, 7.214747], [-225.616759, 7.214703], [-225.61677, 7.214654], [-225.616757, 7.214615], [-225.616713, 7.214616]]], [[[-225.616164, 7.214988], [-225.616098, 7.215007], [-225.616061, 7.215036], [-225.616048, 7.215084], [-225.61604, 7.215137], [-225.616047, 7.215172], [-225.616116, 7.215298], [-225.616164, 7.215352], [-225.616342, 7.215549], [-225.616385, 7.215579], [-225.616512, 7.215651], [-225.617178, 7.21595], [-225.617208, 7.21596], [-225.617217, 7.215946], [-225.617231, 7.215799], [-225.61721, 7.21574], [-225.617157, 7.215676], [-225.617077, 7.215585], [-225.616567, 7.215119], [-225.616532, 7.215098], [-225.616317, 7.215016], [-225.616235, 7.214988], [-225.616164, 7.214988]]], [[[-225.615979, 7.217313], [-225.615982, 7.21759], [-225.615987, 7.217642], [-225.616019, 7.217697], [-225.616068, 7.217721], [-225.616152, 7.217706], [-225.616186, 7.217677], [-225.616395, 7.217458], [-225.616425, 7.217417], [-225.616503, 7.217241], [-225.616506, 7.217189], [-225.616487, 7.21714], [-225.616143, 7.216423], [-225.616112, 7.216402], [-225.616075, 7.21641], [-225.616046, 7.216431], [-225.615991, 7.216499], [-225.615973, 7.216544], [-225.615916, 7.21713], [-225.615915, 7.217169], [-225.615932, 7.217218], [-225.615979, 7.217313]]], [[[-225.615875, 7.21811], [-225.615861, 7.218118], [-225.615849, 7.218135], [-225.615821, 7.218197], [-225.615815, 7.218225], [-225.615818, 7.218246], [-225.61583, 7.218285], [-225.615843, 7.218298], [-225.615861, 7.218301], [-225.615881, 7.218295], [-225.6159, 7.218277], [-225.615932, 7.218163], [-225.615933, 7.218139], [-225.615914, 7.218122], [-225.615895, 7.218109], [-225.615875, 7.21811]]], [[[-225.62252, 7.21856], [-225.622562, 7.218567], [-225.622604, 7.218564], [-225.622643, 7.218552], [-225.623101, 7.218069], [-225.623758, 7.216893], [-225.623804, 7.216791], [-225.624065, 7.215926], [-225.624149, 7.215625], [-225.624153, 7.215552], [-225.623726, 7.213716], [-225.623459, 7.213227], [-225.623315, 7.213027], [-225.623273, 7.213003], [-225.623206, 7.213024], [-225.623151, 7.213049], [-225.622944, 7.213178], [-225.622909, 7.213206], [-225.622867, 7.213294], [-225.622801, 7.213692], [-225.622405, 7.216359], [-225.622351, 7.217927], [-225.622355, 7.218035], [-225.622453, 7.218472], [-225.622468, 7.218518], [-225.622482, 7.218542], [-225.62252, 7.21856]]], [[[-225.622638, 7.218622], [-225.622571, 7.218634], [-225.622602, 7.218673], [-225.622678, 7.218716], [-225.622754, 7.218752], [-225.622778, 7.218756], [-225.62282, 7.218756], [-225.622843, 7.218716], [-225.622851, 7.21865], [-225.62282, 7.218602], [-225.62278, 7.218578], [-225.622705, 7.218574], [-225.622638, 7.218622]]], [[[-225.622298, 7.218949], [-225.622307, 7.21907], [-225.62232, 7.219119], [-225.622371, 7.219178], [-225.622422, 7.219218], [-225.622477, 7.219241], [-225.622513, 7.219225], [-225.622556, 7.219181], [-225.622718, 7.218989], [-225.622701, 7.21889], [-225.622567, 7.218729], [-225.622512, 7.218697], [-225.622456, 7.218725], [-225.622378, 7.218784], [-225.622334, 7.218839], [-225.622299, 7.218938], [-225.622298, 7.218949]]], [[[-225.613884, 7.219022], [-225.613868, 7.219048], [-225.61387, 7.219077], [-225.613876, 7.219121], [-225.613894, 7.2192], [-225.613906, 7.219237], [-225.613942, 7.219282], [-225.614026, 7.219337], [-225.614066, 7.21935], [-225.614095, 7.219344], [-225.614109, 7.219309], [-225.614129, 7.219242], [-225.61413, 7.219156], [-225.614111, 7.219091], [-225.614063, 7.219042], [-225.614011, 7.219002], [-225.613953, 7.218994], [-225.613884, 7.219022]]], [[[-225.60259, 7.219134], [-225.602624, 7.219247], [-225.602728, 7.21934], [-225.602803, 7.21937], [-225.602863, 7.219352], [-225.60291, 7.219316], [-225.602934, 7.219266], [-225.602938, 7.219188], [-225.602929, 7.219112], [-225.602901, 7.219063], [-225.602865, 7.219028], [-225.602817, 7.219029], [-225.602612, 7.219065], [-225.60259, 7.219134]]], [[[-225.622052, 7.220012], [-225.622159, 7.220123], [-225.622218, 7.220179], [-225.622282, 7.220233], [-225.622319, 7.220251], [-225.622366, 7.220246], [-225.622427, 7.220225], [-225.622457, 7.220189], [-225.622475, 7.220162], [-225.62247, 7.220135], [-225.622445, 7.220103], [-225.622329, 7.219987], [-225.622146, 7.219839], [-225.622124, 7.219832], [-225.622075, 7.219845], [-225.622038, 7.219861], [-225.622003, 7.219889], [-225.621991, 7.219921], [-225.622003, 7.219963], [-225.622052, 7.220012]]], [[[-225.605521, 7.217851], [-225.60549, 7.217897], [-225.605434, 7.218065], [-225.605324, 7.219142], [-225.605458, 7.22029], [-225.605479, 7.220406], [-225.605566, 7.220473], [-225.605719, 7.220258], [-225.605775, 7.22012], [-225.605815, 7.219845], [-225.605814, 7.219539], [-225.605711, 7.218355], [-225.605587, 7.217866], [-225.605546, 7.217846], [-225.605521, 7.217851]]], [[[-225.618738, 7.220717], [-225.618716, 7.220738], [-225.618707, 7.220759], [-225.618708, 7.220811], [-225.618724, 7.220821], [-225.618746, 7.220825], [-225.618768, 7.220819], [-225.618788, 7.220799], [-225.618801, 7.220759], [-225.618788, 7.220725], [-225.618761, 7.220715], [-225.618738, 7.220717]]], [[[-225.613329, 7.221065], [-225.613298, 7.22109], [-225.613281, 7.221119], [-225.613301, 7.221133], [-225.613372, 7.221115], [-225.613432, 7.221065], [-225.613423, 7.221047], [-225.613397, 7.221046], [-225.613329, 7.221065]]], [[[-225.611659, 7.221217], [-225.611607, 7.221268], [-225.611547, 7.221424], [-225.611272, 7.222139], [-225.611279, 7.222167], [-225.611309, 7.222175], [-225.611349, 7.222155], [-225.611823, 7.221697], [-225.611895, 7.221627], [-225.611898, 7.22159], [-225.611877, 7.221534], [-225.611735, 7.221225], [-225.611698, 7.221208], [-225.611659, 7.221217]]], [[[-225.602164, 7.222157], [-225.602134, 7.222181], [-225.602115, 7.222242], [-225.602038, 7.222696], [-225.602023, 7.222918], [-225.602049, 7.222963], [-225.602082, 7.222984], [-225.602124, 7.222986], [-225.602182, 7.222961], [-225.602253, 7.222914], [-225.6023, 7.222845], [-225.602353, 7.222646], [-225.602353, 7.22256], [-225.60233, 7.222438], [-225.602282, 7.222271], [-225.602233, 7.222177], [-225.602192, 7.222154], [-225.602164, 7.222157]]], [[[-225.603756, 7.222926], [-225.604007, 7.223258], [-225.604516, 7.223095], [-225.604824, 7.222257], [-225.604338, 7.221268], [-225.603848, 7.220692], [-225.603708, 7.222832], [-225.603756, 7.222926]]], [[[-225.6111, 7.222768], [-225.611065, 7.222875], [-225.611068, 7.222964], [-225.61108, 7.223293], [-225.611129, 7.223337], [-225.6112, 7.223387], [-225.611272, 7.22343], [-225.61135, 7.223421], [-225.611391, 7.223404], [-225.611441, 7.22335], [-225.61147, 7.223316], [-225.611498, 7.22327], [-225.611521, 7.223193], [-225.611536, 7.2229], [-225.611535, 7.222871], [-225.611515, 7.222853], [-225.611141, 7.222738], [-225.611114, 7.222737], [-225.6111, 7.222768]]], [[[-225.601739, 7.226753], [-225.602073, 7.226874], [-225.602121, 7.226883], [-225.602153, 7.226842], [-225.602198, 7.226701], [-225.602236, 7.226518], [-225.602223, 7.226425], [-225.602152, 7.226054], [-225.60211, 7.226034], [-225.602053, 7.226047], [-225.602001, 7.226079], [-225.601927, 7.226134], [-225.601812, 7.226272], [-225.601713, 7.226513], [-225.601664, 7.22665], [-225.6017, 7.22674], [-225.601739, 7.226753]]], [[[-225.601437, 7.226981], [-225.601405, 7.22701], [-225.60129, 7.227212], [-225.601289, 7.227353], [-225.601312, 7.227365], [-225.601345, 7.227365], [-225.601386, 7.22735], [-225.601454, 7.227305], [-225.601495, 7.227257], [-225.60154, 7.227189], [-225.601578, 7.227099], [-225.601588, 7.22702], [-225.601549, 7.226987], [-225.601504, 7.226974], [-225.601437, 7.226981]]], [[[-225.634574, 7.228098], [-225.634665, 7.228016], [-225.634722, 7.22777], [-225.634811, 7.226981], [-225.634835, 7.226004], [-225.634768, 7.225691], [-225.63467, 7.225593], [-225.634489, 7.225421], [-225.634291, 7.225249], [-225.63183, 7.22361], [-225.631526, 7.223594], [-225.631394, 7.22361], [-225.631222, 7.22366], [-225.63109, 7.223718], [-225.630984, 7.223816], [-225.630943, 7.224005], [-225.630992, 7.224161], [-225.631809, 7.22623], [-225.631883, 7.226377], [-225.632377, 7.226869], [-225.632558, 7.227017], [-225.63446, 7.228057], [-225.634574, 7.228098]]], [[[-225.599531, 7.228917], [-225.599525, 7.229036], [-225.599536, 7.229964], [-225.599562, 7.230013], [-225.599708, 7.230105], [-225.599777, 7.230112], [-225.59984, 7.230039], [-225.600553, 7.229117], [-225.600576, 7.229041], [-225.600556, 7.228995], [-225.600443, 7.228863], [-225.600414, 7.22885], [-225.599766, 7.228765], [-225.599643, 7.228795], [-225.599581, 7.228838], [-225.599531, 7.228917]]], [[[-225.624568, 7.229559], [-225.624462, 7.229604], [-225.62438, 7.22965], [-225.624301, 7.229716], [-225.624256, 7.22979], [-225.624255, 7.229833], [-225.624266, 7.229975], [-225.624292, 7.230057], [-225.624453, 7.230187], [-225.624587, 7.230215], [-225.624664, 7.230207], [-225.624805, 7.230133], [-225.624879, 7.230078], [-225.624922, 7.22998], [-225.62495, 7.22983], [-225.62488, 7.229671], [-225.624795, 7.229571], [-225.624675, 7.229533], [-225.624568, 7.229559]]], [[[-225.634236, 7.230855], [-225.6342, 7.230889], [-225.634167, 7.23096], [-225.63417, 7.23099], [-225.634204, 7.231072], [-225.634241, 7.231103], [-225.634283, 7.231109], [-225.634322, 7.231093], [-225.63436, 7.231055], [-225.634385, 7.230998], [-225.634393, 7.230926], [-225.634368, 7.230876], [-225.634319, 7.230842], [-225.634284, 7.230831], [-225.634236, 7.230855]]], [[[-225.62645, 7.230638], [-225.626425, 7.230683], [-225.62641, 7.230937], [-225.626433, 7.231109], [-225.626475, 7.231197], [-225.626598, 7.231324], [-225.626682, 7.231373], [-225.62679, 7.231419], [-225.626872, 7.231435], [-225.62701, 7.231425], [-225.627106, 7.231377], [-225.627185, 7.231312], [-225.62725, 7.231249], [-225.627307, 7.231124], [-225.627312, 7.231015], [-225.627282, 7.230885], [-225.627197, 7.230792], [-225.627128, 7.230733], [-225.627032, 7.230682], [-225.626864, 7.230613], [-225.626694, 7.230598], [-225.626562, 7.230607], [-225.62645, 7.230638]]], [[[-225.624998, 7.231636], [-225.624932, 7.2317], [-225.62493, 7.231742], [-225.624947, 7.231782], [-225.625144, 7.23189], [-225.625201, 7.2319], [-225.625225, 7.231902], [-225.625242, 7.231875], [-225.625246, 7.231828], [-225.625238, 7.231758], [-225.625221, 7.231709], [-225.625041, 7.231635], [-225.624998, 7.231636]]], [[[-225.619809, 7.23164], [-225.619749, 7.231687], [-225.619724, 7.231721], [-225.619729, 7.231765], [-225.619756, 7.231947], [-225.619805, 7.232009], [-225.61983, 7.232029], [-225.619883, 7.232032], [-225.619922, 7.232011], [-225.61998, 7.231957], [-225.620005, 7.23191], [-225.619995, 7.231842], [-225.619952, 7.231707], [-225.619869, 7.231628], [-225.619833, 7.231627], [-225.619809, 7.23164]]], [[[-225.62531, 7.232064], [-225.625284, 7.232117], [-225.625265, 7.232185], [-225.62526, 7.232266], [-225.625268, 7.232342], [-225.625304, 7.232394], [-225.625353, 7.232427], [-225.625432, 7.232454], [-225.625508, 7.232458], [-225.625593, 7.232444], [-225.625635, 7.232423], [-225.625667, 7.232385], [-225.625684, 7.232313], [-225.625671, 7.232213], [-225.625616, 7.232142], [-225.625542, 7.232089], [-225.625464, 7.232055], [-225.625377, 7.232043], [-225.62531, 7.232064]]], [[[-225.624581, 7.231814], [-225.624504, 7.231858], [-225.624359, 7.231993], [-225.624281, 7.232267], [-225.624274, 7.232396], [-225.624298, 7.232558], [-225.624317, 7.232667], [-225.624377, 7.232735], [-225.624431, 7.232755], [-225.624546, 7.232757], [-225.624603, 7.232737], [-225.624772, 7.232659], [-225.624861, 7.232585], [-225.624901, 7.232514], [-225.6249, 7.232404], [-225.624852, 7.232202], [-225.624791, 7.232009], [-225.624733, 7.23185], [-225.624676, 7.231809], [-225.624581, 7.231814]]], [[[-225.622577, 7.231869], [-225.621877, 7.232571], [-225.621778, 7.23268], [-225.621769, 7.23276], [-225.621778, 7.232835], [-225.621797, 7.232916], [-225.621873, 7.233015], [-225.621944, 7.233081], [-225.622006, 7.233077], [-225.62325, 7.232379], [-225.623341, 7.232323], [-225.623634, 7.232029], [-225.623666, 7.231896], [-225.623605, 7.231717], [-225.623524, 7.231537], [-225.623334, 7.231282], [-225.623278, 7.231273], [-225.623192, 7.231287], [-225.622965, 7.23141], [-225.622861, 7.231472], [-225.622686, 7.231595], [-225.622639, 7.231686], [-225.622606, 7.231765], [-225.622577, 7.231869]]], [[[-225.61822, 7.233428], [-225.618156, 7.233477], [-225.618097, 7.233571], [-225.618088, 7.233595], [-225.618068, 7.233684], [-225.618087, 7.233753], [-225.618152, 7.233842], [-225.618176, 7.233857], [-225.618265, 7.233887], [-225.618404, 7.233871], [-225.618413, 7.233847], [-225.618462, 7.233669], [-225.618462, 7.233645], [-225.618447, 7.233576], [-225.618398, 7.233497], [-225.618314, 7.233433], [-225.61826, 7.233413], [-225.61822, 7.233428]]], [[[-225.623478, 7.233493], [-225.62344, 7.233524], [-225.623415, 7.233556], [-225.623406, 7.233623], [-225.623414, 7.233679], [-225.623442, 7.233788], [-225.623476, 7.233819], [-225.623518, 7.233848], [-225.623689, 7.233894], [-225.623737, 7.23388], [-225.623769, 7.233861], [-225.623799, 7.233823], [-225.62381, 7.233779], [-225.623798, 7.233742], [-225.623768, 7.233658], [-225.623739, 7.233608], [-225.62356, 7.233496], [-225.623519, 7.233486], [-225.623478, 7.233493]]], [[[-225.599157, 7.233128], [-225.59899, 7.233642], [-225.598982, 7.233704], [-225.59913, 7.234007], [-225.599223, 7.234197], [-225.599268, 7.234244], [-225.599307, 7.234256], [-225.599331, 7.234244], [-225.599435, 7.23413], [-225.599477, 7.234052], [-225.599505, 7.233973], [-225.599547, 7.233811], [-225.599558, 7.23373], [-225.599535, 7.233635], [-225.599322, 7.233228], [-225.599249, 7.233144], [-225.599179, 7.233114], [-225.599157, 7.233128]]], [[[-225.608921, 7.234527], [-225.608889, 7.234541], [-225.608805, 7.234643], [-225.6088, 7.234713], [-225.608866, 7.234732], [-225.608894, 7.234732], [-225.609011, 7.234671], [-225.609015, 7.234605], [-225.608977, 7.234522], [-225.608921, 7.234527]]], [[[-225.602704, 7.237151], [-225.602682, 7.237172], [-225.602669, 7.237198], [-225.602662, 7.23723], [-225.602613, 7.237355], [-225.602594, 7.237387], [-225.6026, 7.237419], [-225.602635, 7.23744], [-225.602693, 7.237444], [-225.602742, 7.237435], [-225.602787, 7.237387], [-225.602799, 7.237357], [-225.602794, 7.237193], [-225.602781, 7.237153], [-225.602749, 7.237144], [-225.602704, 7.237151]]], [[[-225.623967, 7.235549], [-225.62473, 7.236941], [-225.624925, 7.237295], [-225.625094, 7.237498], [-225.625306, 7.237684], [-225.625653, 7.237903], [-225.625873, 7.237919], [-225.625958, 7.237852], [-225.626025, 7.237751], [-225.626125, 7.23683], [-225.626116, 7.236298], [-225.626004, 7.234237], [-225.625944, 7.234026], [-225.6258, 7.233916], [-225.625605, 7.233823], [-225.624911, 7.233706], [-225.624717, 7.233749], [-225.624548, 7.233833], [-225.624455, 7.233952], [-225.624278, 7.234248], [-225.624202, 7.234417], [-225.623915, 7.235059], [-225.623907, 7.235253], [-225.623967, 7.235549]]], [[[-225.617773, 7.239857], [-225.617733, 7.239916], [-225.617652, 7.240152], [-225.617619, 7.240384], [-225.617643, 7.240896], [-225.617668, 7.241262], [-225.617683, 7.241407], [-225.617746, 7.241499], [-225.617828, 7.241586], [-225.617978, 7.241638], [-225.618094, 7.241657], [-225.618273, 7.241643], [-225.618582, 7.241497], [-225.61864, 7.241237], [-225.618611, 7.241083], [-225.61844, 7.240233], [-225.618396, 7.240131], [-225.618285, 7.240006], [-225.617976, 7.239857], [-225.617859, 7.239828], [-225.617773, 7.239857]]], [[[-225.627179, 7.237357], [-225.626924, 7.237432], [-225.626458, 7.237963], [-225.626331, 7.238155], [-225.626171, 7.238548], [-225.626098, 7.239493], [-225.626119, 7.23979], [-225.626303, 7.241191], [-225.626399, 7.241637], [-225.626548, 7.241999], [-225.62674, 7.242232], [-225.62707, 7.242539], [-225.627272, 7.242719], [-225.627453, 7.242857], [-225.627677, 7.242941], [-225.627772, 7.242782], [-225.627793, 7.242251], [-225.627829, 7.237781], [-225.627829, 7.237558], [-225.627775, 7.237399], [-225.627615, 7.237293], [-225.627371, 7.237282], [-225.627179, 7.237357]]], [[[-225.594144, 7.243027], [-225.594208, 7.243018], [-225.594281, 7.242955], [-225.594365, 7.242731], [-225.594371, 7.242653], [-225.594372, 7.242596], [-225.594324, 7.242545], [-225.594264, 7.242488], [-225.5942, 7.242444], [-225.594188, 7.242444], [-225.594141, 7.242459], [-225.5941, 7.242477], [-225.594023, 7.242525], [-225.593895, 7.24265], [-225.593847, 7.242726], [-225.59375, 7.24282], [-225.593688, 7.242861], [-225.593688, 7.242929], [-225.593724, 7.242961], [-225.593764, 7.242979], [-225.593912, 7.243023], [-225.594144, 7.243027]]], [[[-225.623952, 7.245761], [-225.624035, 7.245837], [-225.624117, 7.245868], [-225.624658, 7.245775], [-225.624888, 7.245734], [-225.625119, 7.245657], [-225.625317, 7.245545], [-225.625669, 7.245105], [-225.625746, 7.245007], [-225.625838, 7.24488], [-225.626041, 7.243986], [-225.625601, 7.244018], [-225.6241, 7.245051], [-225.624013, 7.245112], [-225.623932, 7.245219], [-225.623896, 7.245353], [-225.623891, 7.245505], [-225.623901, 7.245674], [-225.623952, 7.245761]]], [[[-225.616688, 7.241585], [-225.616614, 7.241604], [-225.616522, 7.241689], [-225.61648, 7.241762], [-225.616449, 7.241842], [-225.616371, 7.242147], [-225.61613, 7.244845], [-225.616075, 7.245498], [-225.616076, 7.245589], [-225.616106, 7.245663], [-225.61626, 7.246016], [-225.61637, 7.246144], [-225.616902, 7.246631], [-225.617055, 7.246655], [-225.617464, 7.246558], [-225.617733, 7.246484], [-225.617885, 7.246386], [-225.618014, 7.246239], [-225.618148, 7.246001], [-225.618251, 7.245732], [-225.61833, 7.245464], [-225.61833, 7.245262], [-225.61809, 7.243511], [-225.618003, 7.243195], [-225.617592, 7.242158], [-225.617397, 7.241823], [-225.617305, 7.241719], [-225.617201, 7.24167], [-225.616974, 7.241585], [-225.61684, 7.241573], [-225.616688, 7.241585]]], [[[-225.619957, 7.245023], [-225.62185, 7.246616], [-225.621955, 7.246703], [-225.622071, 7.24678], [-225.62265, 7.246879], [-225.622754, 7.246879], [-225.622886, 7.246813], [-225.623041, 7.246708], [-225.62314, 7.246603], [-225.623184, 7.246537], [-225.623261, 7.246388], [-225.623315, 7.24624], [-225.623327, 7.246085], [-225.623268, 7.243295], [-225.623218, 7.243168], [-225.623002, 7.242933], [-225.622832, 7.242833], [-225.622462, 7.24263], [-225.622181, 7.242565], [-225.621673, 7.242505], [-225.621509, 7.242527], [-225.621442, 7.242571], [-225.620243, 7.24385], [-225.619957, 7.245023]]], [[[-225.625604, 7.247249], [-225.625575, 7.247262], [-225.625555, 7.247281], [-225.625534, 7.247318], [-225.625524, 7.247354], [-225.62554, 7.247425], [-225.625562, 7.24747], [-225.625574, 7.247482], [-225.625597, 7.247497], [-225.625639, 7.247503], [-225.625679, 7.247502], [-225.625716, 7.247494], [-225.625735, 7.247478], [-225.625746, 7.24745], [-225.62573, 7.247394], [-225.625651, 7.24727], [-225.625628, 7.247248], [-225.625604, 7.247249]]], [[[-225.620055, 7.245867], [-225.619934, 7.245923], [-225.619058, 7.246522], [-225.619017, 7.246596], [-225.618961, 7.246753], [-225.618902, 7.24724], [-225.618916, 7.24735], [-225.618981, 7.247522], [-225.619055, 7.247591], [-225.619277, 7.247725], [-225.619492, 7.247832], [-225.619672, 7.247901], [-225.620177, 7.247935], [-225.620364, 7.247946], [-225.620438, 7.247941], [-225.620613, 7.247806], [-225.62065, 7.247649], [-225.620655, 7.247552], [-225.620645, 7.246593], [-225.62063, 7.246413], [-225.620523, 7.24601], [-225.620458, 7.24595], [-225.620184, 7.245863], [-225.620055, 7.245867]]], [[[-225.643136, 7.24739], [-225.643066, 7.247432], [-225.642824, 7.24763], [-225.642788, 7.247667], [-225.642697, 7.247772], [-225.642648, 7.247835], [-225.642639, 7.247894], [-225.642653, 7.247946], [-225.642691, 7.248022], [-225.642741, 7.248101], [-225.6428, 7.248136], [-225.642973, 7.24821], [-225.643017, 7.248197], [-225.643077, 7.248174], [-225.643119, 7.248133], [-225.64316, 7.248059], [-225.643196, 7.247981], [-225.643292, 7.24743], [-225.643267, 7.247388], [-225.64321, 7.247385], [-225.643136, 7.24739]]], [[[-225.632316, 7.247855], [-225.632257, 7.24788], [-225.632208, 7.247914], [-225.632161, 7.247991], [-225.632164, 7.248032], [-225.632184, 7.24806], [-225.632541, 7.248412], [-225.632593, 7.248434], [-225.632652, 7.248437], [-225.632745, 7.248429], [-225.632779, 7.248419], [-225.632795, 7.248398], [-225.632813, 7.24836], [-225.632699, 7.248043], [-225.632681, 7.248009], [-225.632572, 7.247898], [-225.632488, 7.247868], [-225.632399, 7.247852], [-225.632316, 7.247855]]], [[[-225.645078, 7.248196], [-225.645011, 7.248225], [-225.644981, 7.248272], [-225.644972, 7.248346], [-225.644984, 7.248397], [-225.645087, 7.248536], [-225.645116, 7.248563], [-225.645156, 7.248563], [-225.645183, 7.248553], [-225.645217, 7.248529], [-225.645279, 7.248472], [-225.645297, 7.248439], [-225.6453, 7.248364], [-225.645228, 7.248216], [-225.64517, 7.248195], [-225.645078, 7.248196]]], [[[-225.64332, 7.248686], [-225.643295, 7.248737], [-225.643277, 7.248788], [-225.643232, 7.248969], [-225.643227, 7.249028], [-225.643258, 7.249069], [-225.643347, 7.249134], [-225.643398, 7.249134], [-225.643464, 7.249127], [-225.643503, 7.249096], [-225.643529, 7.24906], [-225.64357, 7.248977], [-225.643598, 7.248874], [-225.64359, 7.248787], [-225.643554, 7.248724], [-225.643495, 7.248684], [-225.643435, 7.248651], [-225.643372, 7.248651], [-225.64332, 7.248686]]], [[[-225.633163, 7.248916], [-225.632279, 7.249554], [-225.632158, 7.249675], [-225.632056, 7.249813], [-225.632032, 7.249933], [-225.632027, 7.250138], [-225.632039, 7.250305], [-225.632088, 7.250414], [-225.632154, 7.250498], [-225.632274, 7.2506], [-225.63243, 7.250678], [-225.632569, 7.250678], [-225.632737, 7.250623], [-225.632948, 7.250515], [-225.633062, 7.250455], [-225.63317, 7.250358], [-225.63329, 7.250184], [-225.633392, 7.249974], [-225.633519, 7.24969], [-225.633609, 7.249415], [-225.633656, 7.249119], [-225.633596, 7.248945], [-225.633536, 7.248909], [-225.6333, 7.248868], [-225.633163, 7.248916]]], [[[-225.610673, 7.250832], [-225.611096, 7.25103], [-225.61137, 7.251063], [-225.611718, 7.251029], [-225.612008, 7.250954], [-225.613192, 7.250845], [-225.613474, 7.25082], [-225.61374, 7.250712], [-225.613864, 7.250546], [-225.613896, 7.250381], [-225.613845, 7.249023], [-225.613728, 7.248536], [-225.613611, 7.24808], [-225.613487, 7.247725], [-225.613196, 7.247419], [-225.612864, 7.247238], [-225.612665, 7.24718], [-225.612483, 7.247172], [-225.612176, 7.247205], [-225.61187, 7.247297], [-225.61029, 7.248929], [-225.610206, 7.249228], [-225.61019, 7.249459], [-225.610241, 7.249947], [-225.610515, 7.250592], [-225.610673, 7.250832]]], [[[-225.622653, 7.253122], [-225.622535, 7.253189], [-225.622518, 7.253215], [-225.622513, 7.253251], [-225.62254, 7.253432], [-225.622571, 7.253538], [-225.62264, 7.253627], [-225.62272, 7.25372], [-225.622769, 7.253749], [-225.622836, 7.253753], [-225.622893, 7.253731], [-225.622985, 7.253627], [-225.623086, 7.253476], [-225.623119, 7.253403], [-225.623102, 7.253332], [-225.623057, 7.253263], [-225.622855, 7.253115], [-225.622724, 7.253091], [-225.622653, 7.253122]]], [[[-225.628781, 7.252587], [-225.628782, 7.252946], [-225.629185, 7.253473], [-225.629328, 7.253616], [-225.629638, 7.253766], [-225.629831, 7.253782], [-225.629999, 7.253748], [-225.630208, 7.253597], [-225.631322, 7.252382], [-225.631422, 7.252265], [-225.631547, 7.252063], [-225.631698, 7.251544], [-225.631748, 7.251334], [-225.63181, 7.247887], [-225.631829, 7.245986], [-225.63183, 7.245809], [-225.6318, 7.245672], [-225.631725, 7.245545], [-225.631652, 7.245496], [-225.631475, 7.245506], [-225.631254, 7.245526], [-225.629619, 7.245734], [-225.629541, 7.245748], [-225.629477, 7.245901], [-225.629442, 7.245989], [-225.628136, 7.249694], [-225.628781, 7.252587]]], [[[-225.657724, 7.254739], [-225.65768, 7.254778], [-225.65763, 7.25491], [-225.657653, 7.25496], [-225.657714, 7.25502], [-225.657764, 7.255003], [-225.657835, 7.254876], [-225.657861, 7.254808], [-225.657851, 7.254755], [-225.657784, 7.254732], [-225.657724, 7.254739]]], [[[-225.622635, 7.254878], [-225.622596, 7.2549], [-225.622563, 7.254951], [-225.622572, 7.255006], [-225.622593, 7.255034], [-225.622626, 7.255062], [-225.622673, 7.255075], [-225.622718, 7.255079], [-225.622779, 7.255082], [-225.622845, 7.255075], [-225.622858, 7.255063], [-225.622869, 7.255045], [-225.622835, 7.254903], [-225.622809, 7.254883], [-225.622757, 7.254868], [-225.622688, 7.254862], [-225.622635, 7.254878]]], [[[-225.656405, 7.255142], [-225.656406, 7.255186], [-225.656436, 7.255256], [-225.65649, 7.255343], [-225.656547, 7.255364], [-225.65662, 7.25536], [-225.656706, 7.255318], [-225.656721, 7.255243], [-225.656684, 7.255202], [-225.656613, 7.255166], [-225.656516, 7.255129], [-225.656452, 7.255122], [-225.656405, 7.255142]]], [[[-225.588589, 7.256124], [-225.588504, 7.256177], [-225.588439, 7.256242], [-225.588385, 7.256318], [-225.588291, 7.256538], [-225.588279, 7.25657], [-225.588305, 7.256596], [-225.588339, 7.256608], [-225.588376, 7.256597], [-225.588467, 7.256542], [-225.588529, 7.256475], [-225.588737, 7.256226], [-225.588749, 7.256174], [-225.588745, 7.256136], [-225.588725, 7.256089], [-225.588665, 7.256087], [-225.588589, 7.256124]]], [[[-225.605943, 7.255876], [-225.605935, 7.256142], [-225.605983, 7.256366], [-225.606072, 7.256535], [-225.606169, 7.256648], [-225.60641, 7.256768], [-225.606588, 7.256808], [-225.608369, 7.256798], [-225.608562, 7.256773], [-225.608828, 7.256733], [-225.60911, 7.25666], [-225.609336, 7.25649], [-225.609729, 7.256136], [-225.609067, 7.254873], [-225.608914, 7.254608], [-225.607946, 7.253829], [-225.607656, 7.253652], [-225.607374, 7.253548], [-225.607083, 7.253509], [-225.60681, 7.253558], [-225.606632, 7.253638], [-225.606496, 7.253831], [-225.605943, 7.255876]]], [[[-225.623336, 7.256351], [-225.623444, 7.256601], [-225.623531, 7.256758], [-225.623617, 7.256837], [-225.626644, 7.255373], [-225.627964, 7.251875], [-225.627455, 7.250967], [-225.625672, 7.248708], [-225.623478, 7.254878], [-225.623406, 7.25502], [-225.623357, 7.255257], [-225.623307, 7.255543], [-225.623294, 7.255986], [-225.623336, 7.256351]]], [[[-225.610835, 7.25754], [-225.610806, 7.257577], [-225.610806, 7.257613], [-225.610825, 7.257649], [-225.610999, 7.257828], [-225.611054, 7.257841], [-225.611147, 7.257839], [-225.611241, 7.257821], [-225.611286, 7.25781], [-225.611305, 7.257795], [-225.611317, 7.257761], [-225.611306, 7.257735], [-225.61128, 7.257707], [-225.611245, 7.25768], [-225.610946, 7.25754], [-225.610907, 7.257533], [-225.610868, 7.25753], [-225.610835, 7.25754]]], [[[-225.613155, 7.259405], [-225.613088, 7.259435], [-225.613076, 7.259459], [-225.613093, 7.259527], [-225.613136, 7.259627], [-225.613452, 7.260041], [-225.613481, 7.260052], [-225.613552, 7.260057], [-225.613631, 7.260036], [-225.613636, 7.259976], [-225.613619, 7.25989], [-225.613576, 7.259827], [-225.61322, 7.259405], [-225.613187, 7.2594], [-225.613155, 7.259405]]], [[[-225.600488, 7.260465], [-225.600548, 7.260466], [-225.600603, 7.260425], [-225.600681, 7.260335], [-225.60075, 7.260211], [-225.600893, 7.25994], [-225.600927, 7.259754], [-225.600886, 7.259601], [-225.600753, 7.259497], [-225.60059, 7.259459], [-225.600412, 7.259436], [-225.600262, 7.25943], [-225.600186, 7.25946], [-225.600114, 7.259529], [-225.600046, 7.259686], [-225.600039, 7.259793], [-225.600109, 7.260365], [-225.600126, 7.260403], [-225.600176, 7.260429], [-225.600251, 7.26044], [-225.600488, 7.260465]]], [[[-225.603812, 7.258927], [-225.604557, 7.260302], [-225.604595, 7.260366], [-225.605547, 7.260643], [-225.605947, 7.260104], [-225.605991, 7.259996], [-225.606149, 7.259216], [-225.606117, 7.259051], [-225.606015, 7.258659], [-225.605715, 7.258107], [-225.60557, 7.257981], [-225.605424, 7.257879], [-225.605315, 7.257836], [-225.605182, 7.257842], [-225.605005, 7.257911], [-225.604484, 7.25828], [-225.604345, 7.258401], [-225.603812, 7.258927]]], [[[-225.632792, 7.260751], [-225.63271, 7.26086], [-225.632671, 7.261099], [-225.632707, 7.2612], [-225.63275, 7.261286], [-225.632829, 7.261355], [-225.633069, 7.261457], [-225.633286, 7.26146], [-225.633589, 7.261423], [-225.633668, 7.261363], [-225.633683, 7.261337], [-225.633697, 7.261268], [-225.63367, 7.261215], [-225.633618, 7.261134], [-225.63347, 7.261013], [-225.633104, 7.26075], [-225.632979, 7.260694], [-225.632884, 7.260679], [-225.632792, 7.260751]]], [[[-225.610566, 7.260643], [-225.610454, 7.260707], [-225.609877, 7.261653], [-225.609834, 7.26186], [-225.609866, 7.261985], [-225.609966, 7.262098], [-225.610098, 7.262148], [-225.610298, 7.262103], [-225.610593, 7.262015], [-225.610731, 7.26194], [-225.610781, 7.261839], [-225.610825, 7.261677], [-225.610874, 7.261332], [-225.610905, 7.261088], [-225.610861, 7.260875], [-225.610748, 7.260693], [-225.610648, 7.260631], [-225.610566, 7.260643]]], [[[-225.612338, 7.262596], [-225.61277, 7.262564], [-225.61287, 7.262407], [-225.61287, 7.2621], [-225.61285, 7.26173], [-225.6128, 7.261593], [-225.612694, 7.261473], [-225.61253, 7.261336], [-225.61238, 7.26133], [-225.61196, 7.261425], [-225.611834, 7.261512], [-225.61169, 7.261619], [-225.611665, 7.261713], [-225.61169, 7.261838], [-225.611753, 7.261989], [-225.611873, 7.262183], [-225.612055, 7.26242], [-225.612168, 7.262532], [-225.612338, 7.262596]]], [[[-225.59993, 7.260566], [-225.599507, 7.260838], [-225.599454, 7.260961], [-225.599444, 7.261539], [-225.599497, 7.261629], [-225.599605, 7.261779], [-225.59969, 7.261881], [-225.599873, 7.262008], [-225.600285, 7.262265], [-225.601244, 7.262841], [-225.601528, 7.262969], [-225.601877, 7.263075], [-225.602005, 7.263054], [-225.602095, 7.263033], [-225.602155, 7.262936], [-225.602133, 7.262824], [-225.602063, 7.262744], [-225.599994, 7.260565], [-225.599967, 7.260554], [-225.59993, 7.260566]]], [[[-225.616958, 7.263386], [-225.616935, 7.263399], [-225.616916, 7.263427], [-225.616921, 7.263461], [-225.617003, 7.26357], [-225.617058, 7.263609], [-225.617119, 7.263626], [-225.617185, 7.2636], [-225.617194, 7.263564], [-225.617175, 7.263512], [-225.617107, 7.263407], [-225.617064, 7.263384], [-225.617008, 7.263378], [-225.616958, 7.263386]]], [[[-225.565292, 7.263711], [-225.565307, 7.26378], [-225.565336, 7.263891], [-225.565365, 7.263969], [-225.565416, 7.264059], [-225.565485, 7.264178], [-225.565579, 7.264321], [-225.565765, 7.264565], [-225.565835, 7.264602], [-225.566168, 7.264759], [-225.566262, 7.264761], [-225.56629, 7.264728], [-225.566292, 7.264696], [-225.566271, 7.264646], [-225.566085, 7.264252], [-225.565971, 7.264051], [-225.565824, 7.263879], [-225.565527, 7.263604], [-225.565431, 7.263573], [-225.565316, 7.263563], [-225.565295, 7.263574], [-225.565292, 7.263711]]], [[[-225.620517, 7.262188], [-225.621616, 7.262263], [-225.622021, 7.262627], [-225.622894, 7.264089], [-225.622882, 7.264329], [-225.622958, 7.264392], [-225.623577, 7.264669], [-225.623855, 7.264429], [-225.624043, 7.263571], [-225.624105, 7.263016], [-225.623977, 7.261275], [-225.623863, 7.260948], [-225.622825, 7.258881], [-225.622723, 7.258894], [-225.622623, 7.258982], [-225.622093, 7.25974], [-225.621589, 7.260459], [-225.6205, 7.258291], [-225.619895, 7.257073], [-225.620715, 7.254295], [-225.621921, 7.253933], [-225.622707, 7.252623], [-225.622764, 7.25248], [-225.622763, 7.25214], [-225.622725, 7.251884], [-225.622668, 7.251694], [-225.619616, 7.24883], [-225.617405, 7.248178], [-225.616351, 7.249003], [-225.61242, 7.252967], [-225.611907, 7.254976], [-225.614787, 7.257836], [-225.616818, 7.259267], [-225.619721, 7.261369], [-225.620517, 7.262188]]], [[[-225.562729, 7.264655], [-225.562696, 7.264689], [-225.562684, 7.264735], [-225.562692, 7.264777], [-225.562725, 7.264823], [-225.56277, 7.264863], [-225.562869, 7.264889], [-225.56289, 7.264842], [-225.562887, 7.264783], [-225.56287, 7.264725], [-225.562845, 7.264688], [-225.5628, 7.264664], [-225.562768, 7.264654], [-225.562729, 7.264655]]], [[[-225.631225, 7.263522], [-225.631149, 7.263589], [-225.631066, 7.26376], [-225.631018, 7.263883], [-225.630928, 7.264348], [-225.630912, 7.264685], [-225.630925, 7.264884], [-225.630976, 7.264935], [-225.631056, 7.264944], [-225.631115, 7.264935], [-225.631262, 7.264863], [-225.631357, 7.264792], [-225.631413, 7.264705], [-225.631751, 7.264231], [-225.631949, 7.263969], [-225.631973, 7.263838], [-225.631925, 7.263703], [-225.631841, 7.263632], [-225.631403, 7.263517], [-225.6313, 7.263498], [-225.631225, 7.263522]]], [[[-225.580749, 7.26489], [-225.580705, 7.264946], [-225.580691, 7.264978], [-225.580719, 7.265008], [-225.580747, 7.265], [-225.580798, 7.264942], [-225.580821, 7.264912], [-225.580785, 7.264883], [-225.580749, 7.26489]]], [[[-225.58086, 7.264942], [-225.580804, 7.264964], [-225.580761, 7.26502], [-225.580787, 7.265031], [-225.580827, 7.265038], [-225.580866, 7.265024], [-225.580908, 7.264998], [-225.58092, 7.264967], [-225.580906, 7.264933], [-225.58086, 7.264942]]], [[[-225.562872, 7.264929], [-225.562827, 7.264973], [-225.56279, 7.265042], [-225.562794, 7.265103], [-225.562829, 7.265171], [-225.562898, 7.265226], [-225.562978, 7.265272], [-225.563113, 7.265323], [-225.563239, 7.26535], [-225.56326, 7.265326], [-225.56328, 7.265275], [-225.563281, 7.265231], [-225.563281, 7.26513], [-225.563254, 7.265079], [-225.563195, 7.265023], [-225.563128, 7.264977], [-225.562995, 7.264928], [-225.562929, 7.264917], [-225.562872, 7.264929]]], [[[-225.57942, 7.263899], [-225.578919, 7.264065], [-225.578353, 7.264313], [-225.577835, 7.264596], [-225.577069, 7.265203], [-225.576998, 7.265274], [-225.576922, 7.265392], [-225.576964, 7.265422], [-225.577087, 7.265403], [-225.578519, 7.265072], [-225.579073, 7.264924], [-225.579185, 7.264883], [-225.579722, 7.264523], [-225.579845, 7.264358], [-225.579915, 7.264187], [-225.579927, 7.264028], [-225.579838, 7.263952], [-225.579732, 7.263911], [-225.579597, 7.263887], [-225.57942, 7.263899]]], [[[-225.583072, 7.262571], [-225.581466, 7.265084], [-225.581513, 7.26515], [-225.582036, 7.265368], [-225.582294, 7.26542], [-225.582605, 7.26546], [-225.582678, 7.265446], [-225.582737, 7.265412], [-225.58394, 7.264063], [-225.587527, 7.258926], [-225.588229, 7.257356], [-225.588297, 7.257191], [-225.588296, 7.257008], [-225.588267, 7.256835], [-225.588189, 7.256671], [-225.588112, 7.256604], [-225.587977, 7.256576], [-225.587862, 7.256585], [-225.587707, 7.256691], [-225.587621, 7.256768], [-225.583072, 7.262571]]], [[[-225.567437, 7.265365], [-225.567408, 7.26537], [-225.567349, 7.265393], [-225.567397, 7.265465], [-225.567484, 7.265489], [-225.567524, 7.265489], [-225.567564, 7.265444], [-225.567517, 7.265365], [-225.567437, 7.265365]]], [[[-225.603344, 7.264892], [-225.603298, 7.264914], [-225.603265, 7.264959], [-225.603252, 7.265233], [-225.603267, 7.265326], [-225.603299, 7.265437], [-225.603346, 7.265528], [-225.6034, 7.265576], [-225.603476, 7.265584], [-225.603574, 7.265575], [-225.603622, 7.265549], [-225.603683, 7.265493], [-225.603729, 7.265406], [-225.60374, 7.265249], [-225.603685, 7.265053], [-225.603608, 7.26497], [-225.60352, 7.264917], [-225.603422, 7.264887], [-225.603344, 7.264892]]], [[[-225.622128, 7.264738], [-225.621538, 7.26518], [-225.62143, 7.26529], [-225.621471, 7.265395], [-225.621515, 7.26545], [-225.621585, 7.265506], [-225.621681, 7.26556], [-225.621777, 7.265597], [-225.621882, 7.265601], [-225.622007, 7.265554], [-225.622279, 7.264962], [-225.62231, 7.264845], [-225.622311, 7.264738], [-225.622296, 7.2647], [-225.622244, 7.264688], [-225.622186, 7.264709], [-225.622128, 7.264738]]], [[[-225.576685, 7.265416], [-225.576655, 7.265438], [-225.576627, 7.265467], [-225.576607, 7.265501], [-225.576607, 7.265544], [-225.576627, 7.265589], [-225.576667, 7.265606], [-225.576704, 7.265604], [-225.576741, 7.26559], [-225.57681, 7.26554], [-225.576838, 7.265511], [-225.576855, 7.265476], [-225.576845, 7.265439], [-225.57682, 7.265417], [-225.576784, 7.265403], [-225.576739, 7.265403], [-225.576685, 7.265416]]], [[[-225.56328, 7.26444], [-225.563342, 7.26512], [-225.563354, 7.265227], [-225.563403, 7.265333], [-225.563468, 7.265459], [-225.563617, 7.265581], [-225.563796, 7.265649], [-225.564017, 7.265671], [-225.564078, 7.265644], [-225.564127, 7.265596], [-225.564181, 7.26553], [-225.56437, 7.265135], [-225.564397, 7.26504], [-225.564385, 7.264979], [-225.564347, 7.264895], [-225.564079, 7.26391], [-225.564049, 7.263792], [-225.563988, 7.263719], [-225.5639, 7.263666], [-225.563824, 7.26366], [-225.563744, 7.263663], [-225.563687, 7.263697], [-225.563458, 7.263892], [-225.563367, 7.264078], [-225.563284, 7.264318], [-225.56328, 7.26444]]], [[[-225.641492, 7.263649], [-225.641333, 7.263721], [-225.640426, 7.26432], [-225.640132, 7.264528], [-225.639981, 7.264709], [-225.63983, 7.265456], [-225.639824, 7.265622], [-225.639938, 7.265729], [-225.640119, 7.265795], [-225.640314, 7.265794], [-225.640623, 7.265743], [-225.640832, 7.265664], [-225.640982, 7.265512], [-225.642213, 7.264705], [-225.642443, 7.264582], [-225.642515, 7.26436], [-225.642493, 7.264087], [-225.642385, 7.263849], [-225.642226, 7.263705], [-225.641996, 7.263619], [-225.641693, 7.263606], [-225.641492, 7.263649]]], [[[-225.57632, 7.266058], [-225.576264, 7.266075], [-225.57623, 7.266111], [-225.576198, 7.26616], [-225.576173, 7.266222], [-225.576164, 7.266275], [-225.576172, 7.266383], [-225.576208, 7.266424], [-225.576259, 7.266444], [-225.57632, 7.266442], [-225.576342, 7.266414], [-225.576371, 7.266364], [-225.576438, 7.266229], [-225.576448, 7.266153], [-225.576426, 7.266091], [-225.576376, 7.266057], [-225.57632, 7.266058]]], [[[-225.568056, 7.267601], [-225.567993, 7.267673], [-225.567922, 7.267806], [-225.567835, 7.268037], [-225.567846, 7.268106], [-225.567953, 7.268196], [-225.568078, 7.268233], [-225.568207, 7.268233], [-225.568283, 7.268184], [-225.568356, 7.268119], [-225.568397, 7.268021], [-225.568422, 7.267934], [-225.568427, 7.267852], [-225.568402, 7.267767], [-225.568359, 7.267691], [-225.568293, 7.267623], [-225.568235, 7.267599], [-225.568119, 7.267555], [-225.568083, 7.267552], [-225.568056, 7.267601]]], [[[-225.574096, 7.268403], [-225.576103, 7.26721], [-225.576957, 7.266494], [-225.5743, 7.266566], [-225.572188, 7.266726], [-225.572334, 7.267393], [-225.573052, 7.26815], [-225.573154, 7.268223], [-225.573252, 7.268277], [-225.573616, 7.268349], [-225.573938, 7.268397], [-225.574096, 7.268403]]], [[[-225.622323, 7.268807], [-225.62226, 7.268866], [-225.622244, 7.2689], [-225.622248, 7.268928], [-225.622277, 7.268977], [-225.622313, 7.269012], [-225.622367, 7.269032], [-225.622424, 7.269027], [-225.62249, 7.269002], [-225.622529, 7.268941], [-225.622527, 7.268882], [-225.622499, 7.268829], [-225.622464, 7.268794], [-225.622363, 7.268765], [-225.622323, 7.268807]]], [[[-225.625871, 7.2676], [-225.62579, 7.267641], [-225.625721, 7.267727], [-225.625664, 7.267832], [-225.625621, 7.268091], [-225.625636, 7.268212], [-225.625848, 7.268948], [-225.625885, 7.269026], [-225.625942, 7.269098], [-225.626027, 7.26913], [-225.626241, 7.269118], [-225.626594, 7.268753], [-225.626675, 7.268555], [-225.626719, 7.268365], [-225.626674, 7.268102], [-225.626625, 7.267951], [-225.626483, 7.267806], [-225.626382, 7.267709], [-225.626219, 7.26764], [-225.626102, 7.267609], [-225.625976, 7.267588], [-225.625871, 7.2676]]], [[[-225.603003, 7.269816], [-225.602943, 7.269886], [-225.60297, 7.269967], [-225.603087, 7.270013], [-225.603122, 7.269999], [-225.603164, 7.269943], [-225.603124, 7.26985], [-225.603043, 7.269801], [-225.603003, 7.269816]]], [[[-225.628743, 7.268706], [-225.628843, 7.26904], [-225.6289, 7.269154], [-225.629029, 7.269296], [-225.629365, 7.269538], [-225.630265, 7.270008], [-225.630414, 7.270056], [-225.630536, 7.270057], [-225.630742, 7.270021], [-225.631028, 7.269806], [-225.632816, 7.268408], [-225.633891, 7.266753], [-225.633975, 7.26525], [-225.632483, 7.265459], [-225.6315, 7.266266], [-225.629717, 7.266538], [-225.62859, 7.26679], [-225.628743, 7.268706]]], [[[-225.647984, 7.269505], [-225.649368, 7.270288], [-225.649459, 7.270309], [-225.64955, 7.270318], [-225.649631, 7.270268], [-225.649731, 7.270106], [-225.649791, 7.269925], [-225.649791, 7.269743], [-225.649771, 7.269653], [-225.64969, 7.269471], [-225.649487, 7.269149], [-225.649234, 7.268868], [-225.648901, 7.268525], [-225.64876, 7.268404], [-225.64868, 7.268355], [-225.648498, 7.268294], [-225.648407, 7.268274], [-225.648316, 7.268264], [-225.648023, 7.268265], [-225.647932, 7.268295], [-225.64766, 7.268406], [-225.647569, 7.268446], [-225.647428, 7.268567], [-225.647357, 7.268638], [-225.647338, 7.268729], [-225.647337, 7.26882], [-225.647388, 7.26891], [-225.647499, 7.269062], [-225.64756, 7.269142], [-225.647621, 7.269213], [-225.647752, 7.269343], [-225.647823, 7.269404], [-225.647984, 7.269505]]], [[[-225.624015, 7.270086], [-225.62391, 7.27012], [-225.623869, 7.270141], [-225.623836, 7.27018], [-225.623807, 7.270225], [-225.62381, 7.270292], [-225.623839, 7.270346], [-225.623874, 7.270372], [-225.62393, 7.27037], [-225.624029, 7.270299], [-225.624085, 7.270251], [-225.624092, 7.270221], [-225.624078, 7.270117], [-225.62405, 7.270085], [-225.624015, 7.270086]]], [[[-225.625214, 7.270729], [-225.625232, 7.270767], [-225.625264, 7.270773], [-225.625366, 7.270729], [-225.625714, 7.270253], [-225.625784, 7.270151], [-225.625797, 7.269974], [-225.625733, 7.269866], [-225.623673, 7.267809], [-225.621028, 7.265252], [-225.620812, 7.265144], [-225.620628, 7.2651], [-225.61981, 7.265164], [-225.619625, 7.265203], [-225.619505, 7.265431], [-225.619499, 7.265634], [-225.619761, 7.266698], [-225.62182, 7.268268], [-225.625214, 7.270729]]], [[[-225.551553, 7.268531], [-225.551466, 7.268652], [-225.551426, 7.268832], [-225.551386, 7.269058], [-225.55138, 7.26922], [-225.551451, 7.270834], [-225.551487, 7.270898], [-225.551608, 7.271025], [-225.551747, 7.271135], [-225.551886, 7.271193], [-225.552067, 7.271175], [-225.552217, 7.271094], [-225.552339, 7.271013], [-225.552466, 7.270896], [-225.552558, 7.270514], [-225.552684, 7.269213], [-225.552666, 7.269051], [-225.552596, 7.2689], [-225.55244, 7.268773], [-225.55222, 7.26864], [-225.552034, 7.26856], [-225.551843, 7.268502], [-225.551703, 7.268496], [-225.551553, 7.268531]]], [[[-225.623736, 7.270745], [-225.623223, 7.271126], [-225.623169, 7.27121], [-225.623175, 7.271276], [-225.623229, 7.271421], [-225.62329, 7.271463], [-225.62335, 7.271493], [-225.623447, 7.271517], [-225.623532, 7.271499], [-225.623664, 7.271438], [-225.623792, 7.271342], [-225.623851, 7.271245], [-225.62387, 7.271136], [-225.623876, 7.27101], [-225.623863, 7.270792], [-225.623857, 7.270738], [-225.623809, 7.27072], [-225.623736, 7.270745]]], [[[-225.602496, 7.271409], [-225.602628, 7.27154], [-225.602684, 7.271578], [-225.602741, 7.271587], [-225.602751, 7.271531], [-225.60275, 7.271446], [-225.602863, 7.271399], [-225.603089, 7.271314], [-225.603211, 7.271276], [-225.60338, 7.271173], [-225.603446, 7.271117], [-225.603464, 7.270994], [-225.603436, 7.270872], [-225.603323, 7.270778], [-225.60321, 7.270722], [-225.603088, 7.270694], [-225.602928, 7.270685], [-225.602815, 7.270638], [-225.602702, 7.270563], [-225.602626, 7.270384], [-225.602664, 7.270149], [-225.602719, 7.26984], [-225.603028, 7.268336], [-225.603065, 7.267603], [-225.602876, 7.266824], [-225.602857, 7.266777], [-225.602791, 7.266786], [-225.602415, 7.266899], [-225.601899, 7.267671], [-225.60177, 7.269944], [-225.601903, 7.270733], [-225.601921, 7.270808], [-225.602034, 7.27095], [-225.602166, 7.27109], [-225.602289, 7.271212], [-225.602496, 7.271409]]], [[[-225.649621, 7.271024], [-225.649571, 7.271114], [-225.649572, 7.271386], [-225.649662, 7.271537], [-225.649744, 7.271598], [-225.649824, 7.271648], [-225.649915, 7.271668], [-225.649985, 7.271607], [-225.650036, 7.271526], [-225.650046, 7.271436], [-225.650046, 7.271255], [-225.650005, 7.271164], [-225.649883, 7.271023], [-225.649793, 7.270983], [-225.649702, 7.270973], [-225.649621, 7.271024]]], [[[-225.598967, 7.26803], [-225.598832, 7.268107], [-225.598697, 7.268395], [-225.598621, 7.268569], [-225.598592, 7.268752], [-225.598573, 7.268973], [-225.598576, 7.271436], [-225.598663, 7.271706], [-225.598788, 7.271908], [-225.599117, 7.272206], [-225.599319, 7.27235], [-225.599503, 7.272408], [-225.599647, 7.27233], [-225.599801, 7.272196], [-225.599955, 7.271954], [-225.600157, 7.271444], [-225.600646, 7.2695], [-225.600374, 7.268567], [-225.600268, 7.268364], [-225.600085, 7.268259], [-225.599853, 7.268173], [-225.599477, 7.268077], [-225.599218, 7.26802], [-225.598967, 7.26803]]], [[[-225.624137, 7.272331], [-225.624089, 7.27244], [-225.624077, 7.27256], [-225.624113, 7.272711], [-225.624156, 7.272826], [-225.624222, 7.27291], [-225.624264, 7.272904], [-225.624923, 7.272264], [-225.624965, 7.272221], [-225.624989, 7.27216], [-225.624959, 7.272094], [-225.62488, 7.272016], [-225.624765, 7.271992], [-225.62465, 7.27201], [-225.624512, 7.272041], [-225.624312, 7.272125], [-225.624228, 7.272204], [-225.624137, 7.272331]]], [[[-225.588714, 7.272678], [-225.588692, 7.272706], [-225.588679, 7.272763], [-225.588701, 7.272851], [-225.588752, 7.272903], [-225.588793, 7.272918], [-225.588852, 7.272887], [-225.588875, 7.272872], [-225.588891, 7.272842], [-225.58883, 7.272707], [-225.588805, 7.272693], [-225.588752, 7.272676], [-225.588714, 7.272678]]], [[[-225.620037, 7.269723], [-225.620339, 7.270005], [-225.621489, 7.272145], [-225.621072, 7.270126], [-225.618988, 7.265873], [-225.614499, 7.264912], [-225.614169, 7.264855], [-225.613906, 7.264865], [-225.613558, 7.264951], [-225.613032, 7.265186], [-225.612882, 7.265336], [-225.612806, 7.265581], [-225.612826, 7.265806], [-225.613563, 7.268783], [-225.614589, 7.268941], [-225.618521, 7.268851], [-225.620037, 7.269723]]], [[[-225.70064, 7.273784], [-225.700669, 7.273882], [-225.700698, 7.273945], [-225.700802, 7.273972], [-225.700888, 7.273927], [-225.701177, 7.27371], [-225.701211, 7.273681], [-225.701219, 7.273626], [-225.701148, 7.273527], [-225.701039, 7.273543], [-225.700895, 7.273573], [-225.700763, 7.273618], [-225.700668, 7.273656], [-225.70065, 7.273707], [-225.70064, 7.273784]]], [[[-225.647353, 7.272145], [-225.646989, 7.272227], [-225.646908, 7.272276], [-225.646838, 7.272337], [-225.646536, 7.272812], [-225.646547, 7.273416], [-225.647345, 7.273989], [-225.647436, 7.27402], [-225.647719, 7.274019], [-225.64781, 7.274008], [-225.6479, 7.273978], [-225.647971, 7.273918], [-225.647981, 7.273827], [-225.64798, 7.273736], [-225.64796, 7.273646], [-225.647807, 7.272477], [-225.647796, 7.272386], [-225.647524, 7.272195], [-225.647443, 7.272145], [-225.647353, 7.272145]]], [[[-225.597385, 7.273579], [-225.597353, 7.273654], [-225.597311, 7.273786], [-225.597295, 7.273942], [-225.597279, 7.274121], [-225.597323, 7.274456], [-225.597366, 7.274596], [-225.597507, 7.274868], [-225.597643, 7.274895], [-225.597878, 7.274922], [-225.597987, 7.274914], [-225.598102, 7.274856], [-225.598177, 7.274778], [-225.598233, 7.274645], [-225.59824, 7.274509], [-225.59822, 7.274404], [-225.59772, 7.273747], [-225.597618, 7.273625], [-225.597532, 7.273559], [-225.597439, 7.273556], [-225.597385, 7.273579]]], [[[-225.62287, 7.27493], [-225.623019, 7.274934], [-225.623058, 7.274891], [-225.623074, 7.274845], [-225.623089, 7.274782], [-225.623097, 7.274711], [-225.623089, 7.274647], [-225.623041, 7.274608], [-225.622983, 7.274599], [-225.622934, 7.274616], [-225.622806, 7.274704], [-225.622778, 7.274757], [-225.622767, 7.274787], [-225.622778, 7.274874], [-225.62287, 7.27493]]], [[[-225.701601, 7.273496], [-225.701568, 7.27384], [-225.701881, 7.274592], [-225.701979, 7.274747], [-225.7027, 7.275199], [-225.702836, 7.275237], [-225.702933, 7.275192], [-225.703011, 7.27501], [-225.703037, 7.274713], [-225.702978, 7.274434], [-225.70288, 7.274214], [-225.702489, 7.273445], [-225.702431, 7.273359], [-225.702113, 7.27332], [-225.701996, 7.273314], [-225.701834, 7.273367], [-225.701601, 7.273496]]], [[[-225.691658, 7.275051], [-225.691405, 7.275114], [-225.691144, 7.275186], [-225.691144, 7.275304], [-225.691235, 7.275322], [-225.69137, 7.275313], [-225.691523, 7.275267], [-225.691749, 7.275186], [-225.691821, 7.275105], [-225.691776, 7.275024], [-225.691658, 7.275051]]], [[[-225.707963, 7.275778], [-225.707937, 7.27585], [-225.70797, 7.275929], [-225.708062, 7.276007], [-225.708154, 7.275942], [-225.708147, 7.275843], [-225.708062, 7.275778], [-225.707963, 7.275778]]], [[[-225.708158, 7.276083], [-225.708134, 7.276103], [-225.708127, 7.276169], [-225.708138, 7.276354], [-225.7082, 7.276439], [-225.708268, 7.276494], [-225.708337, 7.276494], [-225.708471, 7.276435], [-225.708512, 7.27636], [-225.708512, 7.276332], [-225.708447, 7.276161], [-225.708402, 7.276082], [-225.70836, 7.276038], [-225.708251, 7.275993], [-225.708224, 7.275994], [-225.708199, 7.276007], [-225.708158, 7.276083]]], [[[-225.605336, 7.272995], [-225.605207, 7.275206], [-225.605231, 7.275457], [-225.605339, 7.275672], [-225.605483, 7.275839], [-225.607303, 7.276529], [-225.607494, 7.276576], [-225.607685, 7.276529], [-225.608856, 7.275703], [-225.608988, 7.275488], [-225.609131, 7.275176], [-225.60913, 7.274902], [-225.607775, 7.272491], [-225.607572, 7.272204], [-225.60738, 7.271977], [-225.607164, 7.271847], [-225.606901, 7.271739], [-225.606027, 7.271406], [-225.605764, 7.271383], [-225.605513, 7.271406], [-225.605286, 7.271467], [-225.605143, 7.27161], [-225.605131, 7.271789], [-225.605167, 7.272207], [-225.605239, 7.272661], [-225.605336, 7.272995]]], [[[-225.689016, 7.276732], [-225.689001, 7.276787], [-225.689033, 7.276865], [-225.689142, 7.276908], [-225.689185, 7.276885], [-225.689209, 7.276849], [-225.689213, 7.276794], [-225.689177, 7.276759], [-225.689075, 7.27672], [-225.689016, 7.276732]]], [[[-225.595943, 7.275646], [-225.595832, 7.275672], [-225.595785, 7.275698], [-225.595746, 7.275817], [-225.595738, 7.275917], [-225.595781, 7.276018], [-225.596228, 7.276827], [-225.59627, 7.276878], [-225.596484, 7.27698], [-225.596587, 7.276989], [-225.596656, 7.276967], [-225.596728, 7.276933], [-225.59705, 7.276762], [-225.597067, 7.276658], [-225.596659, 7.276], [-225.596534, 7.275886], [-225.596345, 7.27577], [-225.596148, 7.275663], [-225.596063, 7.275625], [-225.595943, 7.275646]]], [[[-225.706782, 7.276875], [-225.706704, 7.276974], [-225.706704, 7.277085], [-225.706783, 7.277152], [-225.706921, 7.27721], [-225.707105, 7.27721], [-225.707203, 7.27715], [-225.707229, 7.277078], [-225.707196, 7.276987], [-225.707091, 7.276888], [-225.706921, 7.276842], [-225.706782, 7.276875]]], [[[-225.59357, 7.274822], [-225.5933, 7.275074], [-225.593219, 7.275368], [-225.5933, 7.27575], [-225.593414, 7.276001], [-225.593911, 7.276808], [-225.594024, 7.276939], [-225.594187, 7.277089], [-225.594369, 7.277164], [-225.595479, 7.277594], [-225.595767, 7.276849], [-225.59564, 7.275371], [-225.59552, 7.275202], [-225.59505, 7.274821], [-225.594591, 7.274671], [-225.593657, 7.274766], [-225.59357, 7.274822]]], [[[-225.610459, 7.276683], [-225.610901, 7.277204], [-225.611016, 7.277291], [-225.611237, 7.277391], [-225.611773, 7.27751], [-225.61208, 7.277577], [-225.612642, 7.277014], [-225.612857, 7.276794], [-225.613542, 7.273871], [-225.613435, 7.273289], [-225.613822, 7.270337], [-225.612778, 7.267347], [-225.611369, 7.265047], [-225.609385, 7.267046], [-225.609262, 7.272719], [-225.610136, 7.275781], [-225.610338, 7.276436], [-225.610459, 7.276683]]], [[[-225.708074, 7.277536], [-225.709047, 7.277979], [-225.709134, 7.278017], [-225.709949, 7.278226], [-225.710045, 7.278245], [-225.710237, 7.278245], [-225.710303, 7.278216], [-225.711247, 7.276938], [-225.710951, 7.276566], [-225.710593, 7.276193], [-225.710251, 7.275915], [-225.708616, 7.274923], [-225.708211, 7.274691], [-225.706515, 7.273964], [-225.704882, 7.273532], [-225.702897, 7.273251], [-225.702805, 7.273263], [-225.702729, 7.273281], [-225.702671, 7.273386], [-225.70265, 7.273461], [-225.70265, 7.27349], [-225.703476, 7.273956], [-225.703778, 7.274061], [-225.70409, 7.273999], [-225.704618, 7.273982], [-225.704913, 7.273998], [-225.705209, 7.27409], [-225.707372, 7.274785], [-225.707808, 7.274987], [-225.708586, 7.275436], [-225.709644, 7.276195], [-225.709753, 7.276381], [-225.70977, 7.276614], [-225.70977, 7.276863], [-225.709615, 7.277127], [-225.709491, 7.277264], [-225.70862, 7.277529], [-225.708074, 7.277536]]], [[[-225.613493, 7.27802], [-225.613479, 7.27804], [-225.613482, 7.278126], [-225.613518, 7.278232], [-225.613567, 7.278311], [-225.61364, 7.2784], [-225.613724, 7.27844], [-225.613831, 7.278455], [-225.613963, 7.278423], [-225.614007, 7.278384], [-225.614026, 7.278326], [-225.614019, 7.278271], [-225.613981, 7.27821], [-225.613887, 7.278126], [-225.613794, 7.278061], [-225.613672, 7.278031], [-225.613556, 7.27801], [-225.613493, 7.27802]]], [[[-225.664764, 7.272051], [-225.667186, 7.27646], [-225.667994, 7.277888], [-225.668128, 7.278022], [-225.66918, 7.278479], [-225.669214, 7.278468], [-225.669281, 7.278311], [-225.669347, 7.277886], [-225.669336, 7.277696], [-225.668128, 7.270449], [-225.66779, 7.269099], [-225.667689, 7.268797], [-225.667555, 7.268474], [-225.666512, 7.266811], [-225.661411, 7.258854], [-225.661265, 7.258709], [-225.660695, 7.25842], [-225.660505, 7.258342], [-225.66037, 7.258364], [-225.660283, 7.260331], [-225.660317, 7.260654], [-225.660643, 7.261949], [-225.660723, 7.262217], [-225.660913, 7.262686], [-225.661003, 7.262765], [-225.664333, 7.268188], [-225.664764, 7.272051]]], [[[-225.706555, 7.278077], [-225.70643, 7.278149], [-225.706298, 7.278274], [-225.706292, 7.278378], [-225.706364, 7.278517], [-225.706476, 7.278654], [-225.706581, 7.278739], [-225.706674, 7.278759], [-225.706746, 7.278687], [-225.706818, 7.278549], [-225.706877, 7.278391], [-225.706916, 7.278266], [-225.706916, 7.278155], [-225.706836, 7.278057], [-225.706699, 7.278023], [-225.706555, 7.278077]]], [[[-225.70188, 7.279543], [-225.702113, 7.279558], [-225.703349, 7.279606], [-225.706199, 7.279537], [-225.706315, 7.279042], [-225.706057, 7.276626], [-225.705881, 7.275638], [-225.696954, 7.276], [-225.692434, 7.275039], [-225.689992, 7.275698], [-225.689448, 7.276273], [-225.689357, 7.276823], [-225.689407, 7.277821], [-225.689462, 7.277912], [-225.689573, 7.278077], [-225.689799, 7.278309], [-225.690045, 7.278406], [-225.690265, 7.278401], [-225.701676, 7.279449], [-225.70188, 7.279543]]], [[[-225.565267, 7.279704], [-225.565243, 7.279717], [-225.565201, 7.279771], [-225.565218, 7.279837], [-225.565268, 7.279886], [-225.565294, 7.279891], [-225.56536, 7.279825], [-225.56539, 7.279739], [-225.565352, 7.27967], [-225.565323, 7.279663], [-225.565267, 7.279704]]], [[[-225.569874, 7.280024], [-225.569895, 7.280122], [-225.569939, 7.280223], [-225.569995, 7.280327], [-225.570033, 7.280365], [-225.570122, 7.280405], [-225.570212, 7.280428], [-225.570566, 7.280476], [-225.570718, 7.280447], [-225.570816, 7.280393], [-225.570951, 7.280313], [-225.571042, 7.280221], [-225.571095, 7.280122], [-225.571078, 7.280061], [-225.571005, 7.279979], [-225.570876, 7.279895], [-225.570759, 7.27983], [-225.570643, 7.279776], [-225.570555, 7.279754], [-225.56987, 7.27995], [-225.569874, 7.280024]]], [[[-225.713479, 7.281287], [-225.713641, 7.281238], [-225.713672, 7.281184], [-225.713641, 7.281093], [-225.713569, 7.281057], [-225.713315, 7.281124], [-225.713316, 7.281287], [-225.713479, 7.281287]]], [[[-225.591369, 7.279484], [-225.591279, 7.279543], [-225.591076, 7.279706], [-225.591027, 7.27976], [-225.590914, 7.280184], [-225.590905, 7.280355], [-225.590915, 7.280499], [-225.590951, 7.280616], [-225.591096, 7.281], [-225.591386, 7.281526], [-225.591485, 7.281639], [-225.59159, 7.281671], [-225.591706, 7.28158], [-225.591778, 7.281489], [-225.591859, 7.281368], [-225.592025, 7.280759], [-225.592021, 7.280552], [-225.592006, 7.279979], [-225.591993, 7.27984], [-225.591929, 7.27975], [-225.591825, 7.279659], [-225.591563, 7.279471], [-225.591486, 7.279461], [-225.591369, 7.279484]]], [[[-225.595436, 7.281006], [-225.596233, 7.282366], [-225.596611, 7.282862], [-225.596681, 7.282911], [-225.596791, 7.28298], [-225.596911, 7.28303], [-225.597259, 7.283159], [-225.597627, 7.283158], [-225.598133, 7.282978], [-225.598332, 7.2829], [-225.598451, 7.28277], [-225.598719, 7.282323], [-225.598769, 7.282183], [-225.598739, 7.282055], [-225.598678, 7.281926], [-225.595811, 7.278554], [-225.595671, 7.278464], [-225.595116, 7.279358], [-225.595027, 7.279508], [-225.594928, 7.279747], [-225.594908, 7.279985], [-225.594948, 7.280103], [-225.595436, 7.281006]]], [[[-225.579661, 7.281422], [-225.579927, 7.281897], [-225.580979, 7.283], [-225.581287, 7.283251], [-225.581525, 7.283419], [-225.581651, 7.283321], [-225.582042, 7.282887], [-225.582308, 7.282453], [-225.582489, 7.28188], [-225.582656, 7.281181], [-225.582753, 7.28058], [-225.58254, 7.277897], [-225.582357, 7.277421], [-225.581881, 7.276891], [-225.581474, 7.276444], [-225.581012, 7.276096], [-225.580788, 7.275998], [-225.580494, 7.276208], [-225.57862, 7.277832], [-225.578466, 7.278097], [-225.578453, 7.278447], [-225.57872, 7.279607], [-225.579044, 7.280417], [-225.579661, 7.281422]]], [[[-225.591701, 7.282247], [-225.591649, 7.282305], [-225.591606, 7.28236], [-225.591365, 7.282954], [-225.591339, 7.283152], [-225.591362, 7.283313], [-225.591395, 7.283374], [-225.591444, 7.283435], [-225.591505, 7.283441], [-225.591535, 7.283426], [-225.592006, 7.28249], [-225.592009, 7.282452], [-225.591983, 7.282409], [-225.59184, 7.282296], [-225.591773, 7.282246], [-225.591701, 7.282247]]], [[[-225.57781, 7.28463], [-225.577849, 7.284689], [-225.577894, 7.284695], [-225.578024, 7.284622], [-225.578036, 7.284596], [-225.57802, 7.284492], [-225.577995, 7.284422], [-225.577968, 7.284373], [-225.577765, 7.284167], [-225.577705, 7.284124], [-225.577624, 7.2841], [-225.577604, 7.2841], [-225.577601, 7.284155], [-225.57762, 7.28422], [-225.577651, 7.284292], [-225.577724, 7.284461], [-225.57781, 7.28463]]], [[[-225.557487, 7.278949], [-225.557682, 7.279521], [-225.558213, 7.281052], [-225.558734, 7.282863], [-225.558919, 7.283575], [-225.558994, 7.283801], [-225.559341, 7.284782], [-225.559526, 7.285257], [-225.559731, 7.285526], [-225.559872, 7.285601], [-225.560077, 7.28559], [-225.56026, 7.285407], [-225.560357, 7.285212], [-225.560365, 7.28284], [-225.56031, 7.282084], [-225.560212, 7.28134], [-225.559506, 7.278073], [-225.558348, 7.27705], [-225.558133, 7.276986], [-225.557895, 7.277094], [-225.557668, 7.277277], [-225.557302, 7.278001], [-225.55727, 7.278313], [-225.557303, 7.278723], [-225.557487, 7.278949]]], [[[-225.573457, 7.285564], [-225.573413, 7.285669], [-225.573395, 7.285727], [-225.573428, 7.285834], [-225.573466, 7.285898], [-225.573524, 7.285935], [-225.573553, 7.285935], [-225.573595, 7.285854], [-225.573595, 7.285826], [-225.573581, 7.285687], [-225.573546, 7.285577], [-225.573536, 7.285545], [-225.573491, 7.285544], [-225.573457, 7.285564]]], [[[-225.589982, 7.285685], [-225.5908, 7.286214], [-225.590896, 7.286232], [-225.590974, 7.286209], [-225.591031, 7.286137], [-225.591096, 7.285992], [-225.591139, 7.285893], [-225.591164, 7.285772], [-225.591166, 7.285585], [-225.591153, 7.285487], [-225.591092, 7.285394], [-225.590163, 7.284746], [-225.590058, 7.284724], [-225.589604, 7.284678], [-225.589524, 7.284706], [-225.589398, 7.28479], [-225.589355, 7.284959], [-225.589392, 7.285012], [-225.589905, 7.285636], [-225.589982, 7.285685]]], [[[-225.589314, 7.286982], [-225.589732, 7.28708], [-225.589808, 7.287059], [-225.589855, 7.286987], [-225.589901, 7.286853], [-225.589927, 7.286677], [-225.589912, 7.286543], [-225.589839, 7.286471], [-225.589783, 7.286441], [-225.589761, 7.286466], [-225.58969, 7.286595], [-225.589633, 7.286642], [-225.589561, 7.286688], [-225.589457, 7.286693], [-225.589359, 7.286683], [-225.589158, 7.286441], [-225.589101, 7.286318], [-225.588717, 7.285267], [-225.588681, 7.284887], [-225.588681, 7.284819], [-225.588696, 7.284685], [-225.588737, 7.284536], [-225.58884, 7.284303], [-225.588933, 7.284196], [-225.5893, 7.284097], [-225.589346, 7.284149], [-225.589393, 7.284221], [-225.589475, 7.284313], [-225.589563, 7.284354], [-225.590012, 7.284508], [-225.59043, 7.284642], [-225.590507, 7.284657], [-225.590595, 7.284606], [-225.590662, 7.284533], [-225.590719, 7.284373], [-225.590822, 7.283997], [-225.590857, 7.283755], [-225.590748, 7.283585], [-225.590661, 7.283544], [-225.588353, 7.282496], [-225.587663, 7.283481], [-225.586726, 7.284822], [-225.586922, 7.285311], [-225.588679, 7.286705], [-225.589314, 7.286982]]], [[[-225.581623, 7.287213], [-225.58171, 7.287311], [-225.581775, 7.287359], [-225.581889, 7.287381], [-225.581964, 7.287386], [-225.582046, 7.287369], [-225.582506, 7.287245], [-225.582739, 7.287163], [-225.58282, 7.287087], [-225.582918, 7.286914], [-225.582966, 7.286714], [-225.582982, 7.286508], [-225.582949, 7.286286], [-225.582873, 7.28614], [-225.582716, 7.285865], [-225.582613, 7.285756], [-225.582477, 7.285708], [-225.582304, 7.285692], [-225.582174, 7.285735], [-225.58206, 7.285822], [-225.581563, 7.286358], [-225.581368, 7.286569], [-225.58133, 7.286657], [-225.58134, 7.286748], [-225.581362, 7.286835], [-225.581476, 7.287067], [-225.581536, 7.287132], [-225.581623, 7.287213]]], [[[-225.590839, 7.288549], [-225.590768, 7.288582], [-225.590764, 7.288639], [-225.590821, 7.288765], [-225.590866, 7.288822], [-225.59093, 7.288887], [-225.591016, 7.288904], [-225.591048, 7.288901], [-225.591091, 7.288869], [-225.591092, 7.288694], [-225.591081, 7.288635], [-225.591028, 7.288564], [-225.591001, 7.28855], [-225.590926, 7.288519], [-225.590899, 7.288512], [-225.590839, 7.288549]]], [[[-225.566757, 7.289108], [-225.566931, 7.28913], [-225.56709, 7.289086], [-225.567256, 7.289021], [-225.567623, 7.288833], [-225.567696, 7.288761], [-225.567955, 7.287982], [-225.568077, 7.287441], [-225.567917, 7.286251], [-225.567858, 7.286006], [-225.567649, 7.285905], [-225.567591, 7.285891], [-225.567165, 7.285884], [-225.567057, 7.285992], [-225.566489, 7.288258], [-225.566584, 7.288971], [-225.566634, 7.289058], [-225.566757, 7.289108]]], [[[-225.560302, 7.289343], [-225.56023, 7.2894], [-225.56021, 7.28949], [-225.560206, 7.289576], [-225.56023, 7.289612], [-225.560315, 7.289649], [-225.560407, 7.28964], [-225.560466, 7.289572], [-225.560513, 7.289493], [-225.560514, 7.289402], [-225.560475, 7.289319], [-225.560386, 7.289307], [-225.560302, 7.289343]]], [[[-225.712394, 7.284078], [-225.712597, 7.284466], [-225.716033, 7.288984], [-225.716521, 7.289491], [-225.717856, 7.290572], [-225.718176, 7.290691], [-225.718653, 7.29069], [-225.718862, 7.290531], [-225.718941, 7.290302], [-225.719218, 7.289198], [-225.719297, 7.288672], [-225.719236, 7.288274], [-225.719066, 7.28738], [-225.718975, 7.287003], [-225.718835, 7.286566], [-225.717646, 7.283037], [-225.71718, 7.28199], [-225.715267, 7.279445], [-225.712662, 7.278437], [-225.713791, 7.279106], [-225.715334, 7.282062], [-225.71522, 7.282931], [-225.714962, 7.283618], [-225.714877, 7.283655], [-225.714691, 7.283661], [-225.7146, 7.283643], [-225.714521, 7.283594], [-225.714134, 7.283263], [-225.71307, 7.282349], [-225.712398, 7.281747], [-225.712247, 7.281639], [-225.712078, 7.281566], [-225.711988, 7.281549], [-225.71169, 7.28158], [-225.711613, 7.281719], [-225.711566, 7.282123], [-225.711878, 7.282883], [-225.712394, 7.284078]]], [[[-225.569738, 7.290525], [-225.572406, 7.29172], [-225.572415, 7.29172], [-225.573139, 7.290987], [-225.573483, 7.290495], [-225.573612, 7.290219], [-225.573595, 7.290064], [-225.573333, 7.288013], [-225.573109, 7.287884], [-225.570046, 7.288897], [-225.569831, 7.289], [-225.569693, 7.289112], [-225.569598, 7.289319], [-225.569538, 7.289801], [-225.569538, 7.290017], [-225.569591, 7.290345], [-225.569738, 7.290525]]], [[[-225.583348, 7.291525], [-225.583348, 7.291609], [-225.583388, 7.291744], [-225.583447, 7.291847], [-225.583716, 7.292125], [-225.583816, 7.292179], [-225.583991, 7.292269], [-225.584145, 7.292288], [-225.584438, 7.292263], [-225.584567, 7.292199], [-225.585417, 7.291651], [-225.585681, 7.291468], [-225.587369, 7.288937], [-225.587091, 7.287798], [-225.587048, 7.287672], [-225.587024, 7.2876], [-225.586945, 7.287542], [-225.586861, 7.287521], [-225.586807, 7.287519], [-225.584684, 7.287176], [-225.584593, 7.287161], [-225.584295, 7.287128], [-225.584192, 7.287121], [-225.584129, 7.287129], [-225.584064, 7.287204], [-225.58391, 7.287479], [-225.583847, 7.287598], [-225.583824, 7.287673], [-225.583706, 7.28817], [-225.583697, 7.288221], [-225.583348, 7.291525]]], [[[-225.59378, 7.292463], [-225.593898, 7.292226], [-225.59241, 7.28916], [-225.592306, 7.289041], [-225.592173, 7.289027], [-225.591861, 7.289027], [-225.591653, 7.289205], [-225.591476, 7.289472], [-225.591417, 7.290347], [-225.591418, 7.290517], [-225.591462, 7.290643], [-225.591537, 7.290784], [-225.59378, 7.292463]]], [[[-225.554394, 7.293557], [-225.554473, 7.293668], [-225.554592, 7.293714], [-225.554736, 7.293727], [-225.55494, 7.29374], [-225.555084, 7.29372], [-225.555268, 7.293674], [-225.558174, 7.291943], [-225.559061, 7.291042], [-225.559133, 7.290845], [-225.559362, 7.289787], [-225.558671, 7.289262], [-225.558565, 7.289216], [-225.55846, 7.289204], [-225.558335, 7.289223], [-225.557395, 7.289671], [-225.557152, 7.289809], [-225.555654, 7.290947], [-225.555456, 7.291158], [-225.554858, 7.291848], [-225.554707, 7.292085], [-225.554419, 7.292978], [-225.55438, 7.29313], [-225.554367, 7.293405], [-225.554394, 7.293557]]], [[[-225.586771, 7.291442], [-225.586314, 7.292195], [-225.586166, 7.292595], [-225.586105, 7.29289], [-225.586149, 7.293444], [-225.586761, 7.294645], [-225.587632, 7.295652], [-225.589157, 7.296826], [-225.589249, 7.296851], [-225.589372, 7.296864], [-225.589563, 7.296863], [-225.589834, 7.296832], [-225.589946, 7.296795], [-225.590026, 7.296703], [-225.590068, 7.296555], [-225.59, 7.296284], [-225.589414, 7.29562], [-225.589136, 7.295417], [-225.589812, 7.292127], [-225.589936, 7.29206], [-225.590033, 7.291974], [-225.59013, 7.291791], [-225.590318, 7.291375], [-225.590351, 7.291255], [-225.590374, 7.291147], [-225.590386, 7.291044], [-225.590369, 7.290975], [-225.59022, 7.290845], [-225.589888, 7.29056], [-225.589769, 7.29048], [-225.589111, 7.290042], [-225.589036, 7.290019], [-225.588917, 7.289996], [-225.588774, 7.28998], [-225.588488, 7.289963], [-225.588403, 7.290025], [-225.586931, 7.291288], [-225.586771, 7.291442]]], [[[-225.592512, 7.296955], [-225.592581, 7.297001], [-225.592681, 7.297036], [-225.593199, 7.296873], [-225.593309, 7.296681], [-225.593361, 7.296542], [-225.593715, 7.296006], [-225.593925, 7.295814], [-225.594081, 7.295139], [-225.594081, 7.295024], [-225.594034, 7.294831], [-225.593935, 7.294623], [-225.593865, 7.294576], [-225.593772, 7.294541], [-225.593696, 7.294518], [-225.59341, 7.294501], [-225.591601, 7.294648], [-225.590536, 7.295075], [-225.590554, 7.295301], [-225.592512, 7.296955]]], [[[-225.548292, 7.297883], [-225.548433, 7.297964], [-225.548603, 7.297822], [-225.548498, 7.297558], [-225.548384, 7.297432], [-225.547995, 7.297174], [-225.547903, 7.297142], [-225.54783, 7.297142], [-225.547727, 7.297165], [-225.54766, 7.297206], [-225.547644, 7.297321], [-225.547719, 7.297511], [-225.547834, 7.297642], [-225.547938, 7.297757], [-225.548062, 7.297834], [-225.548185, 7.297869], [-225.548292, 7.297883]]], [[[-225.566139, 7.29878], [-225.566159, 7.298836], [-225.566207, 7.298838], [-225.566224, 7.298799], [-225.566207, 7.298758], [-225.566168, 7.298732], [-225.566139, 7.29878]]], [[[-225.547459, 7.298832], [-225.547321, 7.298903], [-225.547295, 7.298951], [-225.54729, 7.298987], [-225.547288, 7.299033], [-225.547298, 7.299064], [-225.547323, 7.299097], [-225.547349, 7.299124], [-225.547378, 7.299125], [-225.547419, 7.299115], [-225.547466, 7.299098], [-225.547562, 7.299042], [-225.547604, 7.299003], [-225.547623, 7.298947], [-225.54762, 7.298891], [-225.547586, 7.298851], [-225.547543, 7.298828], [-225.547503, 7.298819], [-225.547459, 7.298832]]], [[[-225.545968, 7.298394], [-225.545766, 7.298457], [-225.545615, 7.298573], [-225.545493, 7.298765], [-225.545274, 7.29924], [-225.545141, 7.299546], [-225.545083, 7.299772], [-225.545432, 7.300646], [-225.545489, 7.300767], [-225.545594, 7.300842], [-225.545763, 7.300871], [-225.54589, 7.300848], [-225.546029, 7.300755], [-225.546098, 7.300657], [-225.546133, 7.300518], [-225.546156, 7.300368], [-225.546202, 7.299974], [-225.546345, 7.298601], [-225.545968, 7.298394]]], [[[-225.586944, 7.300882], [-225.587378, 7.300935], [-225.587501, 7.300935], [-225.587614, 7.300884], [-225.587707, 7.300707], [-225.58773, 7.300653], [-225.587762, 7.30028], [-225.58771, 7.299915], [-225.587656, 7.299849], [-225.587576, 7.299813], [-225.587497, 7.299791], [-225.587427, 7.299781], [-225.586768, 7.299854], [-225.586692, 7.299869], [-225.586616, 7.299898], [-225.586518, 7.299941], [-225.586463, 7.299978], [-225.586434, 7.300024], [-225.586428, 7.300072], [-225.586438, 7.300263], [-225.586464, 7.300306], [-225.586689, 7.300657], [-225.58687, 7.300853], [-225.586944, 7.300882]]], [[[-225.516005, 7.302966], [-225.515925, 7.303066], [-225.51591, 7.303132], [-225.515932, 7.303168], [-225.515954, 7.303188], [-225.51602, 7.303207], [-225.516073, 7.30317], [-225.516119, 7.303122], [-225.516121, 7.30311], [-225.516114, 7.303076], [-225.516042, 7.302964], [-225.516005, 7.302966]]], [[[-225.545052, 7.30129], [-225.545002, 7.301389], [-225.544996, 7.301515], [-225.545209, 7.302251], [-225.545291, 7.3024], [-225.545366, 7.302507], [-225.545966, 7.303154], [-225.545966, 7.302331], [-225.545346, 7.30129], [-225.545239, 7.301215], [-225.545126, 7.30119], [-225.545052, 7.30129]]], [[[-225.564188, 7.301632], [-225.564025, 7.30174], [-225.563935, 7.3018], [-225.563857, 7.301884], [-225.563454, 7.302509], [-225.563448, 7.302635], [-225.563461, 7.30278], [-225.563594, 7.303524], [-225.563654, 7.303632], [-225.56372, 7.30371], [-225.563793, 7.303763], [-225.563871, 7.303812], [-225.563932, 7.303794], [-225.564467, 7.303548], [-225.564508, 7.303492], [-225.564748, 7.302291], [-225.564735, 7.302183], [-225.564699, 7.302064], [-225.564554, 7.301782], [-225.564476, 7.301661], [-225.564355, 7.301613], [-225.564265, 7.301608], [-225.564188, 7.301632]]], [[[-225.52081, 7.302823], [-225.52069, 7.302951], [-225.520609, 7.303124], [-225.520643, 7.303282], [-225.520914, 7.303633], [-225.520986, 7.303702], [-225.521284, 7.303821], [-225.521359, 7.303793], [-225.521379, 7.303618], [-225.521403, 7.303306], [-225.521403, 7.303087], [-225.521361, 7.302956], [-225.521294, 7.302883], [-225.521203, 7.30284], [-225.52103, 7.302817], [-225.52081, 7.302823]]], [[[-225.546102, 7.303718], [-225.546104, 7.303756], [-225.546129, 7.303807], [-225.546186, 7.303881], [-225.54624, 7.303865], [-225.546247, 7.303813], [-225.546247, 7.303786], [-225.54616, 7.303648], [-225.546115, 7.303605], [-225.546102, 7.303718]]], [[[-225.513774, 7.303828], [-225.513764, 7.303845], [-225.513767, 7.303884], [-225.513805, 7.30392], [-225.513849, 7.303942], [-225.513912, 7.303922], [-225.513934, 7.303869], [-225.513907, 7.303816], [-225.513871, 7.303801], [-225.51382, 7.303813], [-225.513774, 7.303828]]], [[[-225.546266, 7.304216], [-225.546279, 7.304266], [-225.546338, 7.304268], [-225.546342, 7.304239], [-225.546338, 7.304184], [-225.546272, 7.303967], [-225.546225, 7.303913], [-225.546181, 7.303953], [-225.546222, 7.30418], [-225.546266, 7.304216]]], [[[-225.52215, 7.305862], [-225.52255, 7.306041], [-225.522776, 7.306027], [-225.522839, 7.305945], [-225.522877, 7.305808], [-225.522815, 7.305295], [-225.522401, 7.304569], [-225.522271, 7.304408], [-225.52201, 7.304118], [-225.521856, 7.30421], [-225.521589, 7.30496], [-225.521705, 7.305403], [-225.521835, 7.305594], [-225.521989, 7.305755], [-225.52215, 7.305862]]], [[[-225.550015, 7.307628], [-225.549984, 7.307694], [-225.550019, 7.307786], [-225.550103, 7.307826], [-225.5502, 7.307737], [-225.550204, 7.307672], [-225.550204, 7.307606], [-225.550077, 7.307557], [-225.550015, 7.307628]]], [[[-225.526268, 7.308447], [-225.526198, 7.3087], [-225.526241, 7.308762], [-225.526324, 7.30882], [-225.526435, 7.308779], [-225.526481, 7.308748], [-225.526533, 7.308619], [-225.526513, 7.308534], [-225.526318, 7.308418], [-225.526268, 7.308447]]], [[[-225.549246, 7.308916], [-225.549224, 7.308942], [-225.54926, 7.309], [-225.549335, 7.309013], [-225.549352, 7.30899], [-225.549343, 7.308911], [-225.549334, 7.308885], [-225.54929, 7.308885], [-225.549246, 7.308916]]], [[[-225.525961, 7.309691], [-225.525723, 7.309769], [-225.525593, 7.309822], [-225.52558, 7.309899], [-225.525885, 7.310151], [-225.526027, 7.310249], [-225.526205, 7.31029], [-225.526307, 7.310181], [-225.526413, 7.309814], [-225.526375, 7.30973], [-225.526184, 7.309685], [-225.525961, 7.309691]]], [[[-225.497473, 7.310346], [-225.497401, 7.310392], [-225.497437, 7.310487], [-225.497497, 7.310524], [-225.497525, 7.310523], [-225.497557, 7.310504], [-225.497585, 7.310452], [-225.4976, 7.310401], [-225.497577, 7.310361], [-225.4975, 7.310336], [-225.497473, 7.310346]]], [[[-225.49906, 7.310965], [-225.499341, 7.310992], [-225.499644, 7.31059], [-225.499759, 7.310375], [-225.499812, 7.310188], [-225.499752, 7.309594], [-225.499739, 7.309502], [-225.499673, 7.30945], [-225.499423, 7.309345], [-225.499373, 7.309332], [-225.498886, 7.309689], [-225.498536, 7.310033], [-225.498132, 7.310719], [-225.498138, 7.31081], [-225.498308, 7.310895], [-225.498661, 7.310972], [-225.49906, 7.310965]]], [[[-225.588715, 7.306326], [-225.589924, 7.311044], [-225.589948, 7.311123], [-225.589991, 7.311232], [-225.589997, 7.311238], [-225.59007, 7.311214], [-225.590287, 7.310899], [-225.590336, 7.310826], [-225.590372, 7.310711], [-225.590426, 7.310505], [-225.59045, 7.310384], [-225.590448, 7.308303], [-225.589961, 7.306934], [-225.589686, 7.30666], [-225.588892, 7.306165], [-225.588756, 7.306165], [-225.588707, 7.306202], [-225.588674, 7.30624], [-225.588681, 7.306289], [-225.588715, 7.306326]]], [[[-225.55289, 7.312006], [-225.552803, 7.312042], [-225.552757, 7.312107], [-225.552838, 7.312236], [-225.552936, 7.312221], [-225.552977, 7.312191], [-225.552991, 7.312088], [-225.552984, 7.312049], [-225.552917, 7.311997], [-225.55289, 7.312006]]], [[[-225.550326, 7.311873], [-225.550189, 7.312026], [-225.550171, 7.312067], [-225.550178, 7.312149], [-225.550208, 7.312212], [-225.550259, 7.31224], [-225.55039, 7.312231], [-225.550556, 7.312108], [-225.550696, 7.311912], [-225.550697, 7.311872], [-225.550676, 7.311815], [-225.550651, 7.311765], [-225.550629, 7.311755], [-225.55053, 7.311759], [-225.550482, 7.311766], [-225.550458, 7.311775], [-225.550326, 7.311873]]], [[[-225.547663, 7.310424], [-225.547659, 7.310487], [-225.547659, 7.310621], [-225.547671, 7.311368], [-225.547682, 7.311615], [-225.54773, 7.31176], [-225.548387, 7.312913], [-225.548516, 7.313133], [-225.548608, 7.313202], [-225.548699, 7.313197], [-225.548791, 7.313095], [-225.548817, 7.313014], [-225.549011, 7.312327], [-225.548864, 7.311893], [-225.548169, 7.31089], [-225.547729, 7.310423], [-225.547691, 7.310412], [-225.547663, 7.310424]]], [[[-225.555346, 7.312987], [-225.555243, 7.313076], [-225.555303, 7.313194], [-225.555338, 7.313214], [-225.555398, 7.31323], [-225.555451, 7.31317], [-225.55544, 7.313107], [-225.555429, 7.313062], [-225.555389, 7.31298], [-225.555346, 7.312987]]], [[[-225.557236, 7.313234], [-225.557204, 7.313287], [-225.557289, 7.313336], [-225.557348, 7.313312], [-225.557335, 7.313257], [-225.557258, 7.313217], [-225.557236, 7.313234]]], [[[-225.554023, 7.313794], [-225.554149, 7.313465], [-225.553443, 7.312886], [-225.553356, 7.31284], [-225.553234, 7.312795], [-225.553087, 7.312743], [-225.552963, 7.312714], [-225.552807, 7.312707], [-225.552539, 7.312717], [-225.552474, 7.312734], [-225.552363, 7.312809], [-225.55222, 7.312946], [-225.552164, 7.313005], [-225.552119, 7.313105], [-225.55209, 7.313184], [-225.5521, 7.31325], [-225.552427, 7.313656], [-225.554023, 7.313794]]], [[[-225.512773, 7.314155], [-225.512984, 7.314253], [-225.51308, 7.314236], [-225.513418, 7.314142], [-225.513547, 7.314004], [-225.513706, 7.313731], [-225.513636, 7.313607], [-225.513516, 7.313507], [-225.513079, 7.313431], [-225.512994, 7.313438], [-225.512799, 7.313505], [-225.512598, 7.313726], [-225.512596, 7.313836], [-225.512604, 7.313958], [-225.512664, 7.314105], [-225.512773, 7.314155]]], [[[-225.554432, 7.314214], [-225.55438, 7.31425], [-225.554346, 7.314293], [-225.55436, 7.314455], [-225.554372, 7.314526], [-225.554399, 7.31457], [-225.554445, 7.314612], [-225.554495, 7.314629], [-225.55456, 7.314634], [-225.554618, 7.314626], [-225.554662, 7.314592], [-225.554666, 7.314584], [-225.554694, 7.314498], [-225.554672, 7.314249], [-225.554647, 7.314214], [-225.554607, 7.314184], [-225.554561, 7.314166], [-225.55452, 7.314161], [-225.554432, 7.314214]]], [[[-225.512765, 7.314694], [-225.512976, 7.314856], [-225.513314, 7.314958], [-225.513458, 7.314954], [-225.513579, 7.314878], [-225.513589, 7.314808], [-225.513556, 7.314739], [-225.513464, 7.314632], [-225.513154, 7.314404], [-225.51302, 7.314366], [-225.512854, 7.314435], [-225.512768, 7.314557], [-225.512765, 7.314694]]], [[[-225.513791, 7.314036], [-225.513901, 7.314344], [-225.514009, 7.314476], [-225.514586, 7.314977], [-225.514809, 7.315009], [-225.514895, 7.314935], [-225.514987, 7.314843], [-225.515401, 7.314171], [-225.515446, 7.314025], [-225.515431, 7.313964], [-225.515032, 7.313521], [-225.514925, 7.313437], [-225.514643, 7.313415], [-225.514228, 7.313422], [-225.514029, 7.313568], [-225.513777, 7.313766], [-225.513753, 7.313798], [-225.513761, 7.313881], [-225.513791, 7.314036]]], [[[-225.559713, 7.315015], [-225.559866, 7.315449], [-225.559891, 7.315474], [-225.560129, 7.315583], [-225.560198, 7.315567], [-225.560258, 7.315499], [-225.560297, 7.31543], [-225.560327, 7.315316], [-225.560311, 7.315197], [-225.560292, 7.315108], [-225.560252, 7.315029], [-225.560177, 7.314989], [-225.560108, 7.314965], [-225.559762, 7.314882], [-225.559717, 7.314897], [-225.559693, 7.314921], [-225.559693, 7.314961], [-225.559713, 7.315015]]], [[[-225.554812, 7.315442], [-225.554629, 7.315511], [-225.554521, 7.315557], [-225.55446, 7.315598], [-225.554405, 7.315655], [-225.554369, 7.315764], [-225.554397, 7.315813], [-225.554432, 7.315859], [-225.554612, 7.316174], [-225.554643, 7.31623], [-225.554674, 7.316249], [-225.554719, 7.31624], [-225.554782, 7.316221], [-225.554843, 7.316166], [-225.554895, 7.316104], [-225.554996, 7.315598], [-225.554996, 7.315533], [-225.554966, 7.315481], [-225.554924, 7.315446], [-225.554877, 7.315435], [-225.554812, 7.315442]]], [[[-225.514435, 7.315425], [-225.514359, 7.315493], [-225.51429, 7.31558], [-225.514175, 7.316022], [-225.514383, 7.316582], [-225.514488, 7.31667], [-225.514662, 7.316728], [-225.514987, 7.316624], [-225.515703, 7.316333], [-225.515867, 7.316142], [-225.515891, 7.316095], [-225.515839, 7.315983], [-225.515573, 7.31561], [-225.515453, 7.315463], [-225.515293, 7.315393], [-225.514643, 7.315373], [-225.514435, 7.315425]]], [[[-225.560115, 7.316367], [-225.560056, 7.316398], [-225.559987, 7.316487], [-225.559888, 7.316625], [-225.559864, 7.316808], [-225.559889, 7.316916], [-225.559933, 7.316995], [-225.559992, 7.31702], [-225.560071, 7.317005], [-225.560141, 7.316985], [-225.560249, 7.316945], [-225.560363, 7.316895], [-225.560402, 7.316846], [-225.560397, 7.316788], [-225.560368, 7.316699], [-225.560253, 7.316412], [-225.560189, 7.316358], [-225.560115, 7.316367]]], [[[-225.560626, 7.317305], [-225.56065, 7.317335], [-225.560695, 7.31735], [-225.560765, 7.31735], [-225.560843, 7.317345], [-225.561184, 7.3173], [-225.561254, 7.31725], [-225.561274, 7.317176], [-225.561254, 7.317097], [-225.56119, 7.317033], [-225.56112, 7.316974], [-225.561001, 7.316949], [-225.560892, 7.316944], [-225.560739, 7.316979], [-225.56063, 7.317167], [-225.560606, 7.317241], [-225.560626, 7.317305]]], [[[-225.528094, 7.318089], [-225.528259, 7.318132], [-225.528313, 7.318126], [-225.528379, 7.318084], [-225.528261, 7.317617], [-225.528217, 7.317568], [-225.528118, 7.317501], [-225.528044, 7.317512], [-225.527978, 7.317554], [-225.52791, 7.31762], [-225.5279, 7.317763], [-225.527929, 7.317864], [-225.528041, 7.318068], [-225.528094, 7.318089]]], [[[-225.527712, 7.318114], [-225.527752, 7.318137], [-225.52783, 7.318122], [-225.527859, 7.318112], [-225.527854, 7.318062], [-225.527836, 7.318004], [-225.527762, 7.317956], [-225.5277, 7.31805], [-225.527712, 7.318114]]], [[[-225.563696, 7.317494], [-225.563647, 7.317533], [-225.563626, 7.317599], [-225.563621, 7.31766], [-225.563638, 7.317715], [-225.563668, 7.317788], [-225.56372, 7.317882], [-225.563827, 7.318048], [-225.563927, 7.318126], [-225.563977, 7.318154], [-225.564023, 7.318166], [-225.564095, 7.318147], [-225.564123, 7.318126], [-225.564124, 7.318098], [-225.564082, 7.317684], [-225.564056, 7.317597], [-225.564015, 7.31753], [-225.563959, 7.317501], [-225.563776, 7.317491], [-225.563696, 7.317494]]], [[[-225.526084, 7.318544], [-225.526137, 7.318674], [-225.52628, 7.318769], [-225.526482, 7.318876], [-225.526708, 7.31897], [-225.526815, 7.318892], [-225.526884, 7.318816], [-225.526951, 7.31872], [-225.526998, 7.318571], [-225.526957, 7.318507], [-225.526862, 7.318483], [-225.526203, 7.31836], [-225.526118, 7.318403], [-225.526084, 7.318544]]], [[[-225.563932, 7.318778], [-225.56389, 7.318797], [-225.563769, 7.318939], [-225.563733, 7.318987], [-225.563812, 7.319182], [-225.563863, 7.319244], [-225.56389, 7.319267], [-225.563923, 7.319275], [-225.563963, 7.319274], [-225.564, 7.319243], [-225.564018, 7.319192], [-225.564035, 7.319133], [-225.564039, 7.319046], [-225.564039, 7.31888], [-225.564026, 7.318825], [-225.563997, 7.318787], [-225.563966, 7.31877], [-225.563932, 7.318778]]], [[[-225.527796, 7.319366], [-225.527648, 7.319461], [-225.527583, 7.319538], [-225.527397, 7.32016], [-225.527346, 7.320488], [-225.527441, 7.320649], [-225.527656, 7.320927], [-225.527768, 7.32101], [-225.527887, 7.320974], [-225.528018, 7.320867], [-225.528321, 7.320487], [-225.528546, 7.320143], [-225.528563, 7.32], [-225.528508, 7.319785], [-225.528337, 7.319532], [-225.528159, 7.319337], [-225.528018, 7.319319], [-225.527898, 7.319313], [-225.527796, 7.319366]]], [[[-225.570422, 7.321284], [-225.570302, 7.321318], [-225.570261, 7.321338], [-225.570188, 7.321406], [-225.570168, 7.321449], [-225.570164, 7.321513], [-225.570169, 7.321575], [-225.570186, 7.321633], [-225.570228, 7.321662], [-225.570256, 7.321662], [-225.5703, 7.321646], [-225.570334, 7.321607], [-225.570389, 7.321525], [-225.57042, 7.321461], [-225.570476, 7.321329], [-225.570474, 7.321315], [-225.570443, 7.32128], [-225.570422, 7.321284]]], [[[-225.530091, 7.319987], [-225.52989, 7.320031], [-225.529733, 7.320121], [-225.529621, 7.320233], [-225.529543, 7.320323], [-225.529543, 7.320413], [-225.529869, 7.321475], [-225.529947, 7.321653], [-225.530127, 7.321943], [-225.530262, 7.322089], [-225.530474, 7.322223], [-225.530497, 7.322234], [-225.53061, 7.322155], [-225.530665, 7.321999], [-225.530965, 7.320175], [-225.530965, 7.320087], [-225.530875, 7.320053], [-225.530674, 7.319997], [-225.530259, 7.319964], [-225.530091, 7.319987]]], [[[-225.500248, 7.322078], [-225.500257, 7.322183], [-225.500287, 7.322289], [-225.500373, 7.32248], [-225.500488, 7.322451], [-225.500555, 7.322336], [-225.500594, 7.322249], [-225.500517, 7.322087], [-225.500353, 7.322068], [-225.500248, 7.322078]]], [[[-225.533452, 7.323276], [-225.533435, 7.323318], [-225.533435, 7.323384], [-225.533461, 7.323403], [-225.533497, 7.323404], [-225.533541, 7.323385], [-225.533556, 7.323362], [-225.533554, 7.323312], [-225.533516, 7.323271], [-225.533473, 7.323271], [-225.533452, 7.323276]]], [[[-225.52837, 7.323559], [-225.528555, 7.323717], [-225.528724, 7.323813], [-225.528766, 7.323803], [-225.528833, 7.323785], [-225.528835, 7.323775], [-225.528835, 7.323731], [-225.528813, 7.323435], [-225.528733, 7.323144], [-225.528599, 7.322757], [-225.528545, 7.322661], [-225.528483, 7.322621], [-225.528471, 7.322619], [-225.528399, 7.322659], [-225.528323, 7.322708], [-225.528263, 7.322747], [-225.528248, 7.322762], [-225.528125, 7.322888], [-225.528107, 7.322933], [-225.528029, 7.32331], [-225.528032, 7.323323], [-225.52814, 7.323465], [-225.52837, 7.323559]]], [[[-225.485643, 7.319549], [-225.485529, 7.319616], [-225.485474, 7.3197], [-225.485423, 7.31983], [-225.485393, 7.319933], [-225.484993, 7.322216], [-225.485676, 7.322738], [-225.486864, 7.320881], [-225.486983, 7.320586], [-225.487006, 7.320448], [-225.487005, 7.320436], [-225.486948, 7.320311], [-225.486635, 7.319815], [-225.486387, 7.319692], [-225.485978, 7.319505], [-225.485766, 7.319502], [-225.485643, 7.319549]]], [[[-225.533381, 7.323481], [-225.53331, 7.323518], [-225.533179, 7.32363], [-225.533021, 7.323853], [-225.533006, 7.323981], [-225.533059, 7.324092], [-225.53315, 7.324191], [-225.53325, 7.324244], [-225.533361, 7.324224], [-225.533513, 7.324079], [-225.533579, 7.323988], [-225.533604, 7.323658], [-225.533571, 7.323527], [-225.533533, 7.323485], [-225.533467, 7.323464], [-225.533381, 7.323481]]], [[[-225.53256, 7.324518], [-225.532614, 7.324517], [-225.532646, 7.324489], [-225.532663, 7.324435], [-225.532617, 7.324159], [-225.532592, 7.324039], [-225.532535, 7.323973], [-225.532448, 7.32394], [-225.532356, 7.323944], [-225.532262, 7.323986], [-225.532187, 7.324035], [-225.532146, 7.324114], [-225.532121, 7.3242], [-225.53213, 7.324291], [-225.532163, 7.324369], [-225.532204, 7.324427], [-225.532283, 7.324493], [-225.53237, 7.324517], [-225.53256, 7.324518]]], [[[-225.507035, 7.324541], [-225.507003, 7.324598], [-225.507009, 7.324642], [-225.5071, 7.324725], [-225.50714, 7.32472], [-225.507177, 7.324672], [-225.507181, 7.324637], [-225.507156, 7.324568], [-225.507081, 7.324521], [-225.507035, 7.324541]]], [[[-225.53259, 7.324778], [-225.532688, 7.325265], [-225.532734, 7.325325], [-225.532809, 7.325375], [-225.53289, 7.325396], [-225.532957, 7.32538], [-225.53303, 7.325345], [-225.533179, 7.325244], [-225.533205, 7.325198], [-225.533218, 7.325109], [-225.533226, 7.325029], [-225.533213, 7.324938], [-225.533164, 7.324811], [-225.533118, 7.324731], [-225.533054, 7.324704], [-225.532994, 7.324682], [-225.532941, 7.324681], [-225.532612, 7.324693], [-225.532597, 7.324706], [-225.53259, 7.324745], [-225.53259, 7.324778]]], [[[-225.516, 7.325103], [-225.515936, 7.325181], [-225.515932, 7.325304], [-225.51594, 7.325343], [-225.51597, 7.325411], [-225.51602, 7.325398], [-225.516128, 7.3253], [-225.516154, 7.325274], [-225.516171, 7.32524], [-225.516171, 7.325167], [-225.516159, 7.325104], [-225.516052, 7.32507], [-225.516039, 7.325069], [-225.516, 7.325103]]], [[[-225.485742, 7.324414], [-225.485699, 7.324504], [-225.485468, 7.325232], [-225.485471, 7.325368], [-225.485526, 7.325481], [-225.485601, 7.325593], [-225.48574, 7.325637], [-225.485833, 7.3256], [-225.48593, 7.325516], [-225.486032, 7.3254], [-225.486072, 7.325222], [-225.486069, 7.324514], [-225.486042, 7.32444], [-225.485951, 7.324392], [-225.48589, 7.324369], [-225.485742, 7.324414]]], [[[-225.529824, 7.325624], [-225.529925, 7.325689], [-225.53005, 7.325736], [-225.530596, 7.325611], [-225.530656, 7.325569], [-225.530697, 7.325468], [-225.530697, 7.325231], [-225.530692, 7.325148], [-225.530608, 7.325106], [-225.530347, 7.325042], [-225.529918, 7.325267], [-225.529842, 7.325345], [-225.529794, 7.325535], [-225.529824, 7.325624]]], [[[-225.531012, 7.32576], [-225.530871, 7.325831], [-225.53086, 7.325887], [-225.530906, 7.325961], [-225.531028, 7.326144], [-225.53118, 7.32621], [-225.531294, 7.326158], [-225.531387, 7.32606], [-225.531403, 7.325942], [-225.53133, 7.325822], [-225.531257, 7.325756], [-225.531137, 7.32572], [-225.531012, 7.32576]]], [[[-225.53201, 7.325818], [-225.53178, 7.3259], [-225.531579, 7.326026], [-225.531327, 7.326231], [-225.531239, 7.326486], [-225.531282, 7.326758], [-225.531331, 7.326911], [-225.531448, 7.327019], [-225.531536, 7.327003], [-225.531802, 7.326876], [-225.53207, 7.326743], [-225.532369, 7.326515], [-225.532455, 7.326352], [-225.532505, 7.326233], [-225.532552, 7.326049], [-225.532424, 7.3259], [-225.532106, 7.325802], [-225.53201, 7.325818]]], [[[-225.516505, 7.326725], [-225.518835, 7.32709], [-225.518903, 7.327091], [-225.51912, 7.32678], [-225.519126, 7.32662], [-225.519109, 7.326475], [-225.519086, 7.326354], [-225.518953, 7.326042], [-225.518864, 7.325925], [-225.518766, 7.3258], [-225.518674, 7.325729], [-225.517746, 7.325268], [-225.517255, 7.32526], [-225.517186, 7.32528], [-225.516918, 7.325426], [-225.516642, 7.325663], [-225.516402, 7.325902], [-225.51634, 7.32606], [-225.516297, 7.326649], [-225.516331, 7.326691], [-225.516505, 7.326725]]], [[[-225.527618, 7.32709], [-225.527617, 7.327122], [-225.527673, 7.32715], [-225.527738, 7.327146], [-225.527754, 7.327094], [-225.52771, 7.327054], [-225.527658, 7.32705], [-225.527618, 7.32709]]], [[[-225.52748, 7.327154], [-225.527416, 7.327175], [-225.527356, 7.327204], [-225.5273, 7.327299], [-225.527381, 7.327433], [-225.52748, 7.327503], [-225.527558, 7.327524], [-225.527637, 7.327443], [-225.527653, 7.327323], [-225.527656, 7.327243], [-225.527627, 7.327172], [-225.527551, 7.32714], [-225.52748, 7.327154]]], [[[-225.514996, 7.325796], [-225.514916, 7.325987], [-225.514916, 7.326368], [-225.514968, 7.326692], [-225.515026, 7.326963], [-225.515142, 7.327073], [-225.515362, 7.327269], [-225.515571, 7.327546], [-225.515676, 7.327696], [-225.515734, 7.327703], [-225.515866, 7.327555], [-225.516087, 7.327112], [-225.516104, 7.326967], [-225.516084, 7.326842], [-225.515876, 7.326558], [-225.515291, 7.325854], [-225.515207, 7.325781], [-225.515079, 7.325741], [-225.514996, 7.325796]]], [[[-225.502341, 7.327492], [-225.502326, 7.327542], [-225.50234, 7.327584], [-225.502358, 7.327622], [-225.502464, 7.327676], [-225.502536, 7.327704], [-225.502655, 7.327702], [-225.502679, 7.327687], [-225.502701, 7.327644], [-225.502673, 7.327597], [-225.502518, 7.327499], [-225.50243, 7.327472], [-225.502392, 7.327467], [-225.502341, 7.327492]]], [[[-225.484677, 7.327925], [-225.484736, 7.328014], [-225.484839, 7.328055], [-225.484934, 7.328037], [-225.485303, 7.327876], [-225.485428, 7.327717], [-225.485441, 7.327583], [-225.485519, 7.326112], [-225.485465, 7.326057], [-225.485359, 7.32606], [-225.485278, 7.326097], [-225.485129, 7.326186], [-225.48504, 7.326285], [-225.484575, 7.327067], [-225.484537, 7.327136], [-225.484561, 7.327342], [-225.484677, 7.327925]]], [[[-225.512506, 7.328812], [-225.512583, 7.328827], [-225.512638, 7.328816], [-225.512849, 7.328777], [-225.513315, 7.328661], [-225.513349, 7.32862], [-225.513407, 7.328473], [-225.513425, 7.32842], [-225.51343, 7.328302], [-225.513429, 7.328135], [-225.513417, 7.328087], [-225.513397, 7.328052], [-225.513302, 7.327926], [-225.513031, 7.327835], [-225.512715, 7.327995], [-225.512667, 7.328023], [-225.512628, 7.328078], [-225.512497, 7.328261], [-225.51246, 7.328323], [-225.512425, 7.328396], [-225.512412, 7.328471], [-225.512407, 7.328541], [-225.512413, 7.328621], [-225.512429, 7.328715], [-225.512457, 7.328774], [-225.512506, 7.328812]]], [[[-225.461748, 7.327188], [-225.461636, 7.327202], [-225.461575, 7.327271], [-225.461568, 7.327324], [-225.461663, 7.327596], [-225.461966, 7.328365], [-225.462076, 7.328618], [-225.462226, 7.328852], [-225.462348, 7.328982], [-225.462471, 7.329027], [-225.462757, 7.329056], [-225.462939, 7.329023], [-225.462956, 7.328976], [-225.462951, 7.328923], [-225.462938, 7.328866], [-225.462456, 7.327416], [-225.462254, 7.327309], [-225.461945, 7.327185], [-225.461748, 7.327188]]], [[[-225.452084, 7.329023], [-225.45206, 7.32904], [-225.452017, 7.329086], [-225.452015, 7.329151], [-225.452041, 7.329192], [-225.452081, 7.329224], [-225.45214, 7.329223], [-225.452198, 7.32919], [-225.452231, 7.329145], [-225.452261, 7.329081], [-225.452238, 7.32901], [-225.452204, 7.328979], [-225.452124, 7.328974], [-225.452084, 7.329023]]], [[[-225.469246, 7.325236], [-225.469124, 7.32531], [-225.468915, 7.325494], [-225.46872, 7.32594], [-225.46849, 7.326694], [-225.468364, 7.327582], [-225.468317, 7.328542], [-225.46834, 7.328644], [-225.468453, 7.329009], [-225.468492, 7.32909], [-225.468611, 7.329245], [-225.468679, 7.329246], [-225.468792, 7.329237], [-225.469237, 7.328755], [-225.469311, 7.328634], [-225.469341, 7.328512], [-225.469633, 7.326671], [-225.469637, 7.325618], [-225.469621, 7.325554], [-225.469544, 7.325425], [-225.469491, 7.325358], [-225.469348, 7.325228], [-225.469246, 7.325236]]], [[[-225.505411, 7.327177], [-225.505769, 7.326253], [-225.506883, 7.324409], [-225.509711, 7.322522], [-225.505297, 7.319199], [-225.504562, 7.31887], [-225.50447, 7.318893], [-225.50423, 7.319142], [-225.503733, 7.319702], [-225.503566, 7.320162], [-225.50352, 7.320317], [-225.503501, 7.320443], [-225.504376, 7.324867], [-225.505411, 7.327177]]], [[[-225.460899, 7.329634], [-225.461329, 7.329288], [-225.461393, 7.32888], [-225.460969, 7.328364], [-225.45965, 7.328158], [-225.459498, 7.328163], [-225.458948, 7.328497], [-225.458889, 7.328534], [-225.458842, 7.328602], [-225.458831, 7.328648], [-225.459064, 7.328972], [-225.459213, 7.329113], [-225.459465, 7.329322], [-225.459552, 7.329377], [-225.460899, 7.329634]]], [[[-225.49937, 7.329935], [-225.49967, 7.329981], [-225.499926, 7.329988], [-225.500219, 7.329914], [-225.500491, 7.329798], [-225.500599, 7.329694], [-225.500652, 7.329633], [-225.500652, 7.329534], [-225.500629, 7.329495], [-225.500515, 7.329395], [-225.50042, 7.329321], [-225.500243, 7.329292], [-225.49939, 7.329639], [-225.499184, 7.329919], [-225.49937, 7.329935]]], [[[-225.483295, 7.328994], [-225.483211, 7.329086], [-225.482951, 7.329575], [-225.482874, 7.329796], [-225.482889, 7.329881], [-225.482942, 7.329949], [-225.483065, 7.33004], [-225.483256, 7.330094], [-225.48331, 7.330079], [-225.483371, 7.330003], [-225.483579, 7.329307], [-225.483564, 7.329162], [-225.483503, 7.329024], [-225.483426, 7.328964], [-225.483295, 7.328994]]], [[[-225.518362, 7.330026], [-225.518794, 7.330115], [-225.518978, 7.33011], [-225.519085, 7.330072], [-225.519206, 7.329956], [-225.519867, 7.328863], [-225.51986, 7.328709], [-225.519834, 7.328249], [-225.51979, 7.328122], [-225.519714, 7.327954], [-225.519354, 7.327198], [-225.519286, 7.327083], [-225.519201, 7.327106], [-225.519148, 7.327182], [-225.519025, 7.327375], [-225.5182, 7.329603], [-225.518362, 7.330026]]], [[[-225.515319, 7.330613], [-225.5154, 7.330609], [-225.51599, 7.330571], [-225.516142, 7.330532], [-225.516281, 7.330456], [-225.516349, 7.330372], [-225.516358, 7.330303], [-225.515684, 7.329585], [-225.515569, 7.329547], [-225.515439, 7.329562], [-225.515188, 7.329666], [-225.514763, 7.32992], [-225.514746, 7.329973], [-225.514833, 7.330248], [-225.515127, 7.330501], [-225.515319, 7.330613]]], [[[-225.459935, 7.330614], [-225.459906, 7.33064], [-225.459895, 7.330666], [-225.459924, 7.33071], [-225.459988, 7.330646], [-225.459989, 7.330614], [-225.459935, 7.330614]]], [[[-225.516845, 7.330722], [-225.516845, 7.33077], [-225.516855, 7.330785], [-225.516879, 7.330797], [-225.516917, 7.330798], [-225.516929, 7.33077], [-225.51691, 7.330732], [-225.51688, 7.330695], [-225.516853, 7.330695], [-225.516845, 7.330722]]], [[[-225.500568, 7.330115], [-225.500459, 7.330387], [-225.500529, 7.330703], [-225.500575, 7.330902], [-225.500636, 7.330955], [-225.500793, 7.330922], [-225.50095, 7.330671], [-225.500962, 7.330494], [-225.500942, 7.33037], [-225.500859, 7.330127], [-225.50078, 7.330038], [-225.500652, 7.330023], [-225.500568, 7.330115]]], [[[-225.517798, 7.330947], [-225.517761, 7.330985], [-225.517739, 7.331074], [-225.517739, 7.331081], [-225.517799, 7.331163], [-225.518016, 7.331245], [-225.518068, 7.331237], [-225.518104, 7.331193], [-225.51812, 7.331163], [-225.518127, 7.331088], [-225.518127, 7.331066], [-225.51809, 7.330977], [-225.518007, 7.33094], [-225.517911, 7.330918], [-225.517813, 7.33091], [-225.517798, 7.330947]]], [[[-225.486149, 7.331497], [-225.486165, 7.33152], [-225.486199, 7.33151], [-225.486194, 7.331449], [-225.486156, 7.33144], [-225.486149, 7.331497]]], [[[-225.452272, 7.331643], [-225.45228, 7.331697], [-225.452319, 7.331708], [-225.452338, 7.331678], [-225.452348, 7.331648], [-225.452337, 7.331623], [-225.452307, 7.331613], [-225.452272, 7.331643]]], [[[-225.521288, 7.331715], [-225.521287, 7.331773], [-225.521374, 7.331801], [-225.521381, 7.331708], [-225.521288, 7.331715]]], [[[-225.467739, 7.330271], [-225.468265, 7.3317], [-225.468304, 7.331791], [-225.46843, 7.331924], [-225.468549, 7.331893], [-225.468656, 7.331825], [-225.468743, 7.331766], [-225.468856, 7.331679], [-225.468923, 7.331584], [-225.468934, 7.331518], [-225.468927, 7.331445], [-225.468915, 7.331358], [-225.468811, 7.330774], [-225.468444, 7.329203], [-225.468423, 7.329158], [-225.468171, 7.329013], [-225.467851, 7.328953], [-225.467702, 7.329025], [-225.467581, 7.329107], [-225.46755, 7.329197], [-225.467559, 7.329303], [-225.467574, 7.329391], [-225.467739, 7.330271]]], [[[-225.500396, 7.331224], [-225.500306, 7.331269], [-225.500268, 7.331318], [-225.500138, 7.331509], [-225.49997, 7.331716], [-225.499875, 7.331785], [-225.499842, 7.33182], [-225.499814, 7.331872], [-225.4998, 7.33191], [-225.499855, 7.332002], [-225.499919, 7.332032], [-225.499998, 7.332045], [-225.500097, 7.332039], [-225.5002, 7.332004], [-225.500264, 7.33195], [-225.500524, 7.331621], [-225.500562, 7.331565], [-225.500597, 7.331322], [-225.500589, 7.331237], [-225.500562, 7.331202], [-225.500511, 7.331192], [-225.500396, 7.331224]]], [[[-225.519453, 7.330592], [-225.519346, 7.330722], [-225.518631, 7.331999], [-225.518593, 7.332106], [-225.518593, 7.33216], [-225.518624, 7.332205], [-225.518746, 7.332206], [-225.519487, 7.331867], [-225.519628, 7.331654], [-225.519813, 7.331311], [-225.51984, 7.331241], [-225.519848, 7.331158], [-225.519849, 7.331036], [-225.51984, 7.330951], [-225.519629, 7.330607], [-225.519552, 7.330554], [-225.519453, 7.330592]]], [[[-225.451117, 7.331766], [-225.451332, 7.332154], [-225.451419, 7.332233], [-225.451808, 7.33241], [-225.451877, 7.332372], [-225.451907, 7.332289], [-225.45191, 7.332112], [-225.451906, 7.332043], [-225.452423, 7.331181], [-225.452211, 7.330406], [-225.451231, 7.32944], [-225.451158, 7.329386], [-225.451098, 7.329364], [-225.450795, 7.329304], [-225.450621, 7.329279], [-225.450454, 7.329279], [-225.4503, 7.32933], [-225.450242, 7.329396], [-225.450325, 7.329964], [-225.450973, 7.33166], [-225.451117, 7.331766]]], [[[-225.451658, 7.33241], [-225.451674, 7.332436], [-225.451698, 7.332453], [-225.451749, 7.332452], [-225.451738, 7.332425], [-225.451713, 7.332382], [-225.451677, 7.332381], [-225.451658, 7.33241]]], [[[-225.468173, 7.332263], [-225.468126, 7.332334], [-225.468116, 7.33239], [-225.468144, 7.332459], [-225.468193, 7.332519], [-225.468241, 7.33257], [-225.468309, 7.332581], [-225.468387, 7.332545], [-225.468393, 7.332476], [-225.468376, 7.332422], [-225.468303, 7.332293], [-225.46823, 7.332255], [-225.468173, 7.332263]]], [[[-225.487005, 7.332635], [-225.487369, 7.332633], [-225.4875, 7.33259], [-225.487507, 7.332527], [-225.487503, 7.332438], [-225.487491, 7.332414], [-225.48743, 7.332361], [-225.487402, 7.332361], [-225.487096, 7.332379], [-225.487048, 7.332386], [-225.48692, 7.332414], [-225.486934, 7.332578], [-225.487005, 7.332635]]], [[[-225.509138, 7.330277], [-225.508904, 7.331366], [-225.509772, 7.331691], [-225.511484, 7.330382], [-225.5116, 7.330276], [-225.51163, 7.330076], [-225.511558, 7.329791], [-225.511317, 7.329397], [-225.511066, 7.329331], [-225.509345, 7.329943], [-225.509138, 7.330277]]], [[[-225.521246, 7.332822], [-225.521342, 7.332802], [-225.521255, 7.332717], [-225.521246, 7.332822]]], [[[-225.513615, 7.329082], [-225.513354, 7.329594], [-225.513223, 7.329965], [-225.51321, 7.330066], [-225.513162, 7.330459], [-225.513163, 7.330551], [-225.513453, 7.331712], [-225.513558, 7.332079], [-225.513611, 7.332223], [-225.513725, 7.332397], [-225.513834, 7.332507], [-225.514259, 7.332825], [-225.514462, 7.332965], [-225.514614, 7.333039], [-225.514867, 7.33296], [-225.515052, 7.332828], [-225.515083, 7.332758], [-225.51452, 7.329387], [-225.514435, 7.329265], [-225.514206, 7.329066], [-225.513692, 7.329021], [-225.513615, 7.329082]]], [[[-225.534485, 7.332436], [-225.534463, 7.332476], [-225.53445, 7.332524], [-225.534445, 7.332567], [-225.534473, 7.332783], [-225.534542, 7.332939], [-225.534662, 7.33306], [-225.53474, 7.333074], [-225.534833, 7.333076], [-225.534892, 7.333051], [-225.534937, 7.332992], [-225.534975, 7.332918], [-225.53498, 7.332859], [-225.534956, 7.332714], [-225.534835, 7.332543], [-225.534704, 7.33243], [-225.534586, 7.332347], [-225.534555, 7.332339], [-225.534485, 7.332436]]], [[[-225.515478, 7.331063], [-225.515421, 7.331243], [-225.51543, 7.331518], [-225.5155, 7.331631], [-225.516595, 7.333059], [-225.516653, 7.333085], [-225.516801, 7.333049], [-225.516858, 7.332919], [-225.516897, 7.332787], [-225.516888, 7.332639], [-225.516674, 7.33202], [-225.516603, 7.331853], [-225.516519, 7.331753], [-225.515599, 7.331029], [-225.515478, 7.331063]]], [[[-225.466808, 7.331956], [-225.466474, 7.332455], [-225.466443, 7.332524], [-225.46642, 7.332641], [-225.46642, 7.332917], [-225.466435, 7.333009], [-225.466511, 7.333403], [-225.466561, 7.33347], [-225.466731, 7.33352], [-225.466754, 7.333524], [-225.466933, 7.333459], [-225.466968, 7.333428], [-225.467015, 7.333352], [-225.467224, 7.332686], [-225.467073, 7.332212], [-225.466808, 7.331956]]], [[[-225.483092, 7.333481], [-225.483082, 7.3335], [-225.483089, 7.333543], [-225.483117, 7.333552], [-225.483169, 7.333542], [-225.483177, 7.333514], [-225.483173, 7.333477], [-225.483169, 7.333472], [-225.48313, 7.333454], [-225.483092, 7.333481]]], [[[-225.483161, 7.333602], [-225.48313, 7.333625], [-225.483148, 7.333657], [-225.483186, 7.333662], [-225.483217, 7.333634], [-225.483201, 7.333589], [-225.483161, 7.333602]]], [[[-225.484273, 7.333366], [-225.484939, 7.333773], [-225.485444, 7.3334], [-225.485416, 7.332292], [-225.485282, 7.331849], [-225.484519, 7.33108], [-225.482983, 7.330382], [-225.482344, 7.330471], [-225.482282, 7.33048], [-225.482283, 7.330737], [-225.482291, 7.330835], [-225.482318, 7.330878], [-225.483598, 7.332623], [-225.484273, 7.333366]]], [[[-225.466388, 7.33401], [-225.466364, 7.334052], [-225.466346, 7.334094], [-225.466346, 7.334145], [-225.466376, 7.334147], [-225.466475, 7.334139], [-225.466493, 7.334085], [-225.466451, 7.334007], [-225.466424, 7.333986], [-225.466388, 7.33401]]], [[[-225.465104, 7.333863], [-225.464952, 7.334058], [-225.464943, 7.334106], [-225.46499, 7.3342], [-225.465036, 7.334244], [-225.465091, 7.334233], [-225.465153, 7.334197], [-225.465229, 7.334146], [-225.465268, 7.334103], [-225.465312, 7.334026], [-225.465337, 7.333972], [-225.465348, 7.333924], [-225.465334, 7.333893], [-225.465232, 7.333856], [-225.465148, 7.333849], [-225.465104, 7.333863]]], [[[-225.488334, 7.334571], [-225.488579, 7.334487], [-225.488657, 7.334441], [-225.488795, 7.334265], [-225.488895, 7.334059], [-225.488911, 7.333982], [-225.488914, 7.333665], [-225.488855, 7.333448], [-225.488674, 7.333332], [-225.488613, 7.33331], [-225.48794, 7.333057], [-225.487835, 7.333061], [-225.487732, 7.333156], [-225.487648, 7.333362], [-225.487606, 7.333569], [-225.487934, 7.334382], [-225.487999, 7.334492], [-225.488099, 7.334563], [-225.488334, 7.334571]]], [[[-225.512748, 7.330436], [-225.512509, 7.330486], [-225.512121, 7.330627], [-225.51179, 7.330872], [-225.51139, 7.331262], [-225.511331, 7.331372], [-225.511317, 7.3315], [-225.511326, 7.331605], [-225.511658, 7.332875], [-225.5125, 7.333097], [-225.513139, 7.330756], [-225.513143, 7.330627], [-225.513001, 7.330508], [-225.512802, 7.330427], [-225.512748, 7.330436]]], [[[-225.52068, 7.334896], [-225.520766, 7.334925], [-225.520795, 7.334839], [-225.520701, 7.334832], [-225.52068, 7.334896]]], [[[-225.486578, 7.33352], [-225.486592, 7.333656], [-225.486787, 7.334588], [-225.486962, 7.334817], [-225.487218, 7.335025], [-225.487359, 7.335085], [-225.487558, 7.335006], [-225.48759, 7.334916], [-225.487613, 7.334794], [-225.487569, 7.334571], [-225.487152, 7.333753], [-225.486874, 7.333509], [-225.486729, 7.333464], [-225.486626, 7.333444], [-225.486578, 7.33352]]], [[[-225.520206, 7.335041], [-225.520198, 7.335119], [-225.520292, 7.335134], [-225.520292, 7.33504], [-225.520206, 7.335041]]], [[[-225.513634, 7.334309], [-225.513447, 7.334466], [-225.513422, 7.3345], [-225.513372, 7.334599], [-225.513366, 7.334658], [-225.513401, 7.334715], [-225.513617, 7.335037], [-225.513899, 7.335182], [-225.513984, 7.335223], [-225.51408, 7.335185], [-225.514141, 7.335025], [-225.514142, 7.334599], [-225.514113, 7.334342], [-225.513933, 7.334244], [-225.513858, 7.334225], [-225.51379, 7.334241], [-225.513634, 7.334309]]], [[[-225.520033, 7.335177], [-225.520062, 7.335299], [-225.520133, 7.335241], [-225.520084, 7.335162], [-225.520033, 7.335177]]], [[[-225.505452, 7.335403], [-225.505506, 7.335396], [-225.505627, 7.33533], [-225.506159, 7.334975], [-225.506218, 7.334539], [-225.506185, 7.333819], [-225.505787, 7.332345], [-225.506039, 7.330909], [-225.507776, 7.328456], [-225.507936, 7.32828], [-225.508006, 7.328204], [-225.508259, 7.327946], [-225.508353, 7.327885], [-225.508551, 7.327934], [-225.509176, 7.328213], [-225.509301, 7.328274], [-225.509431, 7.328342], [-225.509703, 7.328507], [-225.50995, 7.328701], [-225.5101, 7.328791], [-225.510242, 7.328807], [-225.510295, 7.328782], [-225.510467, 7.328556], [-225.510513, 7.328465], [-225.510536, 7.328388], [-225.510588, 7.327854], [-225.510544, 7.327058], [-225.510498, 7.326966], [-225.51048, 7.326951], [-225.510438, 7.326942], [-225.510117, 7.326971], [-225.506937, 7.328303], [-225.504874, 7.331483], [-225.505066, 7.334416], [-225.505118, 7.334731], [-225.505198, 7.334987], [-225.505339, 7.335228], [-225.505452, 7.335403]]], [[[-225.504105, 7.334812], [-225.504075, 7.334847], [-225.503925, 7.33513], [-225.503848, 7.335305], [-225.503816, 7.335412], [-225.50388, 7.33545], [-225.503908, 7.335444], [-225.504096, 7.335215], [-225.504119, 7.335125], [-225.504179, 7.334892], [-225.504181, 7.334865], [-225.504181, 7.334808], [-225.504105, 7.334812]]], [[[-225.488089, 7.335447], [-225.488039, 7.335483], [-225.488077, 7.335543], [-225.488097, 7.335573], [-225.488132, 7.335566], [-225.488165, 7.335524], [-225.488167, 7.335495], [-225.488159, 7.335452], [-225.488124, 7.335442], [-225.488089, 7.335447]]], [[[-225.515994, 7.334216], [-225.515909, 7.334296], [-225.515831, 7.334412], [-225.515604, 7.334854], [-225.515509, 7.335144], [-225.515547, 7.335371], [-225.515647, 7.335745], [-225.515678, 7.335792], [-225.515716, 7.335813], [-225.515795, 7.33584], [-225.515858, 7.335819], [-225.516001, 7.33565], [-225.516132, 7.335483], [-225.516807, 7.334526], [-225.516551, 7.333816], [-225.515994, 7.334216]]], [[[-225.466145, 7.334316], [-225.466007, 7.334377], [-225.465953, 7.334431], [-225.4659, 7.33453], [-225.465513, 7.335318], [-225.465489, 7.335372], [-225.465474, 7.335479], [-225.465511, 7.335564], [-225.465725, 7.3358], [-225.465831, 7.335884], [-225.465916, 7.335877], [-225.466541, 7.334881], [-225.466626, 7.334668], [-225.466642, 7.334514], [-225.466605, 7.334391], [-225.466544, 7.334308], [-225.466467, 7.334269], [-225.466145, 7.334316]]], [[[-225.487772, 7.335496], [-225.487709, 7.335549], [-225.487645, 7.335651], [-225.487617, 7.335742], [-225.487617, 7.335809], [-225.487838, 7.33591], [-225.487885, 7.33591], [-225.487923, 7.335872], [-225.487977, 7.335758], [-225.487904, 7.335533], [-225.487864, 7.33544], [-225.487812, 7.335423], [-225.487772, 7.335496]]], [[[-225.575254, 7.332934], [-225.575219, 7.333213], [-225.575256, 7.334967], [-225.575353, 7.335376], [-225.575424, 7.335655], [-225.575564, 7.33583], [-225.575783, 7.335995], [-225.57594, 7.336074], [-225.576045, 7.336073], [-225.576333, 7.33596], [-225.576516, 7.33582], [-225.576752, 7.335558], [-225.576944, 7.335287], [-225.577144, 7.334938], [-225.577415, 7.334353], [-225.577484, 7.334013], [-225.577587, 7.3328], [-225.577697, 7.33013], [-225.577756, 7.328577], [-225.577739, 7.328262], [-225.577615, 7.326998], [-225.57516, 7.321059], [-225.569125, 7.316643], [-225.569055, 7.316713], [-225.568916, 7.316791], [-225.56882, 7.316791], [-225.568592, 7.316748], [-225.568461, 7.316688], [-225.567534, 7.316218], [-225.567368, 7.316087], [-225.565828, 7.314798], [-225.562556, 7.311852], [-225.559687, 7.308405], [-225.559403, 7.307933], [-225.558921, 7.30608], [-225.558774, 7.30519], [-225.558763, 7.304969], [-225.558909, 7.304519], [-225.558951, 7.304424], [-225.562752, 7.296873], [-225.564739, 7.299926], [-225.566139, 7.299576], [-225.566018, 7.294827], [-225.565223, 7.280546], [-225.565148, 7.280201], [-225.565061, 7.279709], [-225.565172, 7.279561], [-225.565308, 7.279475], [-225.569263, 7.27846], [-225.579871, 7.275744], [-225.586014, 7.273424], [-225.58803, 7.272352], [-225.591253, 7.270355], [-225.591812, 7.269896], [-225.593305, 7.268594], [-225.594148, 7.267623], [-225.594257, 7.267485], [-225.59444, 7.267237], [-225.594559, 7.267027], [-225.594907, 7.266367], [-225.595026, 7.266111], [-225.597393, 7.260393], [-225.597702, 7.258497], [-225.598276, 7.255594], [-225.59974, 7.253018], [-225.600985, 7.251112], [-225.603054, 7.248408], [-225.60332, 7.248151], [-225.604484, 7.247481], [-225.607728, 7.246369], [-225.612116, 7.24259], [-225.614588, 7.240041], [-225.617406, 7.235742], [-225.617873, 7.234415], [-225.618091, 7.233205], [-225.618555, 7.231053], [-225.619754, 7.229485], [-225.621787, 7.227928], [-225.623124, 7.227199], [-225.623729, 7.226929], [-225.623911, 7.226944], [-225.625046, 7.227153], [-225.630162, 7.233809], [-225.635214, 7.240424], [-225.646232, 7.248857], [-225.655985, 7.254565], [-225.656498, 7.254453], [-225.656901, 7.25446], [-225.657908, 7.254479], [-225.658353, 7.254798], [-225.654347, 7.251564], [-225.642635, 7.244015], [-225.641593, 7.243843], [-225.641182, 7.24376], [-225.639318, 7.242823], [-225.639195, 7.242709], [-225.636032, 7.239577], [-225.635898, 7.239416], [-225.635688, 7.239112], [-225.635497, 7.238827], [-225.634934, 7.23766], [-225.631931, 7.228943], [-225.630335, 7.223344], [-225.619005, 7.225824], [-225.6167, 7.225284], [-225.617661, 7.220379], [-225.609258, 7.234641], [-225.605183, 7.240892], [-225.604811, 7.241371], [-225.603268, 7.242171], [-225.602614, 7.241334], [-225.600435, 7.23761], [-225.598803, 7.235975], [-225.597776, 7.236647], [-225.596251, 7.239116], [-225.595877, 7.240013], [-225.595347, 7.242304], [-225.593688, 7.244088], [-225.593363, 7.243539], [-225.592932, 7.243499], [-225.591939, 7.244163], [-225.591369, 7.2447], [-225.58858, 7.248766], [-225.587716, 7.250444], [-225.587178, 7.251614], [-225.587036, 7.252491], [-225.587655, 7.254594], [-225.58788, 7.255056], [-225.587949, 7.255125], [-225.58805, 7.255179], [-225.588158, 7.255209], [-225.588421, 7.255209], [-225.588536, 7.255163], [-225.588961, 7.25564], [-225.589117, 7.256587], [-225.589125, 7.256842], [-225.58786, 7.261718], [-225.587152, 7.264044], [-225.581808, 7.26856], [-225.578973, 7.269595], [-225.577381, 7.270109], [-225.570062, 7.269266], [-225.568047, 7.268587], [-225.566749, 7.268141], [-225.566604, 7.268059], [-225.563025, 7.265899], [-225.562897, 7.265807], [-225.56281, 7.265726], [-225.562214, 7.265064], [-225.562162, 7.264989], [-225.562124, 7.264765], [-225.562119, 7.264558], [-225.562133, 7.264376], [-225.562208, 7.264216], [-225.562484, 7.263964], [-225.562686, 7.263805], [-225.563438, 7.263302], [-225.553589, 7.25088], [-225.552144, 7.250506], [-225.55188, 7.250453], [-225.551625, 7.250461], [-225.55073, 7.250696], [-225.550346, 7.251004], [-225.55012, 7.251215], [-225.549985, 7.251478], [-225.549483, 7.253358], [-225.547302, 7.263318], [-225.54728, 7.263483], [-225.547481, 7.264815], [-225.548246, 7.268943], [-225.548357, 7.269361], [-225.548656, 7.270374], [-225.548778, 7.270659], [-225.549109, 7.270978], [-225.549727, 7.27155], [-225.549936, 7.271649], [-225.550885, 7.272044], [-225.551062, 7.272099], [-225.551161, 7.272077], [-225.551205, 7.271989], [-225.551172, 7.271791], [-225.550274, 7.267949], [-225.550204, 7.264966], [-225.554321, 7.267347], [-225.558783, 7.270079], [-225.560248, 7.27225], [-225.563638, 7.285557], [-225.563652, 7.285963], [-225.563567, 7.287157], [-225.563396, 7.288548], [-225.561625, 7.294762], [-225.560967, 7.296351], [-225.559489, 7.297821], [-225.55908, 7.298178], [-225.558901, 7.298303], [-225.556709, 7.299302], [-225.55506, 7.299312], [-225.554852, 7.298097], [-225.554594, 7.296809], [-225.554399, 7.295899], [-225.554007, 7.294563], [-225.551369, 7.295999], [-225.54884, 7.297922], [-225.547334, 7.299771], [-225.547615, 7.300997], [-225.548564, 7.301494], [-225.549212, 7.302903], [-225.549613, 7.303928], [-225.550247, 7.30742], [-225.55035, 7.308097], [-225.556949, 7.312818], [-225.563016, 7.316074], [-225.568297, 7.319026], [-225.569898, 7.320027], [-225.571919, 7.321368], [-225.573756, 7.323207], [-225.574264, 7.323791], [-225.574448, 7.324018], [-225.575551, 7.326023], [-225.576296, 7.327418], [-225.576339, 7.327566], [-225.576344, 7.331012], [-225.575569, 7.332663], [-225.575429, 7.33275], [-225.575254, 7.332934]]], [[[-225.533871, 7.335726], [-225.533825, 7.336225], [-225.533859, 7.336299], [-225.533892, 7.336311], [-225.534419, 7.336259], [-225.534476, 7.336232], [-225.534497, 7.336164], [-225.534704, 7.335454], [-225.534782, 7.335158], [-225.534776, 7.334917], [-225.53452, 7.33424], [-225.534402, 7.333939], [-225.534364, 7.333871], [-225.534287, 7.333801], [-225.531858, 7.330787], [-225.529266, 7.325713], [-225.529075, 7.325484], [-225.527486, 7.323431], [-225.525805, 7.318662], [-225.525363, 7.316961], [-225.525339, 7.316806], [-225.525135, 7.315163], [-225.525318, 7.314172], [-225.526893, 7.314217], [-225.52869, 7.311777], [-225.528697, 7.311661], [-225.528649, 7.311284], [-225.527453, 7.305429], [-225.526075, 7.301058], [-225.525974, 7.300886], [-225.525807, 7.30075], [-225.525558, 7.300649], [-225.525379, 7.300632], [-225.525205, 7.300632], [-225.524001, 7.300811], [-225.524113, 7.30128], [-225.524638, 7.302021], [-225.525339, 7.302609], [-225.525477, 7.302839], [-225.525596, 7.303058], [-225.525739, 7.30342], [-225.52658, 7.306238], [-225.526684, 7.308628], [-225.526837, 7.312176], [-225.51724, 7.307339], [-225.516501, 7.305584], [-225.517913, 7.303043], [-225.516385, 7.303227], [-225.514111, 7.304665], [-225.513915, 7.304579], [-225.513719, 7.304454], [-225.51357, 7.304324], [-225.513362, 7.303974], [-225.513391, 7.303749], [-225.513652, 7.303131], [-225.513836, 7.302775], [-225.513966, 7.302568], [-225.514168, 7.302377], [-225.514322, 7.302305], [-225.514435, 7.302365], [-225.514844, 7.302526], [-225.515275, 7.302436], [-225.515359, 7.302406], [-225.515582, 7.302261], [-225.515634, 7.302215], [-225.516369, 7.301095], [-225.516385, 7.301018], [-225.515932, 7.300583], [-225.515295, 7.300347], [-225.515029, 7.300255], [-225.514715, 7.300286], [-225.508819, 7.301172], [-225.507271, 7.301613], [-225.505402, 7.30244], [-225.503633, 7.303398], [-225.501882, 7.305642], [-225.501612, 7.306431], [-225.501727, 7.307577], [-225.501742, 7.3077], [-225.501802, 7.307844], [-225.504418, 7.310952], [-225.511158, 7.318063], [-225.513577, 7.318948], [-225.513082, 7.318749], [-225.51214, 7.315701], [-225.512194, 7.314046], [-225.512666, 7.313247], [-225.514334, 7.312872], [-225.514483, 7.312863], [-225.517936, 7.313853], [-225.520458, 7.315002], [-225.527813, 7.327076], [-225.528829, 7.328808], [-225.52959, 7.33027], [-225.529477, 7.330337], [-225.529312, 7.330668], [-225.529276, 7.330916], [-225.529573, 7.331355], [-225.529919, 7.331841], [-225.530812, 7.333065], [-225.531315, 7.333715], [-225.532594, 7.33515], [-225.533871, 7.335726]]], [[[-225.509135, 7.336102], [-225.509045, 7.33612], [-225.509038, 7.33621], [-225.509093, 7.336319], [-225.509197, 7.336346], [-225.509298, 7.336291], [-225.509308, 7.336264], [-225.509277, 7.336178], [-225.509202, 7.336061], [-225.509135, 7.336102]]], [[[-225.488379, 7.336565], [-225.488386, 7.336691], [-225.488468, 7.336984], [-225.48853, 7.337001], [-225.488753, 7.33689], [-225.489552, 7.336315], [-225.489639, 7.336219], [-225.489669, 7.336128], [-225.489516, 7.335918], [-225.489365, 7.335838], [-225.48927, 7.335835], [-225.489096, 7.335927], [-225.488396, 7.336364], [-225.488379, 7.336565]]], [[[-225.466523, 7.337054], [-225.466475, 7.33713], [-225.466475, 7.337185], [-225.466537, 7.337275], [-225.466669, 7.337303], [-225.466683, 7.337303], [-225.466724, 7.337269], [-225.466759, 7.337212], [-225.466766, 7.337116], [-225.466731, 7.33704], [-225.466682, 7.336964], [-225.466641, 7.336929], [-225.466592, 7.336923], [-225.466523, 7.337054]]], [[[-225.512897, 7.337376], [-225.512889, 7.337413], [-225.512885, 7.337471], [-225.512936, 7.337483], [-225.512971, 7.337488], [-225.513009, 7.33746], [-225.51301, 7.337429], [-225.512958, 7.337353], [-225.512897, 7.337376]]], [[[-225.55339, 7.337487], [-225.5534, 7.33754], [-225.553417, 7.337579], [-225.553439, 7.337592], [-225.553525, 7.337586], [-225.553561, 7.337582], [-225.553631, 7.337565], [-225.553663, 7.337556], [-225.553685, 7.337538], [-225.55374, 7.337487], [-225.553795, 7.337425], [-225.553826, 7.337377], [-225.553819, 7.337346], [-225.553739, 7.337331], [-225.553682, 7.337326], [-225.553561, 7.337323], [-225.553505, 7.337323], [-225.553466, 7.337343], [-225.553416, 7.33741], [-225.5534, 7.337445], [-225.55339, 7.337487]]], [[[-225.465905, 7.337519], [-225.465842, 7.337577], [-225.465799, 7.337648], [-225.465805, 7.337682], [-225.46592, 7.337637], [-225.465963, 7.3376], [-225.465963, 7.33759], [-225.465913, 7.337519], [-225.465905, 7.337519]]], [[[-225.554239, 7.337732], [-225.554268, 7.337723], [-225.554248, 7.337653], [-225.554225, 7.337611], [-225.554189, 7.337568], [-225.554139, 7.337529], [-225.55409, 7.337526], [-225.554048, 7.337529], [-225.554, 7.337567], [-225.554005, 7.337605], [-225.554014, 7.337647], [-225.554042, 7.337677], [-225.55411, 7.3377], [-225.554239, 7.337732]]], [[[-225.554587, 7.337889], [-225.554975, 7.337941], [-225.555054, 7.337932], [-225.555087, 7.337895], [-225.555113, 7.337856], [-225.55512, 7.337829], [-225.555073, 7.337804], [-225.555011, 7.337781], [-225.554916, 7.337751], [-225.554775, 7.337719], [-225.554656, 7.337719], [-225.554459, 7.337742], [-225.554419, 7.337749], [-225.554403, 7.337811], [-225.554472, 7.337857], [-225.554518, 7.337873], [-225.554587, 7.337889]]], [[[-225.551322, 7.337667], [-225.552624, 7.338283], [-225.552669, 7.338297], [-225.553195, 7.338448], [-225.553259, 7.338449], [-225.553311, 7.338436], [-225.553373, 7.33839], [-225.553426, 7.338338], [-225.553464, 7.338199], [-225.55346, 7.338112], [-225.553449, 7.338], [-225.553418, 7.337903], [-225.553327, 7.337642], [-225.553296, 7.337604], [-225.552804, 7.337065], [-225.552762, 7.337049], [-225.552452, 7.337076], [-225.552313, 7.337108], [-225.551644, 7.337279], [-225.551543, 7.337307], [-225.551387, 7.337457], [-225.55131, 7.337557], [-225.551293, 7.337644], [-225.551322, 7.337667]]], [[[-225.548817, 7.338679], [-225.548773, 7.338689], [-225.54873, 7.33872], [-225.54871, 7.338755], [-225.548697, 7.338793], [-225.548698, 7.338829], [-225.54878, 7.339002], [-225.548799, 7.339035], [-225.548856, 7.339098], [-225.548878, 7.339106], [-225.548956, 7.339089], [-225.549032, 7.339013], [-225.549081, 7.338893], [-225.549081, 7.338844], [-225.549057, 7.338796], [-225.549022, 7.338736], [-225.548975, 7.338698], [-225.548867, 7.338678], [-225.548817, 7.338679]]], [[[-225.541684, 7.339137], [-225.541677, 7.339237], [-225.541748, 7.33928], [-225.541828, 7.339251], [-225.541871, 7.339179], [-225.541806, 7.339093], [-225.541684, 7.339137]]], [[[-225.514412, 7.339823], [-225.514548, 7.339858], [-225.514625, 7.33984], [-225.514722, 7.339817], [-225.514743, 7.339805], [-225.514776, 7.339655], [-225.514866, 7.338903], [-225.514878, 7.338687], [-225.514856, 7.33855], [-225.514062, 7.337772], [-225.513857, 7.337675], [-225.513756, 7.337655], [-225.513689, 7.337683], [-225.513603, 7.337725], [-225.513525, 7.337794], [-225.513397, 7.337926], [-225.513338, 7.338023], [-225.513308, 7.338123], [-225.513316, 7.338226], [-225.513375, 7.338421], [-225.513406, 7.338504], [-225.514294, 7.339728], [-225.514412, 7.339823]]], [[[-225.550552, 7.33975], [-225.550602, 7.33985], [-225.55066, 7.339951], [-225.550732, 7.339922], [-225.550782, 7.339843], [-225.550696, 7.339721], [-225.55061, 7.339707], [-225.550552, 7.33975]]], [[[-225.532595, 7.33993], [-225.532573, 7.339952], [-225.532531, 7.340037], [-225.532494, 7.340116], [-225.532473, 7.340174], [-225.532567, 7.340181], [-225.532631, 7.340145], [-225.53271, 7.339959], [-225.532732, 7.339901], [-225.532652, 7.339887], [-225.532595, 7.33993]]], [[[-225.547395, 7.340099], [-225.547417, 7.340199], [-225.547517, 7.340242], [-225.547553, 7.340156], [-225.547445, 7.340099], [-225.547395, 7.340099]]], [[[-225.557547, 7.340197], [-225.557734, 7.340289], [-225.557784, 7.34028], [-225.557863, 7.340262], [-225.558209, 7.340176], [-225.558252, 7.340138], [-225.558273, 7.340085], [-225.558281, 7.340038], [-225.55827, 7.339914], [-225.558225, 7.339762], [-225.558165, 7.339688], [-225.557707, 7.339139], [-225.557162, 7.338631], [-225.556737, 7.338297], [-225.556415, 7.338067], [-225.556112, 7.337858], [-225.555997, 7.337779], [-225.555935, 7.337747], [-225.555553, 7.33773], [-225.555392, 7.337731], [-225.555172, 7.337873], [-225.555136, 7.337912], [-225.555133, 7.337971], [-225.555139, 7.338168], [-225.55516, 7.338243], [-225.555241, 7.338364], [-225.555308, 7.33845], [-225.556313, 7.339422], [-225.557072, 7.339948], [-225.557547, 7.340197]]], [[[-225.53262, 7.340306], [-225.532595, 7.340344], [-225.53266, 7.340387], [-225.532706, 7.340389], [-225.532711, 7.340351], [-225.532691, 7.340325], [-225.532661, 7.340294], [-225.53262, 7.340306]]], [[[-225.446019, 7.340429], [-225.446048, 7.340448], [-225.446078, 7.340458], [-225.446349, 7.34044], [-225.446376, 7.340438], [-225.446391, 7.340422], [-225.44639, 7.340387], [-225.446161, 7.33988], [-225.446115, 7.339817], [-225.44603, 7.339727], [-225.44598, 7.339711], [-225.445923, 7.339715], [-225.445871, 7.339746], [-225.445826, 7.339794], [-225.445675, 7.339982], [-225.445705, 7.340056], [-225.445796, 7.340197], [-225.445843, 7.340249], [-225.446019, 7.340429]]], [[[-225.532629, 7.340433], [-225.532662, 7.340465], [-225.532684, 7.340446], [-225.532658, 7.340417], [-225.532629, 7.340433]]], [[[-225.532365, 7.340466], [-225.532397, 7.340504], [-225.532426, 7.340462], [-225.532381, 7.34042], [-225.532365, 7.340466]]], [[[-225.558413, 7.340415], [-225.558391, 7.34048], [-225.558478, 7.340587], [-225.558557, 7.340566], [-225.558571, 7.340487], [-225.558549, 7.340387], [-225.558441, 7.340308], [-225.558413, 7.340415]]], [[[-225.532444, 7.340584], [-225.532481, 7.340655], [-225.53256, 7.340605], [-225.532488, 7.340547], [-225.532444, 7.340584]]], [[[-225.570624, 7.340515], [-225.570595, 7.340529], [-225.570552, 7.340594], [-225.570553, 7.340702], [-225.570646, 7.340716], [-225.570725, 7.340665], [-225.570746, 7.340572], [-225.570695, 7.340493], [-225.570624, 7.340515]]], [[[-225.467656, 7.3405], [-225.467584, 7.340538], [-225.46753, 7.340585], [-225.467509, 7.340677], [-225.46752, 7.340714], [-225.467598, 7.340731], [-225.467737, 7.340681], [-225.467764, 7.340653], [-225.467791, 7.340605], [-225.467794, 7.340527], [-225.467767, 7.340487], [-225.467713, 7.34048], [-225.467656, 7.3405]]], [[[-225.541864, 7.340696], [-225.542642, 7.34082], [-225.542668, 7.34081], [-225.542682, 7.340789], [-225.542674, 7.34073], [-225.542506, 7.340581], [-225.542452, 7.34056], [-225.541839, 7.340323], [-225.541793, 7.340312], [-225.541747, 7.340329], [-225.541702, 7.34036], [-225.541677, 7.340397], [-225.541658, 7.34049], [-225.541665, 7.340536], [-225.541683, 7.34057], [-225.541762, 7.340656], [-225.54181, 7.340687], [-225.541864, 7.340696]]], [[[-225.556055, 7.34016], [-225.555704, 7.340231], [-225.555597, 7.340262], [-225.555536, 7.340316], [-225.555536, 7.340439], [-225.555781, 7.341], [-225.555861, 7.341136], [-225.555962, 7.341165], [-225.556083, 7.341121], [-225.556292, 7.341021], [-225.556392, 7.340835], [-225.556429, 7.340756], [-225.556457, 7.340676], [-225.556485, 7.340547], [-225.556443, 7.340231], [-225.556323, 7.340189], [-225.556193, 7.340159], [-225.556055, 7.34016]]], [[[-225.441627, 7.340893], [-225.442094, 7.34135], [-225.442192, 7.341414], [-225.442292, 7.341452], [-225.442369, 7.341445], [-225.442418, 7.341428], [-225.4427, 7.341149], [-225.442736, 7.341], [-225.442789, 7.340757], [-225.442788, 7.340645], [-225.442644, 7.340444], [-225.441993, 7.33994], [-225.441926, 7.339899], [-225.441869, 7.339877], [-225.441735, 7.339877], [-225.441611, 7.339909], [-225.441499, 7.339973], [-225.441482, 7.339991], [-225.441482, 7.340047], [-225.441511, 7.340702], [-225.441518, 7.340783], [-225.441532, 7.340819], [-225.441627, 7.340893]]], [[[-225.53268, 7.341566], [-225.532681, 7.341607], [-225.532723, 7.341616], [-225.532752, 7.341597], [-225.53276, 7.341563], [-225.532727, 7.341526], [-225.53268, 7.341566]]], [[[-225.466409, 7.341119], [-225.466397, 7.341154], [-225.466324, 7.341313], [-225.466244, 7.34143], [-225.466225, 7.34151], [-225.466312, 7.341662], [-225.466368, 7.341692], [-225.4664, 7.341691], [-225.466638, 7.341523], [-225.46667, 7.341494], [-225.466727, 7.341334], [-225.46669, 7.341218], [-225.466489, 7.341107], [-225.466453, 7.341103], [-225.466409, 7.341119]]], [[[-225.446543, 7.340695], [-225.445875, 7.341537], [-225.44585, 7.341641], [-225.446049, 7.342402], [-225.446106, 7.342482], [-225.446215, 7.342535], [-225.446543, 7.342675], [-225.44662, 7.342696], [-225.446685, 7.34268], [-225.44681, 7.34257], [-225.447073, 7.342077], [-225.447086, 7.341987], [-225.447085, 7.341839], [-225.446781, 7.341184], [-225.446543, 7.340695]]], [[[-225.566344, 7.342579], [-225.566576, 7.342799], [-225.566614, 7.342826], [-225.566658, 7.34285], [-225.566699, 7.342861], [-225.566754, 7.342863], [-225.566785, 7.342857], [-225.566844, 7.342831], [-225.5669, 7.342712], [-225.566904, 7.34266], [-225.5669, 7.342602], [-225.566852, 7.342504], [-225.566762, 7.342361], [-225.566659, 7.342305], [-225.566518, 7.342254], [-225.566475, 7.342242], [-225.566412, 7.342243], [-225.566341, 7.342266], [-225.566295, 7.342301], [-225.566258, 7.342346], [-225.566255, 7.342381], [-225.566269, 7.342464], [-225.566295, 7.342517], [-225.566323, 7.342559], [-225.566344, 7.342579]]], [[[-225.450482, 7.342074], [-225.451412, 7.342871], [-225.452835, 7.341763], [-225.449249, 7.338529], [-225.449184, 7.338498], [-225.449088, 7.338472], [-225.448972, 7.33851], [-225.448867, 7.338572], [-225.448751, 7.338653], [-225.44869, 7.338711], [-225.448655, 7.338812], [-225.448846, 7.340822], [-225.448932, 7.341327], [-225.449326, 7.34167], [-225.449863, 7.341877], [-225.450482, 7.342074]]], [[[-225.46744, 7.343465], [-225.467381, 7.343518], [-225.467344, 7.343695], [-225.467361, 7.343804], [-225.467415, 7.343868], [-225.467509, 7.34395], [-225.467591, 7.34399], [-225.467745, 7.343877], [-225.467742, 7.343763], [-225.467628, 7.343577], [-225.467553, 7.343487], [-225.467488, 7.343458], [-225.46744, 7.343465]]], [[[-225.469515, 7.343691], [-225.469453, 7.343759], [-225.46945, 7.343885], [-225.46953, 7.343991], [-225.469594, 7.344008], [-225.469666, 7.343957], [-225.469727, 7.343759], [-225.469587, 7.343674], [-225.469515, 7.343691]]], [[[-225.467681, 7.343997], [-225.467593, 7.344048], [-225.467518, 7.344224], [-225.467504, 7.344327], [-225.467566, 7.344367], [-225.467667, 7.344392], [-225.467727, 7.344327], [-225.467789, 7.344224], [-225.467794, 7.344093], [-225.467712, 7.343996], [-225.467681, 7.343997]]], [[[-225.563282, 7.344886], [-225.564384, 7.345066], [-225.564484, 7.34505], [-225.567638, 7.344256], [-225.567726, 7.344191], [-225.568131, 7.343881], [-225.568302, 7.34374], [-225.568386, 7.343667], [-225.571369, 7.340994], [-225.570284, 7.34082], [-225.569038, 7.341765], [-225.568784, 7.342253], [-225.567962, 7.342968], [-225.56718, 7.34334], [-225.565731, 7.343805], [-225.565092, 7.343974], [-225.56501, 7.343974], [-225.564149, 7.343862], [-225.560643, 7.342987], [-225.557198, 7.341864], [-225.556105, 7.341505], [-225.550711, 7.340268], [-225.549706, 7.340892], [-225.548214, 7.341945], [-225.560899, 7.344297], [-225.563282, 7.344886]]], [[[-225.470677, 7.345763], [-225.470623, 7.345776], [-225.470601, 7.345798], [-225.470592, 7.345842], [-225.470588, 7.345891], [-225.470592, 7.345953], [-225.470632, 7.346011], [-225.470682, 7.346032], [-225.470734, 7.346033], [-225.470863, 7.345997], [-225.470867, 7.345948], [-225.470854, 7.3459], [-225.470761, 7.345775], [-225.470712, 7.345763], [-225.470677, 7.345763]]], [[[-225.465491, 7.346227], [-225.465842, 7.346469], [-225.466167, 7.34643], [-225.46649, 7.346215], [-225.466787, 7.345991], [-225.466989, 7.345762], [-225.467166, 7.345466], [-225.467295, 7.345186], [-225.467362, 7.344967], [-225.467423, 7.344655], [-225.467464, 7.344223], [-225.46724, 7.343692], [-225.466059, 7.341938], [-225.465418, 7.339388], [-225.464623, 7.335617], [-225.464583, 7.334358], [-225.463473, 7.330355], [-225.46178, 7.330795], [-225.459406, 7.330861], [-225.459207, 7.330809], [-225.458502, 7.330597], [-225.458155, 7.330413], [-225.455831, 7.335119], [-225.463631, 7.342813], [-225.465491, 7.346227]]], [[[-225.470882, 7.34634], [-225.470829, 7.346422], [-225.470832, 7.346469], [-225.470855, 7.346725], [-225.470901, 7.346824], [-225.471036, 7.346929], [-225.47112, 7.346934], [-225.471193, 7.346925], [-225.47125, 7.346901], [-225.47129, 7.346882], [-225.471339, 7.346838], [-225.471402, 7.346704], [-225.47142, 7.346645], [-225.47139, 7.346436], [-225.471343, 7.346337], [-225.471233, 7.346173], [-225.471047, 7.346195], [-225.470882, 7.34634]]], [[[-225.472018, 7.347851], [-225.472046, 7.347884], [-225.47209, 7.347918], [-225.472119, 7.3479], [-225.472094, 7.347857], [-225.472048, 7.347845], [-225.472018, 7.347851]]], [[[-225.471437, 7.347813], [-225.471693, 7.347957], [-225.471722, 7.34797], [-225.471772, 7.34797], [-225.471841, 7.347962], [-225.471917, 7.347886], [-225.471933, 7.347841], [-225.471796, 7.3474], [-225.47167, 7.347056], [-225.471614, 7.346976], [-225.471556, 7.346946], [-225.471416, 7.346959], [-225.471335, 7.347025], [-225.471277, 7.347142], [-225.471261, 7.347191], [-225.471251, 7.347271], [-225.471248, 7.347447], [-225.471256, 7.347556], [-225.471292, 7.347669], [-225.471365, 7.347775], [-225.471437, 7.347813]]], [[[-225.47191, 7.348005], [-225.471892, 7.348041], [-225.471896, 7.348104], [-225.471923, 7.348136], [-225.471969, 7.348164], [-225.472033, 7.34815], [-225.472047, 7.348146], [-225.472056, 7.3481], [-225.472052, 7.348059], [-225.472001, 7.348004], [-225.471937, 7.347991], [-225.47191, 7.348005]]], [[[-225.471303, 7.34811], [-225.471258, 7.348133], [-225.471253, 7.348215], [-225.471262, 7.348306], [-225.471339, 7.348365], [-225.471413, 7.348365], [-225.471473, 7.348315], [-225.471518, 7.348215], [-225.471486, 7.348141], [-225.47144, 7.348105], [-225.471371, 7.348087], [-225.471303, 7.34811]]], [[[-225.465426, 7.348636], [-225.465498, 7.348637], [-225.46554, 7.348604], [-225.465561, 7.348553], [-225.465566, 7.348502], [-225.46554, 7.348437], [-225.465511, 7.348405], [-225.465337, 7.348345], [-225.465271, 7.348345], [-225.46524, 7.348384], [-225.465245, 7.34845], [-225.465269, 7.348519], [-225.465303, 7.348568], [-225.465353, 7.348607], [-225.465426, 7.348636]]], [[[-225.48971, 7.349504], [-225.489834, 7.349591], [-225.489933, 7.349644], [-225.490033, 7.349612], [-225.490172, 7.349523], [-225.490265, 7.349141], [-225.490217, 7.348964], [-225.490195, 7.348932], [-225.490165, 7.348911], [-225.490124, 7.34889], [-225.490079, 7.34888], [-225.489996, 7.34887], [-225.489962, 7.34887], [-225.489656, 7.349289], [-225.48971, 7.349504]]], [[[-225.555211, 7.349265], [-225.555096, 7.349401], [-225.555075, 7.349439], [-225.555063, 7.349475], [-225.555089, 7.349508], [-225.555117, 7.349538], [-225.555144, 7.34956], [-225.555189, 7.34958], [-225.555465, 7.349663], [-225.555523, 7.349652], [-225.55577, 7.349582], [-225.555784, 7.349535], [-225.555764, 7.349486], [-225.555587, 7.349331], [-225.555515, 7.349281], [-225.555441, 7.34925], [-225.555379, 7.349235], [-225.555211, 7.349265]]], [[[-225.465878, 7.349516], [-225.465757, 7.349745], [-225.465776, 7.3498], [-225.465799, 7.349798], [-225.465886, 7.349761], [-225.466062, 7.349669], [-225.466107, 7.349629], [-225.466144, 7.349576], [-225.466188, 7.349503], [-225.466162, 7.349439], [-225.466128, 7.349409], [-225.466059, 7.349384], [-225.465878, 7.349516]]], [[[-225.469125, 7.35169], [-225.469175, 7.35169], [-225.469175, 7.35164], [-225.469116, 7.351638], [-225.469125, 7.35169]]], [[[-225.468811, 7.351768], [-225.468842, 7.351777], [-225.46887, 7.351762], [-225.46886, 7.351736], [-225.468811, 7.351733], [-225.468811, 7.351768]]], [[[-225.467821, 7.351916], [-225.467819, 7.351972], [-225.467865, 7.351981], [-225.467925, 7.351955], [-225.467885, 7.351899], [-225.467858, 7.35189], [-225.467821, 7.351916]]], [[[-225.422553, 7.352682], [-225.42256, 7.352705], [-225.422584, 7.352722], [-225.422624, 7.352715], [-225.422715, 7.352675], [-225.422735, 7.352651], [-225.422675, 7.35258], [-225.42258, 7.3525], [-225.42253, 7.352467], [-225.422361, 7.352403], [-225.422271, 7.352406], [-225.422217, 7.35244], [-225.422257, 7.35252], [-225.422345, 7.352665], [-225.422553, 7.352682]]], [[[-225.423637, 7.352727], [-225.42365, 7.352778], [-225.423667, 7.352781], [-225.423688, 7.352781], [-225.423731, 7.352751], [-225.423734, 7.352694], [-225.423697, 7.35268], [-225.42365, 7.35268], [-225.423637, 7.352727]]], [[[-225.421478, 7.352676], [-225.422098, 7.352787], [-225.422161, 7.352761], [-225.422187, 7.352683], [-225.422195, 7.352574], [-225.422187, 7.352522], [-225.422134, 7.352448], [-225.422071, 7.352389], [-225.422001, 7.35237], [-225.421559, 7.352445], [-225.421478, 7.352676]]], [[[-225.468204, 7.352738], [-225.468321, 7.352815], [-225.468597, 7.352932], [-225.468717, 7.352918], [-225.468769, 7.352903], [-225.468881, 7.352574], [-225.468881, 7.352527], [-225.468838, 7.352366], [-225.468313, 7.352066], [-225.468261, 7.352041], [-225.468179, 7.35205], [-225.468135, 7.352081], [-225.468123, 7.35232], [-225.468159, 7.352537], [-225.468194, 7.352726], [-225.468204, 7.352738]]], [[[-225.466409, 7.353125], [-225.466503, 7.353259], [-225.466528, 7.353234], [-225.466511, 7.35309], [-225.466439, 7.353069], [-225.466411, 7.353067], [-225.466409, 7.353125]]], [[[-225.422479, 7.353182], [-225.422558, 7.353227], [-225.423159, 7.353409], [-225.42333, 7.353398], [-225.423476, 7.353106], [-225.423498, 7.353047], [-225.42348, 7.35301], [-225.422307, 7.352698], [-225.422273, 7.352698], [-225.422225, 7.352712], [-225.422206, 7.352776], [-225.422224, 7.352817], [-225.422292, 7.352922], [-225.422479, 7.353182]]], [[[-225.410068, 7.353103], [-225.409959, 7.353306], [-225.410002, 7.353445], [-225.410132, 7.353609], [-225.410232, 7.353663], [-225.410648, 7.353824], [-225.410784, 7.353869], [-225.410905, 7.353878], [-225.410978, 7.353847], [-225.411011, 7.353805], [-225.41102, 7.353756], [-225.411022, 7.353669], [-225.411002, 7.353604], [-225.410672, 7.353146], [-225.410602, 7.35309], [-225.410526, 7.353046], [-225.41027, 7.352958], [-225.410219, 7.352961], [-225.410171, 7.352982], [-225.41012, 7.353031], [-225.410068, 7.353103]]], [[[-225.436264, 7.354639], [-225.436575, 7.354643], [-225.43679, 7.354562], [-225.436849, 7.354526], [-225.437118, 7.353731], [-225.437204, 7.353287], [-225.437158, 7.353072], [-225.434634, 7.346565], [-225.431359, 7.344959], [-225.431035, 7.344819], [-225.430757, 7.344719], [-225.43028, 7.344573], [-225.430085, 7.344646], [-225.42994, 7.344712], [-225.429861, 7.344774], [-225.429721, 7.344903], [-225.429587, 7.34504], [-225.429413, 7.345255], [-225.429376, 7.345388], [-225.429347, 7.345571], [-225.429352, 7.346387], [-225.429557, 7.348134], [-225.435114, 7.35384], [-225.435304, 7.354101], [-225.435351, 7.354134], [-225.435956, 7.354535], [-225.436264, 7.354639]]], [[[-225.411473, 7.354703], [-225.411473, 7.354735], [-225.41149, 7.354758], [-225.411556, 7.354762], [-225.41156, 7.354719], [-225.411544, 7.354685], [-225.411521, 7.354662], [-225.411473, 7.354703]]], [[[-225.436826, 7.354768], [-225.436862, 7.354862], [-225.436956, 7.354839], [-225.436984, 7.354753], [-225.436926, 7.354681], [-225.436833, 7.354675], [-225.436826, 7.354768]]], [[[-225.411446, 7.354875], [-225.411405, 7.355011], [-225.411474, 7.35501], [-225.4115, 7.355004], [-225.411541, 7.354963], [-225.411537, 7.354922], [-225.411515, 7.354858], [-225.411469, 7.354842], [-225.411446, 7.354875]]], [[[-225.411115, 7.354718], [-225.411089, 7.354799], [-225.4111, 7.354919], [-225.411246, 7.355019], [-225.411311, 7.355016], [-225.411384, 7.354919], [-225.411392, 7.354844], [-225.411268, 7.354747], [-225.411179, 7.354703], [-225.411115, 7.354718]]], [[[-225.436934, 7.355077], [-225.436941, 7.35517], [-225.437021, 7.355119], [-225.437035, 7.355026], [-225.436948, 7.354983], [-225.436934, 7.355077]]], [[[-225.503056, 7.355998], [-225.503083, 7.356165], [-225.503169, 7.356216], [-225.503341, 7.356278], [-225.503409, 7.356212], [-225.503477, 7.356127], [-225.503502, 7.35597], [-225.503436, 7.355887], [-225.50334, 7.355875], [-225.503176, 7.355864], [-225.503056, 7.355998]]], [[[-225.418447, 7.356476], [-225.418566, 7.356465], [-225.418642, 7.356433], [-225.418577, 7.356378], [-225.418446, 7.356379], [-225.418447, 7.356476]]], [[[-225.503543, 7.356449], [-225.503494, 7.356518], [-225.503488, 7.356671], [-225.503615, 7.356746], [-225.503762, 7.356738], [-225.503862, 7.356636], [-225.503862, 7.356535], [-225.503779, 7.356458], [-225.503623, 7.3564], [-225.503543, 7.356449]]], [[[-225.479557, 7.355354], [-225.479286, 7.355514], [-225.479045, 7.355687], [-225.479009, 7.35579], [-225.478993, 7.355902], [-225.479006, 7.355992], [-225.479033, 7.356102], [-225.479113, 7.356232], [-225.479292, 7.356478], [-225.479536, 7.356743], [-225.47962, 7.356776], [-225.479676, 7.356767], [-225.480012, 7.35663], [-225.480301, 7.356493], [-225.480638, 7.35632], [-225.480705, 7.356237], [-225.480778, 7.356047], [-225.48081, 7.355951], [-225.480824, 7.355844], [-225.480797, 7.355744], [-225.480597, 7.355382], [-225.480296, 7.355215], [-225.479557, 7.355354]]], [[[-225.436907, 7.355916], [-225.43692, 7.356103], [-225.436907, 7.356664], [-225.436857, 7.35703], [-225.436779, 7.358401], [-225.436872, 7.358422], [-225.436909, 7.358336], [-225.436987, 7.357597], [-225.437015, 7.357317], [-225.43708, 7.356671], [-225.437087, 7.356577], [-225.437086, 7.35639], [-225.437072, 7.356017], [-225.43705, 7.355873], [-225.436985, 7.355866], [-225.436907, 7.355916]]], [[[-225.436776, 7.358726], [-225.436702, 7.35878], [-225.436702, 7.358872], [-225.436739, 7.359054], [-225.436758, 7.359078], [-225.436812, 7.359084], [-225.436879, 7.35875], [-225.436866, 7.358725], [-225.436776, 7.358726]]], [[[-225.408914, 7.359107], [-225.408889, 7.359132], [-225.408905, 7.359167], [-225.408935, 7.359177], [-225.408967, 7.359162], [-225.408973, 7.359134], [-225.408945, 7.3591], [-225.408914, 7.359107]]], [[[-225.501879, 7.360089], [-225.501859, 7.360232], [-225.501946, 7.360261], [-225.502042, 7.36028], [-225.502109, 7.360213], [-225.502118, 7.360127], [-225.502119, 7.360099], [-225.502051, 7.360032], [-225.501955, 7.360031], [-225.501879, 7.360089]]], [[[-225.570276, 7.361673], [-225.570315, 7.361701], [-225.570409, 7.361687], [-225.570454, 7.361667], [-225.57047, 7.361604], [-225.570438, 7.361507], [-225.570388, 7.361443], [-225.570318, 7.361412], [-225.570233, 7.361415], [-225.570164, 7.361466], [-225.570165, 7.36155], [-225.570276, 7.361673]]], [[[-225.438611, 7.363446], [-225.438582, 7.363464], [-225.438582, 7.36356], [-225.438678, 7.363609], [-225.438812, 7.363541], [-225.438831, 7.363493], [-225.438831, 7.363464], [-225.438678, 7.363379], [-225.438611, 7.363446]]], [[[-225.404871, 7.364506], [-225.404906, 7.364534], [-225.404934, 7.364535], [-225.404961, 7.364518], [-225.404936, 7.36448], [-225.404882, 7.36447], [-225.404871, 7.364506]]], [[[-225.405055, 7.364522], [-225.405099, 7.364595], [-225.405139, 7.364576], [-225.405111, 7.364508], [-225.405067, 7.364489], [-225.405055, 7.364522]]], [[[-225.405287, 7.364767], [-225.406518, 7.365388], [-225.410097, 7.364002], [-225.412208, 7.359907], [-225.412253, 7.359776], [-225.412314, 7.359715], [-225.412863, 7.359353], [-225.418532, 7.356225], [-225.420422, 7.352327], [-225.421546, 7.352111], [-225.421825, 7.352124], [-225.422086, 7.352209], [-225.422487, 7.3524], [-225.422897, 7.352604], [-225.423138, 7.352524], [-225.424898, 7.351841], [-225.424979, 7.351808], [-225.425042, 7.351738], [-225.425072, 7.351666], [-225.425147, 7.351409], [-225.425113, 7.351316], [-225.424998, 7.351163], [-225.424758, 7.350943], [-225.424658, 7.350881], [-225.421938, 7.349433], [-225.421325, 7.349157], [-225.421187, 7.34912], [-225.421012, 7.349091], [-225.420548, 7.349042], [-225.420332, 7.349043], [-225.415912, 7.350147], [-225.411693, 7.355643], [-225.404989, 7.364299], [-225.405287, 7.364767]]], [[[-225.435569, 7.368803], [-225.435726, 7.368803], [-225.435756, 7.368773], [-225.435763, 7.368676], [-225.435329, 7.368556], [-225.435298, 7.368556], [-225.435261, 7.368593], [-225.435276, 7.368646], [-225.435321, 7.368728], [-225.435411, 7.368758], [-225.435569, 7.368803]]], [[[-225.435787, 7.368067], [-225.435743, 7.368174], [-225.435752, 7.368419], [-225.435846, 7.368539], [-225.436056, 7.368726], [-225.436444, 7.368883], [-225.436469, 7.368867], [-225.436498, 7.368829], [-225.43664, 7.368622], [-225.436656, 7.368498], [-225.436737, 7.367795], [-225.436674, 7.367742], [-225.43663, 7.367742], [-225.436233, 7.367871], [-225.435787, 7.368067]]], [[[-225.569065, 7.368905], [-225.569746, 7.368077], [-225.569493, 7.366654], [-225.568916, 7.365955], [-225.568794, 7.365823], [-225.568716, 7.365758], [-225.568536, 7.365764], [-225.568477, 7.365792], [-225.56825, 7.365917], [-225.568098, 7.366024], [-225.567946, 7.366159], [-225.567746, 7.366576], [-225.56759, 7.367255], [-225.567611, 7.36738], [-225.567675, 7.367632], [-225.567769, 7.36781], [-225.56842, 7.368536], [-225.568505, 7.368623], [-225.568606, 7.368704], [-225.568813, 7.368829], [-225.568956, 7.368885], [-225.569065, 7.368905]]], [[[-225.409987, 7.380859], [-225.409965, 7.380898], [-225.40999, 7.380928], [-225.410023, 7.380925], [-225.410059, 7.380901], [-225.41004, 7.380859], [-225.409987, 7.380859]]], [[[-225.410115, 7.381027], [-225.410131, 7.381072], [-225.410184, 7.381074], [-225.410203, 7.381033], [-225.41014, 7.380997], [-225.410115, 7.381027]]], [[[-225.409925, 7.381083], [-225.409843, 7.381123], [-225.409822, 7.381147], [-225.40984, 7.38118], [-225.409919, 7.381226], [-225.410007, 7.381202], [-225.410019, 7.38111], [-225.409995, 7.381035], [-225.409979, 7.38101], [-225.409925, 7.381083]]], [[[-225.411072, 7.384299], [-225.41108, 7.384341], [-225.411107, 7.384404], [-225.411159, 7.384398], [-225.411198, 7.384356], [-225.411135, 7.38429], [-225.411107, 7.384288], [-225.411072, 7.384299]]], [[[-225.507277, 7.416537], [-225.507113, 7.416959], [-225.507109, 7.417004], [-225.507266, 7.417246], [-225.5073, 7.417261], [-225.507461, 7.417302], [-225.507502, 7.417298], [-225.508011, 7.417106], [-225.508066, 7.417062], [-225.508216, 7.41677], [-225.508236, 7.416692], [-225.508151, 7.416626], [-225.508018, 7.416545], [-225.507882, 7.416498], [-225.507588, 7.416441], [-225.507489, 7.416429], [-225.507339, 7.416458], [-225.507304, 7.416476], [-225.507288, 7.416503], [-225.507277, 7.416537]]], [[[-225.405706, 7.433571], [-225.405703, 7.433626], [-225.405732, 7.433645], [-225.405762, 7.433627], [-225.405766, 7.433597], [-225.405751, 7.43356], [-225.405706, 7.433571]]], [[[-225.405644, 7.433705], [-225.40567, 7.433748], [-225.405703, 7.433748], [-225.40574, 7.433723], [-225.405688, 7.433656], [-225.405644, 7.433705]]], [[[-225.405126, 7.433948], [-225.405048, 7.433974], [-225.404985, 7.434052], [-225.404963, 7.434115], [-225.405052, 7.434159], [-225.405252, 7.434107], [-225.405274, 7.434041], [-225.405274, 7.433956], [-225.405218, 7.433885], [-225.40514, 7.433882], [-225.405126, 7.433948]]], [[[-225.4042, 7.435205], [-225.404222, 7.435257], [-225.404249, 7.43525], [-225.404265, 7.435225], [-225.404246, 7.43519], [-225.404212, 7.435181], [-225.4042, 7.435205]]], [[[-225.404147, 7.435245], [-225.404136, 7.43527], [-225.404115, 7.435325], [-225.404114, 7.435364], [-225.404149, 7.435372], [-225.404169, 7.435354], [-225.404205, 7.435306], [-225.404188, 7.435237], [-225.404147, 7.435245]]], [[[-225.396376, 7.442816], [-225.396325, 7.442838], [-225.396332, 7.44292], [-225.396361, 7.44294], [-225.3964, 7.442937], [-225.39643, 7.442916], [-225.396439, 7.44289], [-225.396433, 7.442848], [-225.396403, 7.442814], [-225.396376, 7.442816]]], [[[-225.392915, 7.447037], [-225.392901, 7.447061], [-225.392912, 7.447127], [-225.392949, 7.447126], [-225.392983, 7.447103], [-225.392991, 7.447078], [-225.392987, 7.447043], [-225.392959, 7.447019], [-225.392915, 7.447037]]], [[[-225.533867, 7.447615], [-225.533921, 7.447631], [-225.533937, 7.447577], [-225.533878, 7.447551], [-225.533867, 7.447615]]], [[[-225.534039, 7.44755], [-225.534099, 7.44762], [-225.534229, 7.447749], [-225.534325, 7.447722], [-225.534244, 7.447507], [-225.53404, 7.447507], [-225.534039, 7.44755]]], [[[-225.533436, 7.447756], [-225.533414, 7.44783], [-225.53349, 7.44782], [-225.5335, 7.447793], [-225.533506, 7.44775], [-225.533436, 7.447756]]], [[[-225.534331, 7.447765], [-225.534423, 7.447835], [-225.534423, 7.447765], [-225.534369, 7.447759], [-225.534331, 7.447765]]], [[[-225.534104, 7.447793], [-225.534212, 7.44784], [-225.534223, 7.447797], [-225.534126, 7.447749], [-225.534104, 7.447793]]], [[[-225.533867, 7.447841], [-225.533942, 7.447851], [-225.53391, 7.447782], [-225.533867, 7.447841]]], [[[-225.533662, 7.447723], [-225.533538, 7.447825], [-225.53357, 7.447852], [-225.533694, 7.447825], [-225.533727, 7.447739], [-225.533662, 7.447723]]], [[[-225.533457, 7.44795], [-225.533533, 7.44796], [-225.5335, 7.447896], [-225.533468, 7.447895], [-225.533457, 7.44795]]], [[[-225.532529, 7.44795], [-225.532572, 7.447961], [-225.532605, 7.447961], [-225.532622, 7.447896], [-225.532524, 7.447891], [-225.532529, 7.44795]]], [[[-225.532686, 7.447902], [-225.532729, 7.447972], [-225.532772, 7.447902], [-225.53275, 7.44788], [-225.532686, 7.447902]]], [[[-225.532945, 7.448042], [-225.532967, 7.448138], [-225.533048, 7.448111], [-225.533053, 7.448084], [-225.53301, 7.448015], [-225.532977, 7.448015], [-225.532945, 7.448042]]], [[[-225.533231, 7.448111], [-225.533209, 7.448176], [-225.533264, 7.448197], [-225.533269, 7.448111], [-225.533231, 7.448111]]], [[[-225.533134, 7.448214], [-225.533123, 7.44824], [-225.533155, 7.448288], [-225.533209, 7.448299], [-225.533209, 7.448208], [-225.533134, 7.448214]]], [[[-225.532433, 7.448717], [-225.532469, 7.44878], [-225.532515, 7.448767], [-225.532541, 7.448739], [-225.532565, 7.448705], [-225.532565, 7.448662], [-225.532539, 7.448653], [-225.532436, 7.44866], [-225.532412, 7.448689], [-225.532433, 7.448717]]], [[[-225.532553, 7.44878], [-225.532558, 7.448816], [-225.532582, 7.448834], [-225.532621, 7.448825], [-225.532623, 7.448794], [-225.532584, 7.448765], [-225.532553, 7.44878]]], [[[-225.3944, 7.464944], [-225.394302, 7.464989], [-225.394005, 7.465142], [-225.393906, 7.465214], [-225.393923, 7.465303], [-225.394127, 7.465455], [-225.39423, 7.465472], [-225.394338, 7.465359], [-225.394429, 7.465066], [-225.394435, 7.465012], [-225.394436, 7.464969], [-225.394432, 7.464954], [-225.39442, 7.464944], [-225.394407, 7.46494], [-225.3944, 7.464944]]], [[[-225.393417, 7.465214], [-225.393368, 7.465241], [-225.393381, 7.46528], [-225.393448, 7.465456], [-225.393515, 7.465553], [-225.393544, 7.465558], [-225.39358, 7.465548], [-225.393629, 7.4655], [-225.393633, 7.465223], [-225.393617, 7.465186], [-225.393557, 7.465182], [-225.393417, 7.465214]]], [[[-225.522632, 7.465812], [-225.522572, 7.465835], [-225.522576, 7.465867], [-225.522621, 7.465874], [-225.522682, 7.465867], [-225.52271, 7.465845], [-225.522699, 7.465785], [-225.522632, 7.465812]]], [[[-225.52309, 7.46589], [-225.523082, 7.465937], [-225.523081, 7.46598], [-225.523153, 7.465973], [-225.523189, 7.465968], [-225.523206, 7.465918], [-225.523182, 7.465886], [-225.523137, 7.465873], [-225.52309, 7.46589]]], [[[-225.523251, 7.465865], [-225.523221, 7.465882], [-225.523206, 7.465999], [-225.523296, 7.46606], [-225.523341, 7.466057], [-225.523355, 7.466004], [-225.523355, 7.465901], [-225.523352, 7.465873], [-225.523279, 7.465856], [-225.523251, 7.465865]]], [[[-225.523495, 7.466154], [-225.523533, 7.466171], [-225.52358, 7.466162], [-225.5236, 7.466108], [-225.523535, 7.466097], [-225.523495, 7.466154]]], [[[-225.523562, 7.466499], [-225.523583, 7.466538], [-225.523633, 7.466538], [-225.523636, 7.466505], [-225.5236, 7.46648], [-225.523562, 7.466499]]], [[[-225.52429, 7.46748], [-225.524316, 7.467537], [-225.524351, 7.467547], [-225.524381, 7.467532], [-225.524373, 7.467478], [-225.52433, 7.467457], [-225.52429, 7.46748]]], [[[-225.525925, 7.468783], [-225.52639, 7.468819], [-225.526512, 7.468806], [-225.528765, 7.468098], [-225.529052, 7.46796], [-225.529151, 7.46791], [-225.529194, 7.46786], [-225.52923, 7.467775], [-225.52922, 7.46767], [-225.529183, 7.467584], [-225.529105, 7.467502], [-225.529018, 7.46745], [-225.527263, 7.467056], [-225.526111, 7.466955], [-225.525507, 7.467029], [-225.525161, 7.467216], [-225.524887, 7.467378], [-225.524785, 7.467448], [-225.524722, 7.467507], [-225.524709, 7.467609], [-225.524706, 7.467708], [-225.524716, 7.46781], [-225.524796, 7.467955], [-225.525925, 7.468783]]], [[[-225.516994, 7.468786], [-225.516997, 7.468807], [-225.517017, 7.468832], [-225.517052, 7.468826], [-225.517066, 7.468798], [-225.517029, 7.46877], [-225.516994, 7.468786]]], [[[-225.51704, 7.468883], [-225.517031, 7.46892], [-225.517063, 7.468957], [-225.517105, 7.468949], [-225.517123, 7.468931], [-225.517097, 7.468872], [-225.51704, 7.468883]]], [[[-225.516887, 7.469074], [-225.516964, 7.469107], [-225.516992, 7.469107], [-225.517034, 7.46904], [-225.516991, 7.468961], [-225.516923, 7.46892], [-225.516883, 7.468907], [-225.516833, 7.468901], [-225.516834, 7.468946], [-225.516838, 7.468993], [-225.51685, 7.469021], [-225.516887, 7.469074]]], [[[-225.519423, 7.47133], [-225.519502, 7.47138], [-225.519524, 7.471272], [-225.519446, 7.471102], [-225.519408, 7.471033], [-225.519297, 7.470923], [-225.519168, 7.470865], [-225.518773, 7.470834], [-225.518688, 7.470921], [-225.518682, 7.47095], [-225.51869, 7.470977], [-225.519003, 7.471198], [-225.519157, 7.471265], [-225.51933, 7.471315], [-225.519423, 7.47133]]], [[[-225.374103, 7.478156], [-225.375092, 7.478494], [-225.375183, 7.478507], [-225.37537, 7.478506], [-225.375553, 7.478501], [-225.376652, 7.478362], [-225.37725, 7.478237], [-225.37736, 7.478169], [-225.377471, 7.478063], [-225.377497, 7.477971], [-225.377548, 7.477658], [-225.377547, 7.477466], [-225.377501, 7.47739], [-225.377317, 7.477219], [-225.376665, 7.47698], [-225.374742, 7.477344], [-225.37423, 7.477857], [-225.374103, 7.478156]]], [[[-225.486835, 7.480921], [-225.486833, 7.480952], [-225.486836, 7.481013], [-225.486862, 7.481048], [-225.486915, 7.481075], [-225.487003, 7.481048], [-225.487038, 7.480964], [-225.487, 7.480882], [-225.486908, 7.480866], [-225.486835, 7.480921]]], [[[-225.488465, 7.480817], [-225.488319, 7.480909], [-225.488182, 7.481122], [-225.488212, 7.481279], [-225.488316, 7.481471], [-225.488516, 7.481611], [-225.488696, 7.481657], [-225.488853, 7.481628], [-225.489045, 7.481392], [-225.489077, 7.481171], [-225.489045, 7.480939], [-225.488902, 7.48081], [-225.48881, 7.480787], [-225.488465, 7.480817]]], [[[-225.524169, 7.486447], [-225.524203, 7.486494], [-225.524276, 7.486587], [-225.524318, 7.486626], [-225.524443, 7.486663], [-225.524488, 7.486663], [-225.524533, 7.486648], [-225.524823, 7.486379], [-225.524839, 7.486286], [-225.524778, 7.486254], [-225.524612, 7.486172], [-225.524481, 7.486109], [-225.524445, 7.486095], [-225.524409, 7.48609], [-225.524352, 7.486098], [-225.524268, 7.486132], [-225.52416, 7.486242], [-225.524127, 7.486298], [-225.524138, 7.48636], [-225.524169, 7.486447]]], [[[-225.520486, 7.488569], [-225.52144, 7.488978], [-225.521537, 7.488978], [-225.521732, 7.488931], [-225.521855, 7.488874], [-225.521994, 7.488773], [-225.522382, 7.488313], [-225.522452, 7.488174], [-225.522424, 7.488048], [-225.522021, 7.486997], [-225.521921, 7.486936], [-225.521612, 7.486928], [-225.521465, 7.486967], [-225.521117, 7.487222], [-225.520741, 7.487548], [-225.520261, 7.488201], [-225.520251, 7.488278], [-225.520278, 7.488416], [-225.520364, 7.488505], [-225.520486, 7.488569]]], [[[-225.521235, 7.489523], [-225.521228, 7.489617], [-225.521229, 7.489853], [-225.521264, 7.489889], [-225.521336, 7.489947], [-225.521415, 7.489997], [-225.521536, 7.490061], [-225.521604, 7.489916], [-225.521622, 7.489762], [-225.521588, 7.489618], [-225.521577, 7.489589], [-225.521525, 7.48952], [-225.521453, 7.48948], [-225.52135, 7.48948], [-225.521235, 7.489523]]], [[[-225.519201, 7.492842], [-225.519157, 7.492873], [-225.519149, 7.492927], [-225.51921, 7.492983], [-225.51925, 7.492974], [-225.519279, 7.492934], [-225.519241, 7.492839], [-225.519201, 7.492842]]], [[[-225.474376, 7.495784], [-225.474373, 7.495827], [-225.474396, 7.495871], [-225.474444, 7.49588], [-225.474478, 7.495853], [-225.47449, 7.495829], [-225.474472, 7.495776], [-225.474427, 7.495764], [-225.474376, 7.495784]]], [[[-225.501546, 7.503086], [-225.501598, 7.50312], [-225.501629, 7.503109], [-225.501824, 7.502983], [-225.502006, 7.502586], [-225.502007, 7.502577], [-225.502012, 7.502505], [-225.501999, 7.502394], [-225.501985, 7.502357], [-225.501826, 7.502207], [-225.501438, 7.501946], [-225.501385, 7.501946], [-225.501351, 7.501971], [-225.501289, 7.502126], [-225.501277, 7.502203], [-225.501286, 7.502241], [-225.50146, 7.502874], [-225.501503, 7.503001], [-225.501546, 7.503086]]], [[[-225.498413, 7.503073], [-225.498368, 7.503135], [-225.498313, 7.503411], [-225.498314, 7.503488], [-225.498352, 7.503519], [-225.498428, 7.503504], [-225.498527, 7.503419], [-225.498557, 7.503365], [-225.498581, 7.503196], [-225.498566, 7.503112], [-225.498505, 7.503065], [-225.498413, 7.503073]]], [[[-225.502076, 7.503604], [-225.502128, 7.503731], [-225.5022, 7.503787], [-225.50226, 7.503774], [-225.502286, 7.503753], [-225.502315, 7.503702], [-225.502315, 7.503663], [-225.502285, 7.503634], [-225.502242, 7.503608], [-225.502148, 7.503595], [-225.502076, 7.503604]]], [[[-225.502179, 7.504118], [-225.502137, 7.504147], [-225.502099, 7.504179], [-225.502057, 7.504232], [-225.502042, 7.504288], [-225.502053, 7.504357], [-225.502112, 7.5046], [-225.502166, 7.504709], [-225.502277, 7.504931], [-225.502473, 7.505258], [-225.502551, 7.505303], [-225.502615, 7.505314], [-225.502668, 7.505272], [-225.502709, 7.505232], [-225.502737, 7.505198], [-225.50283, 7.504927], [-225.502826, 7.504895], [-225.502514, 7.504113], [-225.502497, 7.504078], [-225.502474, 7.504058], [-225.502321, 7.504023], [-225.502196, 7.504036], [-225.502185, 7.504044], [-225.502169, 7.504074], [-225.502179, 7.504118]]], [[[-225.502159, 7.505351], [-225.502159, 7.505389], [-225.502201, 7.505466], [-225.502288, 7.505432], [-225.502253, 7.505346], [-225.502159, 7.505351]]], [[[-225.502417, 7.50731], [-225.502447, 7.507472], [-225.502469, 7.507515], [-225.502486, 7.507451], [-225.502485, 7.50734], [-225.502473, 7.507293], [-225.502417, 7.50731]]], [[[-225.499435, 7.507957], [-225.499336, 7.508037], [-225.499497, 7.508247], [-225.499608, 7.50833], [-225.499783, 7.50839], [-225.499888, 7.508385], [-225.499936, 7.508293], [-225.499952, 7.508141], [-225.499907, 7.507988], [-225.499777, 7.507867], [-225.49961, 7.507814], [-225.499435, 7.507957]]], [[[-225.506433, 7.509377], [-225.506387, 7.509491], [-225.5064, 7.509532], [-225.506439, 7.509592], [-225.506512, 7.509627], [-225.506549, 7.509608], [-225.506599, 7.509523], [-225.506618, 7.50939], [-225.506765, 7.509264], [-225.506833, 7.509213], [-225.506899, 7.509192], [-225.506959, 7.509182], [-225.506967, 7.509023], [-225.506872, 7.508549], [-225.506849, 7.508508], [-225.506784, 7.50848], [-225.50655, 7.50848], [-225.506469, 7.50851], [-225.506426, 7.508571], [-225.506418, 7.508622], [-225.50636, 7.509198], [-225.506433, 7.509377]]], [[[-225.502763, 7.509654], [-225.503618, 7.509658], [-225.503832, 7.509616], [-225.503885, 7.509565], [-225.503893, 7.509481], [-225.50368, 7.509149], [-225.503024, 7.50843], [-225.502131, 7.508144], [-225.501953, 7.508131], [-225.501926, 7.508135], [-225.501845, 7.508178], [-225.501818, 7.508197], [-225.501779, 7.508242], [-225.501752, 7.508292], [-225.501707, 7.508493], [-225.501715, 7.508604], [-225.501725, 7.508712], [-225.501819, 7.508861], [-225.501904, 7.508951], [-225.502516, 7.509522], [-225.502763, 7.509654]]], [[[-225.506276, 7.509785], [-225.506249, 7.509864], [-225.506299, 7.509902], [-225.506332, 7.509902], [-225.506364, 7.509827], [-225.506367, 7.5098], [-225.506336, 7.509772], [-225.506276, 7.509785]]], [[[-225.505483, 7.509822], [-225.505488, 7.50986], [-225.5055, 7.509895], [-225.505555, 7.509923], [-225.505588, 7.509923], [-225.505586, 7.509865], [-225.505573, 7.509833], [-225.505505, 7.509805], [-225.505483, 7.509822]]], [[[-225.508182, 7.509669], [-225.508644, 7.510073], [-225.508706, 7.510095], [-225.508824, 7.510111], [-225.509, 7.510103], [-225.509124, 7.510072], [-225.509198, 7.51003], [-225.509203, 7.509901], [-225.508942, 7.509688], [-225.508752, 7.509616], [-225.508424, 7.509493], [-225.508272, 7.509474], [-225.50815, 7.509605], [-225.508182, 7.509669]]], [[[-225.506043, 7.510236], [-225.506081, 7.510257], [-225.506129, 7.510276], [-225.506215, 7.510276], [-225.506288, 7.51025], [-225.506304, 7.510241], [-225.506349, 7.510154], [-225.50634, 7.510106], [-225.50618, 7.50994], [-225.506067, 7.509937], [-225.505985, 7.509984], [-225.505963, 7.509997], [-225.505923, 7.510028], [-225.505891, 7.510085], [-225.505922, 7.510126], [-225.506043, 7.510236]]], [[[-225.378412, 7.513806], [-225.378347, 7.513966], [-225.378365, 7.514046], [-225.378454, 7.514064], [-225.378549, 7.514043], [-225.378551, 7.513835], [-225.378492, 7.513767], [-225.378412, 7.513806]]], [[[-225.488702, 7.536002], [-225.488676, 7.53606], [-225.488683, 7.536155], [-225.488688, 7.536197], [-225.48872, 7.536219], [-225.488772, 7.536217], [-225.488788, 7.536194], [-225.488817, 7.536123], [-225.488814, 7.536095], [-225.488772, 7.535998], [-225.488727, 7.535986], [-225.488702, 7.536002]]], [[[-225.47947, 7.564146], [-225.479594, 7.564273], [-225.479619, 7.56428], [-225.479732, 7.564244], [-225.479794, 7.564153], [-225.479841, 7.564077], [-225.479607, 7.56371], [-225.479531, 7.563725], [-225.479342, 7.563805], [-225.479309, 7.563866], [-225.479295, 7.563946], [-225.479386, 7.56411], [-225.47947, 7.564146]]], [[[-225.46229, 7.567663], [-225.462252, 7.567691], [-225.462241, 7.567773], [-225.46225, 7.5678], [-225.462327, 7.567797], [-225.462375, 7.567744], [-225.462381, 7.567709], [-225.462379, 7.567682], [-225.462326, 7.567659], [-225.46229, 7.567663]]], [[[-225.362519, 7.583409], [-225.362512, 7.58345], [-225.362534, 7.583466], [-225.362565, 7.583482], [-225.362601, 7.583465], [-225.362612, 7.583425], [-225.362609, 7.583397], [-225.362588, 7.583368], [-225.362546, 7.583365], [-225.362519, 7.583409]]], [[[-225.362482, 7.583522], [-225.362459, 7.583561], [-225.362493, 7.583591], [-225.362536, 7.583582], [-225.36254, 7.583535], [-225.362521, 7.583515], [-225.362482, 7.583522]]], [[[-225.36231, 7.583572], [-225.3623, 7.583623], [-225.362344, 7.583645], [-225.362383, 7.583623], [-225.362382, 7.58358], [-225.362356, 7.58356], [-225.36231, 7.583572]]], [[[-225.358113, 7.59589], [-225.357984, 7.595953], [-225.357917, 7.596017], [-225.357896, 7.596097], [-225.357925, 7.596163], [-225.357973, 7.59624], [-225.358061, 7.596272], [-225.358152, 7.596268], [-225.358198, 7.596251], [-225.358264, 7.596153], [-225.358268, 7.596048], [-225.358232, 7.595936], [-225.358155, 7.595887], [-225.358113, 7.59589]]], [[[-225.395641, 7.613041], [-225.395781, 7.613043], [-225.395795, 7.613038], [-225.395812, 7.613027], [-225.39581, 7.612999], [-225.395758, 7.61294], [-225.395742, 7.612925], [-225.395671, 7.612921], [-225.395621, 7.612958], [-225.395607, 7.612985], [-225.395606, 7.612991], [-225.395627, 7.613035], [-225.395641, 7.613041]]], [[[-225.391415, 7.615013], [-225.391412, 7.615088], [-225.391413, 7.615155], [-225.391503, 7.615143], [-225.391511, 7.61505], [-225.391511, 7.615021], [-225.391441, 7.614999], [-225.391415, 7.615013]]], [[[-225.391232, 7.615514], [-225.391288, 7.615532], [-225.391323, 7.615493], [-225.3913, 7.615436], [-225.391267, 7.615421], [-225.391239, 7.615413], [-225.391232, 7.615514]]], [[[-225.358502, 7.686335], [-225.358492, 7.686412], [-225.358541, 7.686479], [-225.358636, 7.686488], [-225.358665, 7.686402], [-225.358598, 7.686335], [-225.358502, 7.686335]]], [[[-225.359615, 7.686449], [-225.359653, 7.686545], [-225.359749, 7.686545], [-225.359769, 7.686449], [-225.359692, 7.686391], [-225.359615, 7.686449]]], [[[-225.360268, 7.686573], [-225.360363, 7.686573], [-225.360402, 7.686486], [-225.360316, 7.686448], [-225.360287, 7.686448], [-225.360268, 7.686573]]], [[[-225.362514, 7.68681], [-225.362523, 7.686897], [-225.362609, 7.686935], [-225.362667, 7.686858], [-225.362639, 7.686772], [-225.362552, 7.686743], [-225.362514, 7.68681]]], [[[-225.357373, 7.687815], [-225.357385, 7.687911], [-225.357447, 7.687944], [-225.357467, 7.687866], [-225.357459, 7.687852], [-225.357381, 7.687814], [-225.357373, 7.687815]]], [[[-225.357088, 7.6881], [-225.357088, 7.688118], [-225.357138, 7.688167], [-225.357188, 7.688118], [-225.357163, 7.688078], [-225.357151, 7.688074], [-225.357088, 7.6881]]], [[[-225.357447, 7.688126], [-225.357505, 7.688202], [-225.357611, 7.688279], [-225.357707, 7.688288], [-225.359146, 7.687914], [-225.359645, 7.68777], [-225.360422, 7.687204], [-225.360326, 7.686965], [-225.35928, 7.686985], [-225.35832, 7.687187], [-225.358022, 7.687283], [-225.357879, 7.687389], [-225.357458, 7.68803], [-225.357447, 7.688126]]], [[[-225.357448, 7.688407], [-225.357505, 7.688463], [-225.357545, 7.688444], [-225.357541, 7.688385], [-225.357526, 7.688374], [-225.35749, 7.68837], [-225.357448, 7.688407]]], [[[-225.357575, 7.688582], [-225.357546, 7.6886], [-225.357601, 7.688666], [-225.357731, 7.6887], [-225.357738, 7.688655], [-225.357705, 7.688615], [-225.357672, 7.688585], [-225.357624, 7.688581], [-225.357575, 7.688582]]], [[[-225.382107, 7.688342], [-225.382034, 7.688414], [-225.381891, 7.688581], [-225.381914, 7.688677], [-225.382106, 7.688724], [-225.382298, 7.688725], [-225.382394, 7.688341], [-225.382107, 7.688342]]], [[[-225.3571, 7.688827], [-225.357163, 7.688875], [-225.35717, 7.688804], [-225.357144, 7.688782], [-225.357122, 7.688775], [-225.3571, 7.688827]]], [[[-225.356869, 7.688904], [-225.356854, 7.688953], [-225.357044, 7.688897], [-225.357036, 7.688793], [-225.357025, 7.688771], [-225.356903, 7.688842], [-225.35687, 7.688867], [-225.356869, 7.688904]]], [[[-225.358078, 7.689438], [-225.358059, 7.689467], [-225.358065, 7.689521], [-225.358115, 7.689537], [-225.358152, 7.689489], [-225.358119, 7.689423], [-225.358078, 7.689438]]], [[[-225.356835, 7.689448], [-225.356863, 7.689534], [-225.356931, 7.689562], [-225.356988, 7.689486], [-225.356921, 7.689419], [-225.356835, 7.689448]]], [[[-225.357448, 7.688863], [-225.357266, 7.689007], [-225.357362, 7.689313], [-225.357536, 7.689706], [-225.35767, 7.68983], [-225.357756, 7.689782], [-225.357727, 7.689534], [-225.357544, 7.68892], [-225.357486, 7.688844], [-225.357448, 7.688863]]], [[[-225.356937, 7.689735], [-225.356944, 7.689812], [-225.356974, 7.689835], [-225.357033, 7.689827], [-225.357037, 7.689742], [-225.357034, 7.689731], [-225.356933, 7.68962], [-225.356885, 7.689623], [-225.356862, 7.689668], [-225.356859, 7.689727], [-225.356937, 7.689735]]], [[[-225.357094, 7.690012], [-225.357354, 7.690213], [-225.35745, 7.690222], [-225.357545, 7.690213], [-225.35743, 7.689954], [-225.357373, 7.689878], [-225.357181, 7.689888], [-225.357094, 7.689916], [-225.357094, 7.690012]]], [[[-225.356926, 7.691269], [-225.356933, 7.691307], [-225.356948, 7.691332], [-225.35696, 7.691341], [-225.356988, 7.691353], [-225.357009, 7.69135], [-225.357025, 7.691339], [-225.35704, 7.691321], [-225.357048, 7.691298], [-225.357047, 7.691278], [-225.357042, 7.691266], [-225.357027, 7.691245], [-225.356998, 7.691231], [-225.356963, 7.691225], [-225.356926, 7.691269]]], [[[-225.356318, 7.691315], [-225.356356, 7.691401], [-225.356443, 7.691353], [-225.356395, 7.691258], [-225.356318, 7.691315]]], [[[-225.356625, 7.691468], [-225.356538, 7.691497], [-225.356606, 7.691563], [-225.356702, 7.691573], [-225.35677, 7.691506], [-225.356683, 7.691419], [-225.356625, 7.691468]]], [[[-225.369403, 7.717256], [-225.369381, 7.717322], [-225.369383, 7.717327], [-225.369423, 7.717351], [-225.369446, 7.717352], [-225.369468, 7.717336], [-225.369485, 7.717289], [-225.369448, 7.71725], [-225.369434, 7.717249], [-225.369403, 7.717256]]], [[[-225.369508, 7.717567], [-225.369501, 7.717593], [-225.369492, 7.717654], [-225.369547, 7.717679], [-225.369588, 7.717674], [-225.369615, 7.717653], [-225.369631, 7.717608], [-225.3696, 7.717564], [-225.369548, 7.71756], [-225.369508, 7.717567]]], [[[-225.369916, 7.71776], [-225.369912, 7.717792], [-225.369954, 7.717811], [-225.369999, 7.717781], [-225.370001, 7.717746], [-225.369967, 7.717726], [-225.369916, 7.71776]]], [[[-225.369441, 7.71779], [-225.36944, 7.71782], [-225.369452, 7.717843], [-225.36949, 7.717876], [-225.369534, 7.717876], [-225.369579, 7.717854], [-225.369586, 7.717782], [-225.369578, 7.717761], [-225.369541, 7.71775], [-225.369487, 7.717742], [-225.369441, 7.71779]]], [[[-225.369819, 7.718038], [-225.369798, 7.71806], [-225.369793, 7.718089], [-225.369801, 7.718124], [-225.369824, 7.718152], [-225.369891, 7.718147], [-225.369921, 7.718122], [-225.369929, 7.718081], [-225.369887, 7.718038], [-225.36988, 7.718034], [-225.369819, 7.718038]]], [[[-225.369659, 7.718087], [-225.369645, 7.718094], [-225.369624, 7.718119], [-225.369624, 7.718152], [-225.369693, 7.718168], [-225.36972, 7.718152], [-225.369704, 7.718107], [-225.369682, 7.718084], [-225.369659, 7.718087]]], [[[-225.369628, 7.718221], [-225.369612, 7.71823], [-225.36959, 7.718257], [-225.369598, 7.718288], [-225.369661, 7.718306], [-225.369684, 7.718293], [-225.369703, 7.718249], [-225.369646, 7.718219], [-225.369628, 7.718221]]], [[[-225.380364, 7.731936], [-225.380746, 7.732087], [-225.380958, 7.732108], [-225.381323, 7.732109], [-225.382151, 7.731861], [-225.382442, 7.731743], [-225.38293, 7.731482], [-225.383065, 7.731389], [-225.385051, 7.729764], [-225.38545, 7.729416], [-225.385971, 7.728943], [-225.388585, 7.725649], [-225.388764, 7.725349], [-225.388914, 7.725069], [-225.389279, 7.724], [-225.389332, 7.723793], [-225.389366, 7.723483], [-225.390156, 7.72071], [-225.390545, 7.719376], [-225.391055, 7.717898], [-225.389215, 7.713908], [-225.384322, 7.708759], [-225.380902, 7.705037], [-225.380633, 7.701755], [-225.380967, 7.698724], [-225.378544, 7.692601], [-225.375234, 7.689815], [-225.373591, 7.688578], [-225.370736, 7.687129], [-225.367095, 7.682207], [-225.370443, 7.678689], [-225.371898, 7.676133], [-225.373596, 7.671597], [-225.373635, 7.671195], [-225.37367, 7.670588], [-225.373569, 7.670237], [-225.373408, 7.669783], [-225.373384, 7.669746], [-225.370636, 7.668016], [-225.370554, 7.667971], [-225.370459, 7.667925], [-225.370108, 7.667811], [-225.366057, 7.658892], [-225.364717, 7.654311], [-225.367176, 7.645993], [-225.368144, 7.643284], [-225.372522, 7.638567], [-225.384421, 7.622579], [-225.386968, 7.619229], [-225.389802, 7.615551], [-225.390154, 7.615136], [-225.395951, 7.61274], [-225.399444, 7.612209], [-225.402817, 7.612945], [-225.403826, 7.613405], [-225.405189, 7.614136], [-225.419299, 7.619463], [-225.423334, 7.618891], [-225.425655, 7.61808], [-225.434646, 7.609764], [-225.435073, 7.605912], [-225.440135, 7.60031], [-225.443556, 7.597631], [-225.444968, 7.596866], [-225.447589, 7.595871], [-225.447865, 7.595827], [-225.448326, 7.595792], [-225.457307, 7.600409], [-225.457474, 7.600519], [-225.457811, 7.600608], [-225.458274, 7.600697], [-225.458705, 7.600773], [-225.45928, 7.600861], [-225.45994, 7.600719], [-225.460182, 7.600599], [-225.460616, 7.600307], [-225.460833, 7.600115], [-225.461851, 7.598496], [-225.464707, 7.593734], [-225.46519, 7.592384], [-225.465272, 7.592137], [-225.465278, 7.592078], [-225.46526, 7.591503], [-225.465222, 7.591068], [-225.465207, 7.590913], [-225.465107, 7.590512], [-225.464996, 7.590091], [-225.463425, 7.586465], [-225.460166, 7.572912], [-225.461166, 7.561555], [-225.461187, 7.561379], [-225.461315, 7.56116], [-225.46148, 7.560941], [-225.461615, 7.560797], [-225.461768, 7.560644], [-225.464631, 7.558264], [-225.468382, 7.556235], [-225.468707, 7.556071], [-225.470269, 7.555319], [-225.471264, 7.555198], [-225.472435, 7.555136], [-225.473191, 7.555749], [-225.479191, 7.557183], [-225.483604, 7.544728], [-225.484979, 7.541164], [-225.484893, 7.539349], [-225.484382, 7.537534], [-225.482846, 7.535884], [-225.479087, 7.533544], [-225.47994, 7.534191], [-225.483542, 7.53618], [-225.484609, 7.536519], [-225.484764, 7.536509], [-225.485132, 7.536369], [-225.486127, 7.535078], [-225.488456, 7.535767], [-225.489323, 7.536236], [-225.492863, 7.537433], [-225.499214, 7.537349], [-225.500857, 7.534673], [-225.499354, 7.522982], [-225.502681, 7.513893], [-225.500818, 7.510085], [-225.499993, 7.509064], [-225.497262, 7.506526], [-225.490352, 7.503958], [-225.488947, 7.503505], [-225.479833, 7.502593], [-225.475551, 7.504115], [-225.472203, 7.505736], [-225.463943, 7.505764], [-225.463054, 7.505487], [-225.465167, 7.498862], [-225.465274, 7.498793], [-225.468534, 7.504483], [-225.471857, 7.505362], [-225.476475, 7.503165], [-225.477067, 7.500556], [-225.476581, 7.500382], [-225.475983, 7.500037], [-225.475743, 7.499567], [-225.475109, 7.498086], [-225.47415, 7.495445], [-225.47479, 7.494641], [-225.475949, 7.493472], [-225.482506, 7.486227], [-225.485886, 7.482364], [-225.486993, 7.480333], [-225.488092, 7.47267], [-225.488383, 7.472476], [-225.495333, 7.479018], [-225.495565, 7.479302], [-225.495873, 7.479906], [-225.496194, 7.481744], [-225.496248, 7.482553], [-225.495388, 7.48597], [-225.492068, 7.491413], [-225.489373, 7.495693], [-225.48956, 7.497319], [-225.490965, 7.499244], [-225.496432, 7.501265], [-225.499576, 7.50201], [-225.501601, 7.50189], [-225.501395, 7.499093], [-225.503208, 7.494818], [-225.507602, 7.493293], [-225.511874, 7.495777], [-225.517856, 7.494248], [-225.51801, 7.494193], [-225.518176, 7.494111], [-225.51879, 7.493426], [-225.519706, 7.490783], [-225.519969, 7.488841], [-225.519969, 7.488791], [-225.519263, 7.487277], [-225.519202, 7.487172], [-225.516143, 7.478824], [-225.516115, 7.46951], [-225.516192, 7.469408], [-225.516429, 7.469118], [-225.51694, 7.468633], [-225.518238, 7.468048], [-225.522518, 7.465887], [-225.525656, 7.457662], [-225.528282, 7.451507], [-225.532689, 7.44716], [-225.533077, 7.447022], [-225.534531, 7.447473], [-225.534908, 7.448123], [-225.534971, 7.44823], [-225.535112, 7.448348], [-225.535249, 7.44843], [-225.535297, 7.448433], [-225.535467, 7.44844], [-225.535693, 7.448436], [-225.535955, 7.448387], [-225.536162, 7.448306], [-225.536525, 7.448136], [-225.536816, 7.447944], [-225.537355, 7.447404], [-225.536993, 7.446545], [-225.534648, 7.444218], [-225.527424, 7.440559], [-225.526007, 7.441479], [-225.522644, 7.443783], [-225.520136, 7.445327], [-225.518222, 7.440868], [-225.517942, 7.438983], [-225.517949, 7.438839], [-225.518141, 7.438474], [-225.518193, 7.438404], [-225.519882, 7.436213], [-225.520591, 7.435376], [-225.516868, 7.428227], [-225.506547, 7.419476], [-225.49639, 7.416384], [-225.493329, 7.412347], [-225.493105, 7.411668], [-225.494331, 7.409349], [-225.496634, 7.405064], [-225.493675, 7.39476], [-225.489882, 7.385052], [-225.489678, 7.383578], [-225.489652, 7.383194], [-225.489633, 7.382589], [-225.489636, 7.382386], [-225.489668, 7.381123], [-225.492198, 7.375966], [-225.491929, 7.36576], [-225.49341, 7.364226], [-225.496894, 7.362086], [-225.498849, 7.360734], [-225.501503, 7.358759], [-225.502736, 7.357496], [-225.502799, 7.355885], [-225.502708, 7.354324], [-225.510084, 7.351149], [-225.519663, 7.348956], [-225.520014, 7.348616], [-225.519793, 7.346948], [-225.520024, 7.345896], [-225.521677, 7.345193], [-225.528465, 7.344645], [-225.529164, 7.344628], [-225.529928, 7.344791], [-225.530142, 7.34484], [-225.53409, 7.346419], [-225.534773, 7.347105], [-225.535314, 7.350464], [-225.535382, 7.351115], [-225.534976, 7.353273], [-225.536278, 7.354905], [-225.550168, 7.359813], [-225.557311, 7.362148], [-225.558418, 7.362497], [-225.55885, 7.362519], [-225.561029, 7.362446], [-225.561696, 7.361944], [-225.561638, 7.360941], [-225.5615, 7.359962], [-225.561119, 7.358856], [-225.560899, 7.358331], [-225.559394, 7.356763], [-225.554753, 7.349667], [-225.554017, 7.348881], [-225.552759, 7.347588], [-225.551394, 7.346906], [-225.54845, 7.345747], [-225.546134, 7.345948], [-225.545272, 7.346143], [-225.54497, 7.34623], [-225.54487, 7.34634], [-225.544844, 7.346381], [-225.544838, 7.346564], [-225.544847, 7.346684], [-225.544934, 7.347501], [-225.544984, 7.34764], [-225.545168, 7.348094], [-225.545239, 7.348259], [-225.545265, 7.348285], [-225.545352, 7.348341], [-225.545594, 7.348615], [-225.545839, 7.348949], [-225.545848, 7.348969], [-225.545717, 7.349742], [-225.545672, 7.349981], [-225.544708, 7.351091], [-225.544594, 7.351209], [-225.544088, 7.351681], [-225.543331, 7.352211], [-225.541035, 7.352376], [-225.538294, 7.352139], [-225.535545, 7.351191], [-225.535343, 7.350004], [-225.534975, 7.347583], [-225.534797, 7.346147], [-225.537124, 7.341684], [-225.538995, 7.340295], [-225.541821, 7.33951], [-225.545935, 7.33738], [-225.550547, 7.334979], [-225.55069, 7.334857], [-225.55119, 7.334397], [-225.551229, 7.334314], [-225.551233, 7.334288], [-225.551189, 7.33405], [-225.550783, 7.33191], [-225.550649, 7.331252], [-225.549555, 7.327208], [-225.548366, 7.327051], [-225.548002, 7.327006], [-225.547795, 7.327002], [-225.544025, 7.330698], [-225.54313, 7.333649], [-225.542584, 7.336151], [-225.542763, 7.337074], [-225.542943, 7.338011], [-225.542945, 7.338257], [-225.542928, 7.338384], [-225.542802, 7.338808], [-225.542771, 7.338864], [-225.542626, 7.339013], [-225.542194, 7.339244], [-225.54111, 7.339692], [-225.541035, 7.339661], [-225.54085, 7.339554], [-225.540549, 7.339334], [-225.540513, 7.339094], [-225.537874, 7.33928], [-225.538298, 7.340296], [-225.535912, 7.342121], [-225.53269, 7.341666], [-225.532193, 7.341505], [-225.532145, 7.341472], [-225.530962, 7.340304], [-225.530962, 7.340175], [-225.530974, 7.340091], [-225.531455, 7.339532], [-225.531831, 7.339269], [-225.532455, 7.338889], [-225.532854, 7.338709], [-225.526501, 7.334344], [-225.521471, 7.33166], [-225.521167, 7.335071], [-225.51888, 7.338278], [-225.517275, 7.339719], [-225.514775, 7.340107], [-225.512062, 7.340108], [-225.505757, 7.336868], [-225.496228, 7.336097], [-225.496189, 7.336127], [-225.495682, 7.336472], [-225.495241, 7.336495], [-225.49487, 7.33636], [-225.494047, 7.33602], [-225.493876, 7.335943], [-225.493846, 7.335853], [-225.493674, 7.335323], [-225.493173, 7.333698], [-225.492637, 7.330688], [-225.492644, 7.33024], [-225.493188, 7.328718], [-225.493364, 7.328278], [-225.496125, 7.323547], [-225.497844, 7.322941], [-225.498618, 7.322782], [-225.501635, 7.32128], [-225.502626, 7.320374], [-225.50326, 7.318145], [-225.50267, 7.315494], [-225.497739, 7.311436], [-225.489595, 7.318399], [-225.489458, 7.318572], [-225.488152, 7.322064], [-225.486954, 7.325528], [-225.48586, 7.329468], [-225.486175, 7.330916], [-225.486426, 7.331701], [-225.486803, 7.331925], [-225.48749, 7.332041], [-225.489273, 7.333302], [-225.494907, 7.341146], [-225.494975, 7.341262], [-225.495146, 7.342998], [-225.495089, 7.344396], [-225.493622, 7.347985], [-225.493061, 7.349269], [-225.492894, 7.349478], [-225.492286, 7.349772], [-225.50035, 7.355598], [-225.501662, 7.35561], [-225.502602, 7.355742], [-225.50222, 7.356441], [-225.501875, 7.356997], [-225.500075, 7.35944], [-225.499548, 7.359929], [-225.498734, 7.36058], [-225.498331, 7.360792], [-225.496549, 7.361646], [-225.493548, 7.362809], [-225.49344, 7.362848], [-225.493376, 7.36286], [-225.493306, 7.362873], [-225.491839, 7.361725], [-225.487161, 7.356857], [-225.479815, 7.35736], [-225.479033, 7.356255], [-225.478899, 7.355847], [-225.477698, 7.353341], [-225.476599, 7.351098], [-225.47587, 7.350666], [-225.474079, 7.350273], [-225.471884, 7.350371], [-225.468835, 7.350951], [-225.469152, 7.351203], [-225.469531, 7.35181], [-225.469495, 7.351981], [-225.468678, 7.354482], [-225.46629, 7.354172], [-225.466185, 7.354054], [-225.462567, 7.349788], [-225.453076, 7.351312], [-225.445569, 7.352717], [-225.440648, 7.354614], [-225.438178, 7.357613], [-225.435964, 7.360303], [-225.435706, 7.360899], [-225.435631, 7.361259], [-225.435656, 7.361433], [-225.43591, 7.362316], [-225.435956, 7.362399], [-225.436085, 7.362587], [-225.436168, 7.362654], [-225.437326, 7.363293], [-225.437685, 7.363386], [-225.437886, 7.363404], [-225.438469, 7.363316], [-225.438666, 7.363242], [-225.43889, 7.363365], [-225.439144, 7.363515], [-225.439091, 7.363725], [-225.437691, 7.367443], [-225.434824, 7.37137], [-225.428276, 7.370496], [-225.427519, 7.370389], [-225.42631, 7.370134], [-225.424834, 7.369335], [-225.423984, 7.368629], [-225.422918, 7.36645], [-225.423614, 7.365649], [-225.423653, 7.3656], [-225.423883, 7.365293], [-225.424156, 7.36491], [-225.424382, 7.364529], [-225.425166, 7.36244], [-225.425182, 7.362256], [-225.425092, 7.361343], [-225.424813, 7.360439], [-225.424718, 7.360218], [-225.424459, 7.359858], [-225.424327, 7.359713], [-225.424181, 7.35959], [-225.42408, 7.35953], [-225.423477, 7.35927], [-225.423109, 7.359193], [-225.420653, 7.358887], [-225.417815, 7.358927], [-225.416052, 7.35904], [-225.412972, 7.35948], [-225.412337, 7.359975], [-225.412204, 7.36069], [-225.410708, 7.364289], [-225.406603, 7.367662], [-225.410115, 7.380694], [-225.411266, 7.3843], [-225.414214, 7.391763], [-225.412752, 7.396928], [-225.412076, 7.397442], [-225.41135, 7.398147], [-225.410638, 7.398947], [-225.40925, 7.401971], [-225.40841, 7.406323], [-225.40832, 7.407358], [-225.408348, 7.409246], [-225.408735, 7.412292], [-225.40913, 7.418536], [-225.40943, 7.427431], [-225.408727, 7.43134], [-225.406981, 7.43748], [-225.40704, 7.435901], [-225.405521, 7.433979], [-225.404703, 7.434449], [-225.404146, 7.435474], [-225.399447, 7.442753], [-225.393158, 7.447185], [-225.391064, 7.452068], [-225.393269, 7.462453], [-225.394818, 7.464574], [-225.394768, 7.464718], [-225.394305, 7.465496], [-225.394264, 7.465537], [-225.394222, 7.465544], [-225.393683, 7.465569], [-225.38812, 7.470656], [-225.379414, 7.479077], [-225.375922, 7.484], [-225.368834, 7.489499], [-225.365033, 7.49095], [-225.363933, 7.491431], [-225.363204, 7.492165], [-225.363025, 7.492552], [-225.36217, 7.497159], [-225.365891, 7.5032], [-225.368859, 7.506719], [-225.374901, 7.512941], [-225.378264, 7.513611], [-225.379241, 7.513439], [-225.379593, 7.513471], [-225.380022, 7.514081], [-225.380132, 7.514241], [-225.380218, 7.514492], [-225.382459, 7.521598], [-225.382529, 7.521883], [-225.382486, 7.523529], [-225.382081, 7.525926], [-225.381337, 7.530109], [-225.375893, 7.536595], [-225.372368, 7.540668], [-225.371991, 7.541051], [-225.369227, 7.543529], [-225.367544, 7.544631], [-225.361957, 7.550636], [-225.362922, 7.554804], [-225.364953, 7.564595], [-225.364932, 7.566884], [-225.364782, 7.575767], [-225.362518, 7.583779], [-225.359565, 7.594792], [-225.356912, 7.610065], [-225.357049, 7.610862], [-225.357128, 7.613321], [-225.357138, 7.613937], [-225.357213, 7.62442], [-225.357087, 7.624862], [-225.353698, 7.6292], [-225.35368, 7.63449], [-225.355346, 7.651076], [-225.356558, 7.654987], [-225.356732, 7.655115], [-225.356891, 7.655271], [-225.357361, 7.655789], [-225.357561, 7.656063], [-225.357753, 7.656372], [-225.357884, 7.657116], [-225.358046, 7.658132], [-225.358216, 7.659275], [-225.358352, 7.660237], [-225.358628, 7.664855], [-225.358648, 7.665198], [-225.358668, 7.665919], [-225.358749, 7.677796], [-225.361911, 7.685655], [-225.362151, 7.685551], [-225.362205, 7.685555], [-225.362442, 7.685704], [-225.362466, 7.685737], [-225.36257, 7.685932], [-225.362691, 7.686568], [-225.362749, 7.686969], [-225.362775, 7.687622], [-225.362754, 7.687738], [-225.362709, 7.687866], [-225.362572, 7.68818], [-225.362523, 7.688284], [-225.362221, 7.68892], [-225.362146, 7.689011], [-225.360981, 7.690134], [-225.358746, 7.691579], [-225.356388, 7.69351], [-225.355937, 7.694169], [-225.355854, 7.694306], [-225.355672, 7.694635], [-225.355457, 7.695078], [-225.355366, 7.700754], [-225.356222, 7.703168], [-225.356956, 7.704281], [-225.359423, 7.706571], [-225.363045, 7.710105], [-225.370042, 7.717457], [-225.370122, 7.717584], [-225.370016, 7.718208], [-225.369932, 7.718375], [-225.369777, 7.719136], [-225.369752, 7.721663], [-225.369796, 7.725095], [-225.369801, 7.725282], [-225.369958, 7.725852], [-225.370048, 7.725974], [-225.37135, 7.727495], [-225.371455, 7.72758], [-225.372009, 7.727914], [-225.37728, 7.730549], [-225.380364, 7.731936]]], [[[-225.374745, 7.741074], [-225.37509, 7.743062], [-225.375161, 7.74335], [-225.375243, 7.743518], [-225.375325, 7.743679], [-225.375705, 7.744356], [-225.375763, 7.744421], [-225.375815, 7.744424], [-225.377167, 7.742861], [-225.377196, 7.742825], [-225.377209, 7.742768], [-225.377223, 7.742585], [-225.377252, 7.742133], [-225.377205, 7.741925], [-225.376918, 7.741094], [-225.376846, 7.740944], [-225.376601, 7.740463], [-225.376434, 7.740238], [-225.376279, 7.740101], [-225.376154, 7.740018], [-225.376071, 7.74], [-225.375171, 7.739917], [-225.375134, 7.739968], [-225.375073, 7.740074], [-225.375026, 7.740161], [-225.374679, 7.740931], [-225.374703, 7.740996], [-225.374745, 7.741074]]], [[[-225.382385, 7.759037], [-225.38268, 7.759288], [-225.3828, 7.759258], [-225.38284, 7.758842], [-225.382813, 7.758749], [-225.38272, 7.758682], [-225.382633, 7.758629], [-225.382376, 7.757743], [-225.381719, 7.756236], [-225.38158, 7.75561], [-225.381547, 7.755045], [-225.381543, 7.754615], [-225.38153, 7.754481], [-225.381473, 7.754204], [-225.381336, 7.753632], [-225.381291, 7.753484], [-225.380505, 7.753363], [-225.379576, 7.753348], [-225.379047, 7.75355], [-225.37899, 7.753563], [-225.37888, 7.753544], [-225.378764, 7.753487], [-225.378609, 7.753293], [-225.378434, 7.75303], [-225.378163, 7.752599], [-225.378054, 7.752374], [-225.377846, 7.751886], [-225.377575, 7.751173], [-225.377381, 7.750556], [-225.377257, 7.750114], [-225.376938, 7.752002], [-225.377984, 7.755993], [-225.379973, 7.758626], [-225.382385, 7.759037]]], [[[-225.305064, 8.040644], [-225.304993, 8.04088], [-225.304949, 8.041024], [-225.30495, 8.041116], [-225.305064, 8.041417], [-225.305151, 8.041388], [-225.306241, 8.040443], [-225.306736, 8.039978], [-225.306786, 8.039927], [-225.306829, 8.039842], [-225.306843, 8.039778], [-225.306836, 8.039627], [-225.306793, 8.03957], [-225.3067, 8.039506], [-225.306628, 8.039462], [-225.306441, 8.039442], [-225.306068, 8.039456], [-225.305989, 8.03947], [-225.305853, 8.039506], [-225.30553, 8.039693], [-225.305451, 8.03975], [-225.305178, 8.040336], [-225.305136, 8.040444], [-225.305064, 8.040644]]], [[[-225.298793, 8.041841], [-225.299643, 8.04654], [-225.302144, 8.042786], [-225.302811, 8.041707], [-225.302416, 8.041388], [-225.299912, 8.040939], [-225.299752, 8.040987], [-225.299479, 8.041193], [-225.299235, 8.04138], [-225.298793, 8.041841]]], [[[-225.287434, 8.06401], [-225.288138, 8.064227], [-225.28852, 8.06427], [-225.289102, 8.063966], [-225.289232, 8.063884], [-225.289333, 8.063796], [-225.289497, 8.063497], [-225.289572, 8.063199], [-225.289748, 8.062329], [-225.289768, 8.0622], [-225.289959, 8.060936], [-225.289986, 8.060725], [-225.29002, 8.060393], [-225.290066, 8.059797], [-225.290197, 8.058313], [-225.290248, 8.057858], [-225.2905, 8.056265], [-225.29059, 8.055905], [-225.290847, 8.05493], [-225.290992, 8.054411], [-225.291106, 8.05412], [-225.291316, 8.0536], [-225.291551, 8.05315], [-225.291645, 8.053037], [-225.291791, 8.052911], [-225.291832, 8.052879], [-225.291969, 8.052794], [-225.292011, 8.052785], [-225.292058, 8.052784], [-225.2921, 8.052761], [-225.292152, 8.052709], [-225.292194, 8.052648], [-225.292213, 8.052583], [-225.292222, 8.052508], [-225.292194, 8.052438], [-225.292119, 8.052382], [-225.291475, 8.052166], [-225.291367, 8.052134], [-225.291268, 8.052125], [-225.291123, 8.052135], [-225.290977, 8.052167], [-225.290775, 8.052218], [-225.290648, 8.05228], [-225.29007, 8.052622], [-225.289901, 8.05273], [-225.289789, 8.052819], [-225.289713, 8.052898], [-225.289535, 8.053128], [-225.289479, 8.053222], [-225.288582, 8.054736], [-225.288399, 8.055246], [-225.286415, 8.06174], [-225.2863, 8.062263], [-225.286266, 8.062433], [-225.286239, 8.062589], [-225.286219, 8.062956], [-225.286232, 8.062997], [-225.286376, 8.063357], [-225.286471, 8.063472], [-225.286908, 8.063893], [-225.286983, 8.063947], [-225.287069, 8.063987], [-225.287158, 8.064019], [-225.287342, 8.064018], [-225.287434, 8.06401]]], [[[-225.279531, 8.088573], [-225.281762, 8.094034], [-225.286215, 8.092964], [-225.285656, 8.089098], [-225.285412, 8.088769], [-225.285107, 8.08824], [-225.284863, 8.08779], [-225.284585, 8.087218], [-225.284036, 8.085935], [-225.283757, 8.085094], [-225.283556, 8.084401], [-225.283469, 8.084089], [-225.28339, 8.083777], [-225.283059, 8.082312], [-225.282928, 8.081263], [-225.282884, 8.080821], [-225.282839, 8.079469], [-225.282908, 8.078601], [-225.282977, 8.078011], [-225.283142, 8.07704], [-225.283281, 8.076373], [-225.283454, 8.075722], [-225.283836, 8.074864], [-225.284062, 8.074439], [-225.284288, 8.074066], [-225.284766, 8.073294], [-225.285009, 8.072947], [-225.285296, 8.072488], [-225.285401, 8.072288], [-225.285453, 8.072106], [-225.285435, 8.07195], [-225.2854, 8.071811], [-225.285252, 8.071464], [-225.285087, 8.071187], [-225.284982, 8.071031], [-225.284869, 8.070919], [-225.284556, 8.070763], [-225.284364, 8.070729], [-225.284216, 8.070728], [-225.282564, 8.070756], [-225.282511, 8.070773], [-225.282416, 8.070877], [-225.282251, 8.071102], [-225.282146, 8.071293], [-225.279836, 8.076176], [-225.279298, 8.078032], [-225.279177, 8.078534], [-225.279107, 8.078872], [-225.278937, 8.085817], [-225.278938, 8.086111], [-225.278999, 8.086441], [-225.279313, 8.087828], [-225.279531, 8.088573]]]]}, "properties": {"OBJECTID": 59, "NAME": "Palau", "ABBR": "PW", "Shape_Length": 6.282036033517862, "Shape_Area": 0.0373266773829374}}, {"type": "Feature", "id": 60, "geometry": {"type": "MultiPolygon", "coordinates": [[[[-64.760481, 17.684855], [-64.762022, 17.685381], [-64.764381, 17.684746], [-64.765266, 17.682582], [-64.765264, 17.682461], [-64.764299, 17.681835], [-64.764168, 17.681752], [-64.764001, 17.681696], [-64.763871, 17.681684], [-64.763466, 17.681672], [-64.763126, 17.681664], [-64.762932, 17.681705], [-64.761113, 17.682184], [-64.760804, 17.682274], [-64.760364, 17.682429], [-64.760045, 17.68261], [-64.759235, 17.683095], [-64.759185, 17.683147], [-64.758896, 17.683582], [-64.758889, 17.683656], [-64.758905, 17.683755], [-64.759193, 17.68449], [-64.75924, 17.684523], [-64.759341, 17.684552], [-64.760481, 17.684855]]], [[[-64.701797, 17.750514], [-64.701778, 17.750641], [-64.701839, 17.750741], [-64.701903, 17.750765], [-64.702924, 17.750622], [-64.703323, 17.750166], [-64.70351, 17.749483], [-64.703494, 17.74893], [-64.702936, 17.748562], [-64.702823, 17.748493], [-64.702687, 17.748513], [-64.702454, 17.748699], [-64.70224, 17.748998], [-64.701797, 17.750514]]], [[[-64.666359, 17.764624], [-64.666293, 17.764688], [-64.665905, 17.765159], [-64.665233, 17.76671], [-64.664622, 17.768217], [-64.664583, 17.768969], [-64.665879, 17.768503], [-64.665957, 17.768463], [-64.665998, 17.768377], [-64.666012, 17.768288], [-64.666923, 17.766126], [-64.667034, 17.765877], [-64.667115, 17.765524], [-64.667138, 17.765162], [-64.667124, 17.764983], [-64.666537, 17.764594], [-64.666447, 17.764586], [-64.666359, 17.764624]]], [[[-64.781328, 17.78383], [-64.782513, 17.783718], [-64.787437, 17.782352], [-64.790842, 17.780819], [-64.792833, 17.779523], [-64.796632, 17.778606], [-64.796817, 17.778571], [-64.798199, 17.778382], [-64.799997, 17.778348], [-64.810766, 17.772745], [-64.810988, 17.772576], [-64.813141, 17.771141], [-64.819231, 17.767681], [-64.831744, 17.762707], [-64.833289, 17.762105], [-64.836256, 17.761743], [-64.838032, 17.761651], [-64.839242, 17.761596], [-64.853492, 17.763914], [-64.857191, 17.764894], [-64.863854, 17.766804], [-64.868853, 17.769449], [-64.873263, 17.770766], [-64.878072, 17.769637], [-64.8803, 17.768224], [-64.888014, 17.76157], [-64.893816, 17.74822], [-64.891958, 17.73923], [-64.889479, 17.733519], [-64.886116, 17.723878], [-64.885308, 17.721531], [-64.884883, 17.720261], [-64.883989, 17.71745], [-64.883886, 17.717103], [-64.88383, 17.71684], [-64.883787, 17.71639], [-64.883438, 17.710717], [-64.883477, 17.710268], [-64.883661, 17.708926], [-64.883836, 17.70777], [-64.883986, 17.706881], [-64.884052, 17.706618], [-64.884586, 17.704609], [-64.884768, 17.704097], [-64.885081, 17.703254], [-64.885247, 17.702838], [-64.885617, 17.702223], [-64.886382, 17.701018], [-64.891425, 17.693452], [-64.891636, 17.693152], [-64.891978, 17.69272], [-64.895411, 17.689005], [-64.898695, 17.68553], [-64.899301, 17.684961], [-64.900447, 17.683888], [-64.900852, 17.683511], [-64.903485, 17.681086], [-64.903943, 17.68063], [-64.904169, 17.680342], [-64.904271, 17.680089], [-64.904385, 17.679745], [-64.904398, 17.679655], [-64.904393, 17.679384], [-64.904378, 17.679295], [-64.904316, 17.679124], [-64.904069, 17.678739], [-64.90355, 17.677989], [-64.901246, 17.675283], [-64.899601, 17.675046], [-64.89462, 17.678403], [-64.889825, 17.682264], [-64.880823, 17.684878], [-64.863982, 17.686093], [-64.852505, 17.686929], [-64.850467, 17.687117], [-64.846322, 17.687164], [-64.845553, 17.687164], [-64.845274, 17.687161], [-64.844992, 17.687148], [-64.844148, 17.687066], [-64.843687, 17.686979], [-64.84184, 17.686416], [-64.84107, 17.686143], [-64.840881, 17.686056], [-64.840662, 17.685837], [-64.83975, 17.684797], [-64.83935, 17.683994], [-64.838969, 17.683006], [-64.82997, 17.684278], [-64.821436, 17.68745], [-64.806925, 17.69235], [-64.784818, 17.696127], [-64.779443, 17.695158], [-64.773593, 17.693823], [-64.77236, 17.692708], [-64.771003, 17.691588], [-64.766277, 17.68942], [-64.765428, 17.689357], [-64.764244, 17.690848], [-64.764318, 17.691381], [-64.764669, 17.693308], [-64.764901, 17.694018], [-64.765151, 17.69465], [-64.765995, 17.696165], [-64.768259, 17.699886], [-64.770449, 17.701043], [-64.770516, 17.701047], [-64.770816, 17.701144], [-64.771192, 17.701291], [-64.771507, 17.701461], [-64.771982, 17.701844], [-64.772173, 17.7021], [-64.772347, 17.702428], [-64.772565, 17.702951], [-64.77265, 17.703568], [-64.772584, 17.703918], [-64.771679, 17.707602], [-64.770672, 17.708002], [-64.766683, 17.701375], [-64.766814, 17.700671], [-64.760956, 17.694202], [-64.754016, 17.697822], [-64.749024, 17.700315], [-64.74877, 17.700437], [-64.746605, 17.701467], [-64.745946, 17.701673], [-64.74567, 17.70162], [-64.745509, 17.701529], [-64.745387, 17.70139], [-64.74513, 17.701019], [-64.744692, 17.700025], [-64.74439, 17.699205], [-64.744263, 17.698676], [-64.743769, 17.696293], [-64.743488, 17.694876], [-64.742685, 17.695278], [-64.740296, 17.700896], [-64.74024, 17.70107], [-64.740181, 17.701137], [-64.73791, 17.702913], [-64.737834, 17.70297], [-64.737187, 17.703411], [-64.737027, 17.703504], [-64.736377, 17.703868], [-64.735997, 17.704008], [-64.735471, 17.704193], [-64.735379, 17.704208], [-64.733543, 17.70433], [-64.731889, 17.70431], [-64.729515, 17.703941], [-64.727792, 17.703567], [-64.726683, 17.703089], [-64.725201, 17.702337], [-64.725024, 17.702213], [-64.72436, 17.701713], [-64.720826, 17.700317], [-64.717542, 17.699152], [-64.713829, 17.701363], [-64.710411, 17.703423], [-64.704105, 17.705139], [-64.699099, 17.705248], [-64.694161, 17.705325], [-64.685208, 17.708716], [-64.671613, 17.714275], [-64.663937, 17.717511], [-64.662438, 17.719081], [-64.662228, 17.719262], [-64.661995, 17.719417], [-64.661831, 17.719505], [-64.65897, 17.720835], [-64.657705, 17.721417], [-64.65762, 17.721455], [-64.651824, 17.723397], [-64.651708, 17.723424], [-64.65065, 17.723537], [-64.649256, 17.723652], [-64.648328, 17.723643], [-64.647297, 17.723605], [-64.64655, 17.723513], [-64.643526, 17.723009], [-64.633913, 17.725319], [-64.63321, 17.726384], [-64.63293, 17.726748], [-64.632236, 17.727594], [-64.63211, 17.727728], [-64.631969, 17.727848], [-64.631525, 17.728182], [-64.63077, 17.728713], [-64.630309, 17.729028], [-64.630063, 17.729159], [-64.627058, 17.730481], [-64.618747, 17.734047], [-64.610672, 17.733571], [-64.609754, 17.734418], [-64.603838, 17.744243], [-64.596019, 17.746448], [-64.588015, 17.746494], [-64.58308, 17.745907], [-64.578315, 17.745977], [-64.575404, 17.746898], [-64.567534, 17.752378], [-64.565432, 17.754886], [-64.567052, 17.757122], [-64.575692, 17.75948], [-64.581579, 17.760473], [-64.599908, 17.755356], [-64.610143, 17.757388], [-64.621523, 17.759212], [-64.625958, 17.759147], [-64.635597, 17.759288], [-64.64443, 17.759731], [-64.649241, 17.761585], [-64.654866, 17.763716], [-64.657892, 17.761494], [-64.662647, 17.760163], [-64.667748, 17.760111], [-64.67002, 17.76029], [-64.678538, 17.760336], [-64.690091, 17.754524], [-64.690204, 17.752284], [-64.684573, 17.752812], [-64.680671, 17.751498], [-64.680358, 17.751301], [-64.679909, 17.75074], [-64.679933, 17.749978], [-64.679957, 17.749891], [-64.680057, 17.749643], [-64.680384, 17.749011], [-64.680504, 17.748871], [-64.680653, 17.748758], [-64.680839, 17.748728], [-64.682201, 17.748635], [-64.68331, 17.748793], [-64.684326, 17.749023], [-64.684774, 17.749203], [-64.69332, 17.750335], [-64.695292, 17.750031], [-64.697147, 17.749552], [-64.697234, 17.749516], [-64.697544, 17.749296], [-64.697692, 17.748998], [-64.698264, 17.747703], [-64.698216, 17.747124], [-64.700892, 17.746712], [-64.708294, 17.746952], [-64.710399, 17.74782], [-64.717088, 17.752748], [-64.731826, 17.763042], [-64.735396, 17.766283], [-64.736522, 17.767804], [-64.740827, 17.774393], [-64.747952, 17.783264], [-64.74808, 17.783397], [-64.748215, 17.783523], [-64.748293, 17.783572], [-64.748453, 17.783661], [-64.748547, 17.783677], [-64.748736, 17.78368], [-64.748824, 17.78365], [-64.752079, 17.782205], [-64.753391, 17.780125], [-64.753641, 17.778448], [-64.751671, 17.778415], [-64.751067, 17.77722], [-64.752694, 17.773787], [-64.758691, 17.771467], [-64.759093, 17.775834], [-64.765345, 17.780888], [-64.778262, 17.783756], [-64.781328, 17.78383]]], [[[-64.623825, 17.790129], [-64.624011, 17.790149], [-64.624568, 17.790104], [-64.625128, 17.79004], [-64.625247, 17.790022], [-64.625525, 17.789975], [-64.626072, 17.789837], [-64.62812, 17.789166], [-64.628155, 17.788427], [-64.62742, 17.78709], [-64.627122, 17.786612], [-64.626914, 17.786309], [-64.626791, 17.786174], [-64.626635, 17.78607], [-64.626469, 17.785985], [-64.623735, 17.784949], [-64.621055, 17.78409], [-64.617153, 17.785072], [-64.612779, 17.786439], [-64.611369, 17.786927], [-64.611284, 17.786967], [-64.611209, 17.787027], [-64.611157, 17.787099], [-64.61115, 17.787193], [-64.611182, 17.787279], [-64.611234, 17.787357], [-64.611307, 17.787409], [-64.613309, 17.788207], [-64.613657, 17.788345], [-64.613838, 17.788395], [-64.614119, 17.788429], [-64.614402, 17.788442], [-64.623364, 17.790022], [-64.623825, 17.790129]]], [[[-64.885172, 18.276174], [-64.885597, 18.276356], [-64.886188, 18.276295], [-64.889247, 18.275708], [-64.889032, 18.274986], [-64.887581, 18.273512], [-64.887493, 18.273494], [-64.887049, 18.273488], [-64.886131, 18.273539], [-64.886066, 18.273601], [-64.885112, 18.275421], [-64.885027, 18.27586], [-64.885027, 18.275951], [-64.885052, 18.276038], [-64.885101, 18.276115], [-64.885172, 18.276174]]], [[[-64.892775, 18.279104], [-64.893214, 18.279207], [-64.893104, 18.27875], [-64.893091, 18.2783], [-64.8931, 18.27821], [-64.893229, 18.277735], [-64.893409, 18.277525], [-64.89348, 18.277465], [-64.893648, 18.277382], [-64.893825, 18.277317], [-64.894101, 18.277252], [-64.894288, 18.277243], [-64.894652, 18.277269], [-64.89493, 18.277321], [-64.895111, 18.277371], [-64.896586, 18.277439], [-64.897612, 18.276977], [-64.89749, 18.276502], [-64.895531, 18.275259], [-64.894017, 18.275191], [-64.890268, 18.275951], [-64.889963, 18.277047], [-64.89101, 18.278395], [-64.891373, 18.278685], [-64.891521, 18.278761], [-64.891946, 18.278954], [-64.892212, 18.27905], [-64.892775, 18.279104]]], [[[-64.814341, 18.296306], [-64.816649, 18.29666], [-64.817069, 18.295551], [-64.816798, 18.295141], [-64.816276, 18.2946], [-64.816192, 18.294557], [-64.816096, 18.294548], [-64.813828, 18.295352], [-64.813743, 18.295398], [-64.813689, 18.29547], [-64.813608, 18.295826], [-64.813598, 18.295916], [-64.813608, 18.296006], [-64.813678, 18.296061], [-64.813898, 18.296227], [-64.814067, 18.296313], [-64.814157, 18.296342], [-64.814251, 18.296339], [-64.814341, 18.296306]]], [[[-64.709911, 18.301901], [-64.70965, 18.301989], [-64.709583, 18.30205], [-64.709554, 18.302229], [-64.709564, 18.30232], [-64.7096, 18.302401], [-64.70968, 18.302452], [-64.709853, 18.302528], [-64.709944, 18.302542], [-64.710022, 18.302491], [-64.71008, 18.302419], [-64.710086, 18.302332], [-64.709971, 18.301988], [-64.709911, 18.301901]]], [[[-64.82373, 18.301379], [-64.823672, 18.302167], [-64.824497, 18.303044], [-64.828578, 18.300942], [-64.828737, 18.298269], [-64.828737, 18.29818], [-64.828682, 18.298006], [-64.828568, 18.297757], [-64.828428, 18.297536], [-64.828346, 18.297486], [-64.827883, 18.297442], [-64.822329, 18.297398], [-64.822414, 18.299451], [-64.82373, 18.301379]]], [[[-64.999105, 18.3065], [-65.000064, 18.307232], [-65.000149, 18.307213], [-65.001114, 18.306837], [-65.002212, 18.305581], [-65.002324, 18.305442], [-65.002639, 18.304884], [-65.002678, 18.304801], [-65.002702, 18.304714], [-65.002698, 18.304623], [-65.002641, 18.304452], [-65.002592, 18.304374], [-65.002204, 18.303994], [-65.001913, 18.303859], [-65.001076, 18.303852], [-64.998906, 18.303913], [-64.998811, 18.30392], [-64.998724, 18.303955], [-64.998329, 18.304204], [-64.997697, 18.304862], [-64.997638, 18.304932], [-64.997603, 18.305017], [-64.997628, 18.305102], [-64.998222, 18.305726], [-64.999105, 18.3065]]], [[[-64.874944, 18.308128], [-64.875411, 18.308069], [-64.875468, 18.307996], [-64.875484, 18.307907], [-64.875477, 18.307816], [-64.875426, 18.307643], [-64.875194, 18.307015], [-64.874803, 18.306014], [-64.873758, 18.305576], [-64.870633, 18.304238], [-64.870469, 18.304147], [-64.870378, 18.30412], [-64.87019, 18.304129], [-64.87001, 18.304184], [-64.869848, 18.304278], [-64.869776, 18.304336], [-64.869718, 18.304411], [-64.869702, 18.304497], [-64.86973, 18.304586], [-64.870412, 18.30671], [-64.870447, 18.30678], [-64.870593, 18.306898], [-64.871166, 18.307326], [-64.871751, 18.307605], [-64.874944, 18.308128]]], [[[-64.862487, 18.307329], [-64.868933, 18.308639], [-64.869122, 18.308648], [-64.869217, 18.308639], [-64.869389, 18.308561], [-64.869427, 18.308484], [-64.869429, 18.308392], [-64.869392, 18.308309], [-64.86918, 18.307909], [-64.868898, 18.307546], [-64.868691, 18.307361], [-64.868524, 18.307275], [-64.868347, 18.307209], [-64.865812, 18.306284], [-64.86505, 18.306074], [-64.862801, 18.306435], [-64.862616, 18.306469], [-64.86244, 18.306536], [-64.862358, 18.306583], [-64.862286, 18.306641], [-64.862235, 18.306718], [-64.862181, 18.307137], [-64.862313, 18.30727], [-64.862487, 18.307329]]], [[[-65.000296, 18.308098], [-64.999839, 18.308175], [-64.999659, 18.308241], [-64.999589, 18.308296], [-64.999527, 18.308466], [-64.999492, 18.308646], [-64.999499, 18.308736], [-64.999542, 18.308811], [-65.000213, 18.309352], [-65.0003, 18.309382], [-65.000396, 18.309392], [-65.000585, 18.309387], [-65.000774, 18.30936], [-65.000832, 18.309295], [-65.001076, 18.308992], [-65.00104, 18.308723], [-65.000988, 18.308548], [-65.000917, 18.308381], [-65.000865, 18.308307], [-65.000661, 18.308116], [-65.000575, 18.308076], [-65.000482, 18.30807], [-65.000296, 18.308098]]], [[[-64.908071, 18.309155], [-64.907844, 18.309308], [-64.90787, 18.30939], [-64.907949, 18.309433], [-64.908044, 18.309412], [-64.908128, 18.30937], [-64.908186, 18.309296], [-64.90822, 18.309215], [-64.90816, 18.309137], [-64.908071, 18.309155]]], [[[-64.832167, 18.309308], [-64.832159, 18.309398], [-64.832171, 18.30949], [-64.832204, 18.309572], [-64.832473, 18.309937], [-64.83253, 18.31001], [-64.832615, 18.310052], [-64.832703, 18.310028], [-64.83306, 18.309906], [-64.833142, 18.309862], [-64.833346, 18.309673], [-64.833575, 18.309295], [-64.833621, 18.309119], [-64.833617, 18.309029], [-64.833584, 18.308945], [-64.833542, 18.308863], [-64.83348, 18.308796], [-64.833391, 18.308764], [-64.832278, 18.309172], [-64.832206, 18.309224], [-64.832167, 18.309308]]], [[[-64.908045, 18.309679], [-64.907945, 18.310017], [-64.907948, 18.310102], [-64.908026, 18.310263], [-64.908116, 18.310242], [-64.908272, 18.31014], [-64.908336, 18.310076], [-64.908354, 18.309987], [-64.908368, 18.309895], [-64.908315, 18.309832], [-64.908132, 18.309641], [-64.908045, 18.309679]]], [[[-64.873179, 18.310462], [-64.873256, 18.310512], [-64.87335, 18.310509], [-64.873533, 18.310461], [-64.873887, 18.310249], [-64.873858, 18.309811], [-64.873772, 18.30967], [-64.873584, 18.309688], [-64.873403, 18.30974], [-64.873275, 18.309873], [-64.873181, 18.31003], [-64.873126, 18.310204], [-64.873118, 18.310293], [-64.873138, 18.310383], [-64.873179, 18.310462]]], [[[-64.874412, 18.310434], [-64.874172, 18.31072], [-64.874166, 18.310803], [-64.874233, 18.310864], [-64.874325, 18.310884], [-64.874419, 18.310867], [-64.87457, 18.310765], [-64.874717, 18.310643], [-64.874735, 18.310562], [-64.874708, 18.31047], [-64.874578, 18.310379], [-64.874479, 18.310378], [-64.874412, 18.310434]]], [[[-64.873373, 18.310661], [-64.873132, 18.310799], [-64.873075, 18.310874], [-64.87311, 18.310949], [-64.873369, 18.311116], [-64.873456, 18.311132], [-64.873604, 18.311012], [-64.873659, 18.310942], [-64.873652, 18.310851], [-64.873619, 18.310765], [-64.873559, 18.310696], [-64.873464, 18.310643], [-64.873373, 18.310661]]], [[[-64.873557, 18.311158], [-64.873486, 18.31122], [-64.873436, 18.311295], [-64.873396, 18.311475], [-64.873442, 18.311549], [-64.873533, 18.311558], [-64.873725, 18.311543], [-64.873811, 18.311508], [-64.873856, 18.311433], [-64.873833, 18.311349], [-64.873646, 18.311131], [-64.873557, 18.311158]]], [[[-64.873647, 18.31164], [-64.873636, 18.311821], [-64.873654, 18.311909], [-64.873778, 18.312046], [-64.873865, 18.312051], [-64.873885, 18.311963], [-64.873881, 18.311873], [-64.873857, 18.311785], [-64.873819, 18.311701], [-64.873732, 18.311608], [-64.873647, 18.31164]]], [[[-64.873192, 18.31188], [-64.873157, 18.311965], [-64.873145, 18.312054], [-64.873186, 18.312232], [-64.873246, 18.3123], [-64.873501, 18.312406], [-64.873597, 18.312406], [-64.873688, 18.312386], [-64.873717, 18.312306], [-64.873687, 18.312219], [-64.873563, 18.312085], [-64.87328, 18.311856], [-64.873192, 18.31188]]], [[[-64.870738, 18.314526], [-64.871112, 18.314636], [-64.87116, 18.314645], [-64.871439, 18.314562], [-64.871486, 18.314544], [-64.871534, 18.314489], [-64.871544, 18.314388], [-64.871486, 18.314305], [-64.8714, 18.314223], [-64.871275, 18.314149], [-64.871131, 18.314113], [-64.871036, 18.314131], [-64.870834, 18.314195], [-64.870795, 18.314232], [-64.870718, 18.314443], [-64.870709, 18.314498], [-64.870738, 18.314526]]], [[[-64.860838, 18.312803], [-64.86077, 18.31283], [-64.860722, 18.312877], [-64.860722, 18.31295], [-64.860866, 18.313547], [-64.860934, 18.31373], [-64.860991, 18.313868], [-64.861077, 18.314024], [-64.861174, 18.314116], [-64.861884, 18.314666], [-64.862029, 18.314767], [-64.862105, 18.314786], [-64.862144, 18.314777], [-64.862182, 18.314749], [-64.86223, 18.314621], [-64.86224, 18.314538], [-64.862221, 18.314483], [-64.861385, 18.312996], [-64.861336, 18.312922], [-64.86125, 18.312868], [-64.860933, 18.312803], [-64.860838, 18.312803]]], [[[-64.864237, 18.314583], [-64.864333, 18.314675], [-64.864554, 18.314822], [-64.864756, 18.314868], [-64.864919, 18.314877], [-64.865159, 18.314822], [-64.865284, 18.314775], [-64.86537, 18.314711], [-64.865553, 18.314555], [-64.865696, 18.314363], [-64.865418, 18.313471], [-64.86536, 18.313352], [-64.865245, 18.313206], [-64.865062, 18.313031], [-64.865014, 18.313004], [-64.864717, 18.312949], [-64.864649, 18.312967], [-64.864611, 18.312995], [-64.864467, 18.313206], [-64.864064, 18.313986], [-64.864035, 18.314087], [-64.864036, 18.31417], [-64.864113, 18.314353], [-64.864141, 18.314409], [-64.864237, 18.314583]]], [[[-64.870065, 18.3146], [-64.869979, 18.314636], [-64.869902, 18.314692], [-64.869854, 18.314747], [-64.869825, 18.314885], [-64.869845, 18.314958], [-64.869893, 18.315003], [-64.870046, 18.315031], [-64.870171, 18.315022], [-64.870459, 18.314958], [-64.870575, 18.314866], [-64.870651, 18.314792], [-64.870652, 18.314747], [-64.870641, 18.314719], [-64.870584, 18.314664], [-64.870382, 18.314581], [-64.870065, 18.3146]]], [[[-64.87793, 18.314937], [-64.877949, 18.314992], [-64.878017, 18.315047], [-64.878094, 18.315056], [-64.878123, 18.315047], [-64.878362, 18.314927], [-64.878756, 18.314698], [-64.879514, 18.314467], [-64.879553, 18.314459], [-64.879611, 18.314394], [-64.87962, 18.314302], [-64.879591, 18.314155], [-64.879408, 18.313926], [-64.879072, 18.313614], [-64.878986, 18.313559], [-64.878726, 18.313422], [-64.87864, 18.313421], [-64.878573, 18.313439], [-64.878361, 18.313623], [-64.877987, 18.313964], [-64.877863, 18.314478], [-64.87793, 18.314937]]], [[[-64.834218, 18.314661], [-64.834077, 18.314785], [-64.834053, 18.314869], [-64.834078, 18.314957], [-64.834178, 18.315112], [-64.834242, 18.315179], [-64.834325, 18.315221], [-64.834463, 18.315168], [-64.834419, 18.314757], [-64.834389, 18.314674], [-64.834307, 18.314633], [-64.834218, 18.314661]]], [[[-64.759401, 18.314659], [-64.759399, 18.314742], [-64.759632, 18.315429], [-64.759664, 18.315514], [-64.759723, 18.315586], [-64.759802, 18.315634], [-64.759898, 18.315638], [-64.759987, 18.31561], [-64.760056, 18.315548], [-64.760109, 18.315473], [-64.760126, 18.315384], [-64.759966, 18.314878], [-64.759909, 18.314807], [-64.759835, 18.31475], [-64.759491, 18.314631], [-64.759401, 18.314659]]], [[[-64.867281, 18.315702], [-64.86829, 18.315849], [-64.868366, 18.315831], [-64.868462, 18.315729], [-64.868482, 18.315619], [-64.868434, 18.3155], [-64.868347, 18.315362], [-64.868107, 18.315032], [-64.868069, 18.314986], [-64.86778, 18.314711], [-64.867722, 18.314665], [-64.867674, 18.314656], [-64.867588, 18.314683], [-64.867137, 18.315059], [-64.867031, 18.315188], [-64.867003, 18.31528], [-64.866993, 18.315519], [-64.867002, 18.315602], [-64.867099, 18.315665], [-64.867281, 18.315702]]], [[[-64.82556, 18.316623], [-64.827622, 18.31618], [-64.830864, 18.313076], [-64.830796, 18.312851], [-64.830755, 18.312688], [-64.830548, 18.311582], [-64.830475, 18.310683], [-64.830495, 18.308981], [-64.832601, 18.306721], [-64.834231, 18.305729], [-64.833425, 18.304448], [-64.829308, 18.305466], [-64.82721, 18.306355], [-64.825417, 18.311006], [-64.82556, 18.316623]]], [[[-64.872612, 18.316903], [-64.872563, 18.316959], [-64.872545, 18.317014], [-64.872545, 18.317078], [-64.872563, 18.317124], [-64.87264, 18.317198], [-64.872727, 18.317234], [-64.872938, 18.317198], [-64.873206, 18.317087], [-64.873264, 18.317041], [-64.873302, 18.316986], [-64.873322, 18.316876], [-64.873254, 18.316784], [-64.873168, 18.316747], [-64.873091, 18.316766], [-64.872612, 18.316903]]], [[[-64.989973, 18.31735], [-64.990163, 18.317332], [-64.990239, 18.317282], [-64.990292, 18.317205], [-64.990326, 18.317119], [-64.990334, 18.317031], [-64.990311, 18.316851], [-64.990265, 18.316675], [-64.989999, 18.315814], [-64.98988, 18.315672], [-64.989807, 18.315613], [-64.989716, 18.31562], [-64.989571, 18.315696], [-64.989317, 18.315834], [-64.989278, 18.315917], [-64.989278, 18.316007], [-64.989649, 18.317343], [-64.989973, 18.31735]]], [[[-64.871593, 18.317069], [-64.871584, 18.317152], [-64.871613, 18.31728], [-64.871652, 18.317335], [-64.87168, 18.317363], [-64.871786, 18.317345], [-64.872016, 18.31717], [-64.872063, 18.317134], [-64.872112, 18.317069], [-64.872103, 18.317032], [-64.872054, 18.316987], [-64.871728, 18.316959], [-64.87167, 18.316959], [-64.871613, 18.317024], [-64.871593, 18.317069]]], [[[-64.68795, 18.316761], [-64.688133, 18.316914], [-64.689006, 18.317592], [-64.689132, 18.317686], [-64.689338, 18.317708], [-64.689562, 18.317635], [-64.691182, 18.316864], [-64.691218, 18.316791], [-64.691129, 18.316602], [-64.691021, 18.316383], [-64.690958, 18.316276], [-64.687591, 18.314666], [-64.686031, 18.315605], [-64.686265, 18.316038], [-64.68795, 18.316761]]], [[[-64.870691, 18.316018], [-64.871441, 18.316552], [-64.873578, 18.314167], [-64.872703, 18.310653], [-64.872541, 18.312339], [-64.872594, 18.312504], [-64.872619, 18.312761], [-64.872289, 18.313746], [-64.87177, 18.314678], [-64.870691, 18.316018]]], [[[-64.988668, 18.317539], [-64.988462, 18.317705], [-64.988461, 18.317794], [-64.988521, 18.318024], [-64.988585, 18.318086], [-64.98868, 18.318088], [-64.988961, 18.318037], [-64.989052, 18.318016], [-64.989132, 18.317972], [-64.989167, 18.317843], [-64.989095, 18.317602], [-64.98874, 18.317487], [-64.988668, 18.317539]]], [[[-64.652669, 18.325917], [-64.652582, 18.325952], [-64.652524, 18.326024], [-64.652535, 18.326112], [-64.652582, 18.326191], [-64.652653, 18.32625], [-64.652903, 18.32638], [-64.653026, 18.326398], [-64.653095, 18.326342], [-64.65315, 18.326168], [-64.653154, 18.32608], [-64.653112, 18.325997], [-64.653043, 18.325934], [-64.652952, 18.325913], [-64.652763, 18.32591], [-64.652669, 18.325917]]], [[[-64.649557, 18.328573], [-64.649649, 18.328591], [-64.650017, 18.328534], [-64.650094, 18.328482], [-64.650823, 18.327965], [-64.651263, 18.327372], [-64.651939, 18.326312], [-64.651996, 18.325717], [-64.650487, 18.324101], [-64.650402, 18.324061], [-64.650311, 18.324081], [-64.650137, 18.324276], [-64.648839, 18.327218], [-64.648807, 18.327303], [-64.648655, 18.328097], [-64.648646, 18.328189], [-64.648704, 18.328254], [-64.649138, 18.328428], [-64.649557, 18.328573]]], [[[-64.943203, 18.328042], [-64.944094, 18.329475], [-64.94878, 18.327284], [-64.955888, 18.321071], [-64.957598, 18.31857], [-64.95957, 18.315417], [-64.960029, 18.309428], [-64.960074, 18.308217], [-64.959144, 18.307618], [-64.957016, 18.306519], [-64.955759, 18.306544], [-64.953728, 18.307537], [-64.953428, 18.307689], [-64.953384, 18.307762], [-64.952936, 18.30883], [-64.952805, 18.309206], [-64.951402, 18.315479], [-64.951299, 18.316104], [-64.951136, 18.317176], [-64.951135, 18.317265], [-64.951173, 18.317444], [-64.951219, 18.317521], [-64.942854, 18.319238], [-64.94045, 18.319508], [-64.941851, 18.327168], [-64.94242, 18.327914], [-64.942566, 18.328028], [-64.942658, 18.32804], [-64.943203, 18.328042]]], [[[-64.806717, 18.328351], [-64.806691, 18.328431], [-64.806694, 18.328608], [-64.806883, 18.330409], [-64.806996, 18.330757], [-64.807164, 18.331188], [-64.807209, 18.331271], [-64.807274, 18.331342], [-64.807354, 18.331399], [-64.80744, 18.331448], [-64.807538, 18.331468], [-64.807862, 18.331472], [-64.808089, 18.331448], [-64.808197, 18.331407], [-64.808193, 18.331315], [-64.807855, 18.330166], [-64.807131, 18.328526], [-64.807069, 18.328447], [-64.806986, 18.328388], [-64.806893, 18.328345], [-64.806797, 18.328323], [-64.806717, 18.328351]]], [[[-64.936225, 18.335866], [-64.936627, 18.336034], [-64.937331, 18.336227], [-64.937608, 18.336189], [-64.937691, 18.336153], [-64.937761, 18.336092], [-64.938069, 18.335749], [-64.93931, 18.33429], [-64.939357, 18.334212], [-64.939393, 18.334129], [-64.9394, 18.334038], [-64.939365, 18.33333], [-64.939346, 18.333245], [-64.939292, 18.333085], [-64.939257, 18.333009], [-64.938481, 18.332805], [-64.936699, 18.32958], [-64.936238, 18.327184], [-64.933854, 18.323004], [-64.933431, 18.322531], [-64.933087, 18.322222], [-64.933004, 18.322182], [-64.932909, 18.322183], [-64.93283, 18.32223], [-64.930601, 18.32505], [-64.930264, 18.325557], [-64.930134, 18.325799], [-64.930082, 18.325974], [-64.930077, 18.326063], [-64.930088, 18.326154], [-64.930159, 18.326413], [-64.93162, 18.329379], [-64.93496, 18.334581], [-64.936225, 18.335866]]], [[[-64.844961, 18.336862], [-64.844872, 18.336891], [-64.844534, 18.337053], [-64.844075, 18.337371], [-64.844013, 18.337437], [-64.843998, 18.337527], [-64.844053, 18.337598], [-64.844139, 18.337636], [-64.844325, 18.337669], [-64.844417, 18.337645], [-64.844486, 18.337585], [-64.844929, 18.33729], [-64.84501, 18.337243], [-64.845073, 18.337175], [-64.845236, 18.336952], [-64.84515, 18.336842], [-64.844961, 18.336862]]], [[[-64.817158, 18.34278], [-64.816983, 18.342847], [-64.816944, 18.342928], [-64.816948, 18.343017], [-64.817013, 18.343083], [-64.817092, 18.343132], [-64.817179, 18.343169], [-64.817311, 18.343177], [-64.817376, 18.343112], [-64.817414, 18.343029], [-64.817428, 18.342939], [-64.817408, 18.342851], [-64.817344, 18.342786], [-64.817251, 18.342765], [-64.817158, 18.34278]]], [[[-64.858433, 18.346323], [-64.858362, 18.346369], [-64.858313, 18.346423], [-64.858294, 18.346475], [-64.858314, 18.346546], [-64.858348, 18.346575], [-64.858408, 18.346585], [-64.858526, 18.346498], [-64.858545, 18.346436], [-64.858521, 18.346329], [-64.858479, 18.346312], [-64.858433, 18.346323]]], [[[-65.075227, 18.346887], [-65.076064, 18.346615], [-65.076728, 18.3459], [-65.077355, 18.345244], [-65.081215, 18.34257], [-65.08421, 18.339016], [-65.085311, 18.337387], [-65.085463, 18.337161], [-65.085503, 18.336912], [-65.085529, 18.335681], [-65.085232, 18.335452], [-65.085071, 18.335357], [-65.084894, 18.33528], [-65.084715, 18.335235], [-65.077236, 18.337629], [-65.074559, 18.340189], [-65.073925, 18.342197], [-65.075, 18.346543], [-65.075227, 18.346887]]], [[[-65.057321, 18.350577], [-65.05744, 18.351037], [-65.057557, 18.351267], [-65.05772, 18.351462], [-65.057784, 18.35153], [-65.057872, 18.351563], [-65.057966, 18.351569], [-65.058057, 18.35154], [-65.058134, 18.351487], [-65.058153, 18.351405], [-65.058206, 18.350895], [-65.058149, 18.350493], [-65.058072, 18.350347], [-65.057611, 18.349563], [-65.057534, 18.349512], [-65.05744, 18.349493], [-65.057258, 18.34954], [-65.057063, 18.349623], [-65.057047, 18.349804], [-65.057058, 18.349894], [-65.057183, 18.350257], [-65.057321, 18.350577]]], [[[-65.041691, 18.351982], [-65.041609, 18.352023], [-65.041539, 18.352087], [-65.041511, 18.352167], [-65.041584, 18.352206], [-65.041747, 18.352112], [-65.041786, 18.351969], [-65.041691, 18.351982]]], [[[-64.776806, 18.354321], [-64.776982, 18.354379], [-64.777207, 18.354266], [-64.777273, 18.354212], [-64.777292, 18.354122], [-64.77725, 18.354042], [-64.777122, 18.353907], [-64.777013, 18.353843], [-64.776923, 18.353865], [-64.776738, 18.35406], [-64.776806, 18.354321]]], [[[-64.791616, 18.352251], [-64.791794, 18.35329], [-64.792136, 18.353834], [-64.792255, 18.353975], [-64.792567, 18.354292], [-64.79264, 18.354348], [-64.793141, 18.354573], [-64.793233, 18.354578], [-64.793498, 18.354476], [-64.79358, 18.354431], [-64.793643, 18.354364], [-64.79449, 18.353316], [-64.794571, 18.353152], [-64.79459, 18.353064], [-64.794543, 18.352992], [-64.793864, 18.3525], [-64.792185, 18.351957], [-64.791707, 18.352027], [-64.791634, 18.35208], [-64.791598, 18.352165], [-64.791616, 18.352251]]], [[[-64.789805, 18.355905], [-64.789896, 18.355894], [-64.790043, 18.355779], [-64.790169, 18.355644], [-64.790215, 18.355565], [-64.790243, 18.355477], [-64.790252, 18.355387], [-64.79024, 18.355298], [-64.790199, 18.355215], [-64.78935, 18.354388], [-64.789276, 18.354331], [-64.789191, 18.354294], [-64.789095, 18.354293], [-64.789001, 18.354308], [-64.788918, 18.35435], [-64.788845, 18.354409], [-64.788742, 18.35456], [-64.788705, 18.354645], [-64.788678, 18.354732], [-64.788671, 18.354823], [-64.788725, 18.354994], [-64.789067, 18.355739], [-64.789132, 18.355802], [-64.789246, 18.355858], [-64.789338, 18.355879], [-64.789805, 18.355905]]], [[[-64.768309, 18.35399], [-64.768071, 18.354133], [-64.768014, 18.354206], [-64.767979, 18.35429], [-64.767985, 18.354376], [-64.768351, 18.355548], [-64.768448, 18.355703], [-64.768563, 18.355848], [-64.768639, 18.355901], [-64.768732, 18.355918], [-64.768821, 18.35589], [-64.76889, 18.355829], [-64.769181, 18.355471], [-64.769283, 18.35532], [-64.769266, 18.355231], [-64.769192, 18.355064], [-64.768621, 18.354031], [-64.76849, 18.353954], [-64.768396, 18.353954], [-64.768309, 18.35399]]], [[[-65.041023, 18.355367], [-65.040955, 18.355429], [-65.040962, 18.355519], [-65.041005, 18.355866], [-65.041032, 18.355952], [-65.041116, 18.355981], [-65.041212, 18.355965], [-65.041298, 18.355929], [-65.041536, 18.355783], [-65.041603, 18.35572], [-65.041803, 18.35545], [-65.041848, 18.355379], [-65.041799, 18.355305], [-65.041416, 18.355192], [-65.041321, 18.35519], [-65.041133, 18.355226], [-65.041073, 18.355287], [-65.041023, 18.355367]]], [[[-64.796821, 18.355484], [-64.796737, 18.355528], [-64.796678, 18.355598], [-64.796431, 18.356055], [-64.796389, 18.356135], [-64.796391, 18.356226], [-64.796461, 18.356393], [-64.796537, 18.356445], [-64.796631, 18.356461], [-64.796716, 18.356401], [-64.797145, 18.356083], [-64.797204, 18.356018], [-64.797232, 18.355838], [-64.797223, 18.355747], [-64.797204, 18.355659], [-64.797159, 18.355578], [-64.797094, 18.355515], [-64.797007, 18.355476], [-64.796912, 18.355464], [-64.796821, 18.355484]]], [[[-64.755704, 18.35606], [-64.755637, 18.356125], [-64.755625, 18.356215], [-64.755678, 18.356287], [-64.755753, 18.356343], [-64.756542, 18.356636], [-64.756632, 18.356663], [-64.757011, 18.356666], [-64.757097, 18.356631], [-64.75716, 18.356565], [-64.757177, 18.356479], [-64.757119, 18.356408], [-64.756973, 18.356292], [-64.756808, 18.356204], [-64.756449, 18.35609], [-64.756267, 18.356056], [-64.755795, 18.356038], [-64.755704, 18.35606]]], [[[-64.826249, 18.3603], [-64.826321, 18.360468], [-64.826397, 18.360512], [-64.82658, 18.360558], [-64.826938, 18.360613], [-64.827883, 18.360659], [-64.828356, 18.360626], [-64.828539, 18.360587], [-64.833241, 18.359876], [-64.834195, 18.359787], [-64.835368, 18.359324], [-64.83931, 18.357584], [-64.839557, 18.357448], [-64.839695, 18.357325], [-64.839929, 18.35694], [-64.839956, 18.356853], [-64.83992, 18.356774], [-64.839838, 18.356726], [-64.839196, 18.356558], [-64.838804, 18.356511], [-64.838388, 18.356597], [-64.834579, 18.357423], [-64.828487, 18.359153], [-64.826514, 18.359745], [-64.826437, 18.359795], [-64.826252, 18.360211], [-64.826249, 18.3603]]], [[[-64.816882, 18.360675], [-64.823152, 18.3612], [-64.823617, 18.36116], [-64.823764, 18.361109], [-64.825146, 18.36062], [-64.825317, 18.360549], [-64.825392, 18.360499], [-64.825442, 18.360415], [-64.825458, 18.360326], [-64.825455, 18.360235], [-64.825412, 18.360055], [-64.825371, 18.359975], [-64.825239, 18.359843], [-64.825082, 18.359741], [-64.824821, 18.359635], [-64.82282, 18.358883], [-64.822638, 18.35884], [-64.81668, 18.35819], [-64.816588, 18.358196], [-64.8164, 18.358238], [-64.81615, 18.358362], [-64.815603, 18.358723], [-64.815317, 18.358985], [-64.815268, 18.359062], [-64.815147, 18.359308], [-64.81512, 18.359395], [-64.81511, 18.359575], [-64.81512, 18.359755], [-64.815364, 18.360482], [-64.815781, 18.360661], [-64.816882, 18.360675]]], [[[-65.047449, 18.361571], [-65.047844, 18.361203], [-65.048378, 18.360666], [-65.046685, 18.3578], [-65.046275, 18.357111], [-65.045621, 18.356458], [-65.04483, 18.35594], [-65.043957, 18.356089], [-65.043206, 18.359338], [-65.043816, 18.360013], [-65.044239, 18.360339], [-65.04469, 18.360622], [-65.044767, 18.36066], [-65.046483, 18.361259], [-65.047376, 18.361566], [-65.047449, 18.361571]]], [[[-64.868892, 18.36148], [-64.869054, 18.362271], [-64.870633, 18.362733], [-64.874239, 18.360436], [-64.870878, 18.358881], [-64.85095, 18.355391], [-64.848459, 18.356638], [-64.847858, 18.357456], [-64.848221, 18.358959], [-64.848283, 18.359028], [-64.849779, 18.360559], [-64.853169, 18.362183], [-64.85416, 18.360503], [-64.854199, 18.360418], [-64.854253, 18.360346], [-64.854417, 18.360259], [-64.854686, 18.360167], [-64.856856, 18.359562], [-64.86544, 18.360286], [-64.867816, 18.361008], [-64.868637, 18.361364], [-64.868892, 18.36148]]], [[[-65.008145, 18.36295], [-65.007996, 18.363052], [-65.007927, 18.363115], [-65.007912, 18.363203], [-65.007963, 18.363277], [-65.008119, 18.363376], [-65.008306, 18.363403], [-65.008401, 18.363387], [-65.008483, 18.363346], [-65.008555, 18.363286], [-65.008583, 18.363202], [-65.00853, 18.363129], [-65.00846, 18.363067], [-65.008385, 18.363011], [-65.008239, 18.362935], [-65.008145, 18.36295]]], [[[-65.049418, 18.361846], [-65.050587, 18.363713], [-65.05428, 18.364175], [-65.054657, 18.364194], [-65.055707, 18.364162], [-65.056129, 18.364139], [-65.056305, 18.364066], [-65.056376, 18.364009], [-65.056758, 18.363465], [-65.056526, 18.363148], [-65.055864, 18.362458], [-65.052535, 18.359862], [-65.050377, 18.359448], [-65.049418, 18.361846]]], [[[-64.799928, 18.365406], [-64.800402, 18.365409], [-64.801902, 18.365326], [-64.802143, 18.365221], [-64.802489, 18.364935], [-64.802751, 18.364548], [-64.809712, 18.362756], [-64.809802, 18.36277], [-64.810444, 18.362797], [-64.810633, 18.362802], [-64.812382, 18.362633], [-64.812463, 18.362589], [-64.813324, 18.361975], [-64.813397, 18.361919], [-64.813505, 18.361765], [-64.813501, 18.361687], [-64.812977, 18.361277], [-64.810028, 18.359014], [-64.801535, 18.3604], [-64.798227, 18.363232], [-64.797983, 18.363709], [-64.798625, 18.364422], [-64.798859, 18.364671], [-64.799338, 18.365172], [-64.79941, 18.365221], [-64.799747, 18.365367], [-64.799836, 18.365395], [-64.799928, 18.365406]]], [[[-64.722586, 18.366823], [-64.722573, 18.367092], [-64.72263, 18.367163], [-64.722981, 18.367436], [-64.723058, 18.367486], [-64.723152, 18.36748], [-64.723243, 18.367447], [-64.723289, 18.367381], [-64.723223, 18.367152], [-64.723183, 18.367069], [-64.723019, 18.366978], [-64.722665, 18.366786], [-64.722586, 18.366823]]], [[[-64.797776, 18.368933], [-64.797702, 18.368993], [-64.797676, 18.369083], [-64.797764, 18.369109], [-64.797859, 18.369113], [-64.798111, 18.369043], [-64.800484, 18.36868], [-64.804762, 18.368093], [-64.808221, 18.367172], [-64.808309, 18.367143], [-64.808332, 18.367071], [-64.808301, 18.366979], [-64.808231, 18.366911], [-64.808137, 18.366891], [-64.807259, 18.366824], [-64.806235, 18.366782], [-64.804254, 18.366726], [-64.804063, 18.366744], [-64.803103, 18.367018], [-64.801533, 18.367478], [-64.800532, 18.367775], [-64.798537, 18.368557], [-64.797776, 18.368933]]], [[[-64.795119, 18.369226], [-64.793949, 18.369544], [-64.793789, 18.36964], [-64.79372, 18.369703], [-64.79369, 18.369786], [-64.793684, 18.369879], [-64.793713, 18.369962], [-64.793778, 18.370029], [-64.793861, 18.370073], [-64.794049, 18.370095], [-64.79414, 18.37008], [-64.795528, 18.369497], [-64.795696, 18.369411], [-64.795713, 18.369327], [-64.795666, 18.369248], [-64.795585, 18.369198], [-64.795494, 18.369177], [-64.795397, 18.369174], [-64.795119, 18.369226]]], [[[-64.756299, 18.371096], [-64.757192, 18.371376], [-64.758149, 18.370574], [-64.759875, 18.370166], [-64.759969, 18.37015], [-64.760058, 18.370118], [-64.760217, 18.37002], [-64.760439, 18.369852], [-64.760576, 18.369717], [-64.760545, 18.369644], [-64.760465, 18.369577], [-64.760378, 18.369555], [-64.756003, 18.368904], [-64.755688, 18.368921], [-64.755442, 18.369073], [-64.755014, 18.369895], [-64.75498, 18.370139], [-64.754929, 18.370506], [-64.754976, 18.370654], [-64.755037, 18.370714], [-64.755204, 18.370801], [-64.755472, 18.370891], [-64.755837, 18.370996], [-64.756299, 18.371096]]], [[[-64.748783, 18.372939], [-64.749346, 18.372935], [-64.74944, 18.372928], [-64.749764, 18.37285], [-64.750333, 18.372706], [-64.750423, 18.372679], [-64.750963, 18.37251], [-64.751134, 18.372434], [-64.751287, 18.372327], [-64.751724, 18.371985], [-64.75187, 18.37187], [-64.752068, 18.371675], [-64.752175, 18.371526], [-64.752216, 18.371444], [-64.752456, 18.37087], [-64.752477, 18.370782], [-64.752476, 18.370512], [-64.75245, 18.370332], [-64.752418, 18.370249], [-64.752274, 18.370014], [-64.751308, 18.368667], [-64.750592, 18.368243], [-64.747826, 18.367625], [-64.747006, 18.367503], [-64.746358, 18.367473], [-64.745695, 18.367486], [-64.74533, 18.367395], [-64.745104, 18.367273], [-64.744952, 18.367168], [-64.744609, 18.366856], [-64.744294, 18.366518], [-64.744191, 18.366368], [-64.744107, 18.366205], [-64.744038, 18.366036], [-64.743817, 18.365442], [-64.743754, 18.364995], [-64.743715, 18.364003], [-64.743994, 18.359525], [-64.744079, 18.359176], [-64.744415, 18.358336], [-64.744694, 18.357865], [-64.745265, 18.356933], [-64.745364, 18.356779], [-64.745556, 18.356581], [-64.746081, 18.356194], [-64.746323, 18.356052], [-64.746575, 18.355929], [-64.746663, 18.355895], [-64.753984, 18.354754], [-64.76319, 18.354304], [-64.767253, 18.354011], [-64.77394, 18.351889], [-64.777534, 18.349729], [-64.784783, 18.350089], [-64.794429, 18.338574], [-64.799088, 18.329812], [-64.799174, 18.32734], [-64.795584, 18.322993], [-64.792211, 18.321765], [-64.790254, 18.318433], [-64.788647, 18.314295], [-64.784181, 18.313372], [-64.780337, 18.313247], [-64.774247, 18.320114], [-64.76805, 18.319374], [-64.762737, 18.31809], [-64.751786, 18.321113], [-64.745965, 18.323194], [-64.739806, 18.317645], [-64.739195, 18.31729], [-64.7332, 18.314905], [-64.729935, 18.318345], [-64.728064, 18.319562], [-64.725417, 18.31924], [-64.724286, 18.318885], [-64.72041, 18.31739], [-64.721732, 18.312989], [-64.722086, 18.311243], [-64.722197, 18.308097], [-64.722176, 18.308008], [-64.722118, 18.307937], [-64.721731, 18.307524], [-64.721437, 18.307312], [-64.720473, 18.307498], [-64.719591, 18.308101], [-64.71613, 18.310647], [-64.704699, 18.30455], [-64.703608, 18.298818], [-64.70358, 18.298734], [-64.703529, 18.298663], [-64.703258, 18.29841], [-64.703104, 18.298304], [-64.703017, 18.298268], [-64.702923, 18.298279], [-64.701864, 18.29884], [-64.700819, 18.301431], [-64.700839, 18.304531], [-64.702418, 18.311633], [-64.701766, 18.316039], [-64.700516, 18.318421], [-64.697723, 18.322479], [-64.699539, 18.326925], [-64.701814, 18.329865], [-64.707091, 18.332798], [-64.711134, 18.335219], [-64.715627, 18.344565], [-64.715768, 18.344886], [-64.715866, 18.345141], [-64.715891, 18.345493], [-64.715853, 18.345577], [-64.715729, 18.345713], [-64.714214, 18.346696], [-64.712895, 18.346835], [-64.711549, 18.346804], [-64.709698, 18.34612], [-64.709615, 18.346083], [-64.709314, 18.345862], [-64.709181, 18.345732], [-64.709066, 18.34559], [-64.708938, 18.345347], [-64.708867, 18.34518], [-64.70871, 18.34204], [-64.708721, 18.341594], [-64.708656, 18.341238], [-64.708543, 18.341093], [-64.708465, 18.341043], [-64.707085, 18.340282], [-64.705739, 18.340535], [-64.704821, 18.340912], [-64.703081, 18.341978], [-64.702677, 18.342225], [-64.702526, 18.342335], [-64.702467, 18.342406], [-64.70244, 18.342491], [-64.702295, 18.343183], [-64.701909, 18.345219], [-64.701916, 18.345306], [-64.702096, 18.345516], [-64.703229, 18.346462], [-64.70383, 18.346645], [-64.70485, 18.348824], [-64.704293, 18.352942], [-64.704248, 18.353209], [-64.704178, 18.353472], [-64.704091, 18.35373], [-64.704011, 18.353893], [-64.703955, 18.353967], [-64.703824, 18.354097], [-64.703746, 18.354149], [-64.701896, 18.355317], [-64.70181, 18.355352], [-64.701536, 18.355419], [-64.699663, 18.355654], [-64.694379, 18.355761], [-64.69133, 18.354341], [-64.693194, 18.349535], [-64.693084, 18.343892], [-64.692742, 18.340122], [-64.692708, 18.339944], [-64.692614, 18.339596], [-64.692575, 18.339516], [-64.692305, 18.339274], [-64.692157, 18.339163], [-64.692063, 18.339146], [-64.691786, 18.339107], [-64.691691, 18.33912], [-64.691266, 18.339399], [-64.691032, 18.33959], [-64.690701, 18.339892], [-64.690647, 18.339965], [-64.687467, 18.34486], [-64.682932, 18.346736], [-64.675906, 18.34342], [-64.675571, 18.343259], [-64.675376, 18.343128], [-64.67488, 18.342752], [-64.674734, 18.342637], [-64.674505, 18.34238], [-64.674288, 18.342084], [-64.674207, 18.34192], [-64.674191, 18.341832], [-64.674144, 18.340746], [-64.674154, 18.340566], [-64.674363, 18.337273], [-64.677528, 18.333105], [-64.67756, 18.332107], [-64.674456, 18.33052], [-64.673852, 18.330219], [-64.673206, 18.330007], [-64.671882, 18.329708], [-64.670686, 18.329879], [-64.668916, 18.330644], [-64.662849, 18.336533], [-64.661233, 18.339903], [-64.660929, 18.3407], [-64.660932, 18.343666], [-64.662068, 18.344535], [-64.663064, 18.345192], [-64.674959, 18.349495], [-64.679275, 18.348363], [-64.687046, 18.356475], [-64.69496, 18.362185], [-64.70724, 18.365032], [-64.710869, 18.366676], [-64.7144, 18.367247], [-64.719561, 18.367086], [-64.720398, 18.364083], [-64.724617, 18.36317], [-64.732384, 18.363459], [-64.737274, 18.364428], [-64.738042, 18.364669], [-64.739553, 18.365372], [-64.739632, 18.365419], [-64.739688, 18.365494], [-64.739715, 18.365615], [-64.739718, 18.365882], [-64.739644, 18.366329], [-64.739619, 18.366417], [-64.739564, 18.366487], [-64.739485, 18.366542], [-64.73809, 18.366771], [-64.737995, 18.366769], [-64.737244, 18.366701], [-64.736966, 18.366657], [-64.736379, 18.366364], [-64.736115, 18.366272], [-64.735841, 18.366201], [-64.735367, 18.366184], [-64.735272, 18.36619], [-64.735097, 18.366227], [-64.734925, 18.366303], [-64.734703, 18.36647], [-64.734227, 18.36691], [-64.733785, 18.36738], [-64.733739, 18.367458], [-64.733544, 18.367862], [-64.733468, 18.368028], [-64.733395, 18.36829], [-64.733266, 18.368814], [-64.733263, 18.368906], [-64.733279, 18.368994], [-64.733372, 18.369339], [-64.733413, 18.36942], [-64.73388, 18.369846], [-64.734378, 18.370254], [-64.735269, 18.370921], [-64.735354, 18.370961], [-64.735627, 18.371038], [-64.742062, 18.372574], [-64.742247, 18.372602], [-64.744127, 18.372781], [-64.748783, 18.372939]]], [[[-65.059553, 18.381738], [-65.059762, 18.381952], [-65.060228, 18.382031], [-65.061071, 18.38188], [-65.061249, 18.381843], [-65.063257, 18.380989], [-65.064025, 18.380639], [-65.064081, 18.380571], [-65.06433, 18.380235], [-65.064365, 18.380147], [-65.064363, 18.380058], [-65.064217, 18.379705], [-65.063336, 18.378687], [-65.062953, 18.37843], [-65.062051, 18.378245], [-65.061957, 18.378243], [-65.061504, 18.378235], [-65.061234, 18.378293], [-65.061161, 18.378336], [-65.060722, 18.378622], [-65.060553, 18.378879], [-65.059369, 18.380871], [-65.059197, 18.381193], [-65.059505, 18.381667], [-65.059553, 18.381738]]], [[[-64.93991, 18.382787], [-64.94123, 18.383383], [-64.941325, 18.383395], [-64.941415, 18.383368], [-64.941497, 18.383322], [-64.941571, 18.383158], [-64.941538, 18.383081], [-64.941259, 18.38284], [-64.939927, 18.381758], [-64.925057, 18.369638], [-64.923999, 18.368527], [-64.923456, 18.367953], [-64.922992, 18.367394], [-64.922021, 18.366176], [-64.92198, 18.365955], [-64.922081, 18.365515], [-64.922377, 18.364756], [-64.922667, 18.36429], [-64.9245, 18.361391], [-64.924653, 18.361162], [-64.924884, 18.360877], [-64.925141, 18.36061], [-64.926319, 18.359566], [-64.92653, 18.359383], [-64.926767, 18.359237], [-64.927711, 18.358851], [-64.927802, 18.358831], [-64.927991, 18.358815], [-64.937061, 18.36271], [-64.938709, 18.363538], [-64.938887, 18.363638], [-64.939607, 18.364056], [-64.939768, 18.36415], [-64.940193, 18.36451], [-64.940517, 18.364839], [-64.940682, 18.36506], [-64.941632, 18.366413], [-64.941821, 18.367787], [-64.943388, 18.370344], [-64.949208, 18.373673], [-64.952456, 18.375433], [-64.956873, 18.369176], [-64.965122, 18.369272], [-64.969545, 18.370348], [-64.973713, 18.372287], [-64.979293, 18.372233], [-64.990301, 18.372016], [-64.991173, 18.371439], [-64.991712, 18.370375], [-64.993939, 18.362504], [-65.005718, 18.364844], [-65.006324, 18.363282], [-65.006473, 18.362956], [-65.006539, 18.36289], [-65.006916, 18.36266], [-65.007088, 18.362585], [-65.007275, 18.362558], [-65.014089, 18.361883], [-65.021007, 18.361368], [-65.031921, 18.358091], [-65.040489, 18.353849], [-65.041508, 18.352679], [-65.03771, 18.34894], [-65.029313, 18.34295], [-65.021888, 18.342772], [-65.009898, 18.343739], [-65.002093, 18.346187], [-65.000516, 18.347037], [-64.99753, 18.349246], [-64.996348, 18.350512], [-64.99481, 18.351451], [-64.992213, 18.351237], [-64.992055, 18.351224], [-64.990415, 18.350752], [-64.98884, 18.350288], [-64.98831, 18.350095], [-64.9789, 18.345108], [-64.977958, 18.344361], [-64.977484, 18.34388], [-64.977325, 18.343655], [-64.976854, 18.342677], [-64.976741, 18.342335], [-64.976599, 18.341435], [-64.97653, 18.339635], [-64.976816, 18.33868], [-64.978621, 18.337828], [-64.978712, 18.337811], [-64.980602, 18.337746], [-64.981493, 18.335274], [-64.973706, 18.333188], [-64.969807, 18.334522], [-64.965009, 18.328523], [-64.961718, 18.325668], [-64.954955, 18.329841], [-64.94776, 18.335853], [-64.938147, 18.338906], [-64.937785, 18.339011], [-64.933459, 18.33976], [-64.928895, 18.340319], [-64.928517, 18.340337], [-64.928044, 18.340326], [-64.927479, 18.340271], [-64.927207, 18.340195], [-64.92695, 18.340083], [-64.926361, 18.339797], [-64.922088, 18.337136], [-64.920918, 18.33368], [-64.923663, 18.32881], [-64.921588, 18.322284], [-64.919802, 18.320011], [-64.906454, 18.312017], [-64.904081, 18.31143], [-64.900824, 18.310672], [-64.897757, 18.31095], [-64.894991, 18.311888], [-64.888921, 18.311566], [-64.882813, 18.307943], [-64.87853, 18.304367], [-64.876106, 18.307411], [-64.88081, 18.313283], [-64.880265, 18.317094], [-64.867908, 18.319687], [-64.851178, 18.315913], [-64.847104, 18.313139], [-64.839615, 18.315621], [-64.841498, 18.320107], [-64.836554, 18.324266], [-64.841705, 18.324989], [-64.846504, 18.323691], [-64.853726, 18.322812], [-64.853841, 18.322822], [-64.854168, 18.322987], [-64.85438, 18.323281], [-64.854447, 18.32341], [-64.854447, 18.323474], [-64.854437, 18.323519], [-64.854302, 18.323804], [-64.854255, 18.323878], [-64.853938, 18.324089], [-64.848755, 18.326991], [-64.846929, 18.332459], [-64.854087, 18.338769], [-64.859216, 18.34144], [-64.864337, 18.345359], [-64.865126, 18.349178], [-64.86968, 18.35105], [-64.872504, 18.351848], [-64.873282, 18.352004], [-64.874493, 18.352059], [-64.875222, 18.351939], [-64.880824, 18.353498], [-64.885581, 18.355948], [-64.889531, 18.358095], [-64.898739, 18.362765], [-64.910135, 18.366057], [-64.914994, 18.367858], [-64.920885, 18.370526], [-64.931389, 18.377811], [-64.938832, 18.382164], [-64.93991, 18.382787]]], [[[-64.97223, 18.385837], [-64.973485, 18.38706], [-64.973567, 18.387106], [-64.973658, 18.387128], [-64.973752, 18.387126], [-64.974296, 18.386966], [-64.974654, 18.386851], [-64.975455, 18.386576], [-64.97554, 18.386541], [-64.976143, 18.386269], [-64.976214, 18.386101], [-64.976223, 18.386013], [-64.976191, 18.385928], [-64.976034, 18.385597], [-64.973432, 18.382032], [-64.967134, 18.376574], [-64.966898, 18.376423], [-64.966714, 18.376378], [-64.966431, 18.376361], [-64.966246, 18.376398], [-64.966161, 18.376439], [-64.966017, 18.376557], [-64.96589, 18.376691], [-64.965732, 18.376916], [-64.965705, 18.377002], [-64.965695, 18.377092], [-64.965699, 18.377988], [-64.965747, 18.378162], [-64.967569, 18.383097], [-64.969634, 18.384814], [-64.97223, 18.385837]]], [[[-64.967168, 18.392853], [-64.967022, 18.393188], [-64.967017, 18.393273], [-64.967129, 18.393323], [-64.967334, 18.393179], [-64.96755, 18.392885], [-64.967563, 18.39281], [-64.967494, 18.392745], [-64.967235, 18.392784], [-64.967168, 18.392853]]], [[[-64.974375, 18.401404], [-64.975171, 18.401783], [-64.974747, 18.395494], [-64.975017, 18.395439], [-64.975083, 18.395373], [-64.975127, 18.395293], [-64.975179, 18.395119], [-64.975156, 18.39494], [-64.974985, 18.394519], [-64.974665, 18.393966], [-64.974246, 18.39348], [-64.974118, 18.393346], [-64.973758, 18.392988], [-64.973549, 18.392817], [-64.972792, 18.392306], [-64.972542, 18.392179], [-64.971287, 18.391702], [-64.971199, 18.391678], [-64.970954, 18.391638], [-64.97086, 18.391663], [-64.968118, 18.392492], [-64.968032, 18.392532], [-64.9677, 18.392781], [-64.967629, 18.392835], [-64.967575, 18.39291], [-64.967492, 18.393073], [-64.967406, 18.393426], [-64.967394, 18.393606], [-64.967411, 18.393695], [-64.967448, 18.393784], [-64.972521, 18.399836], [-64.974375, 18.401404]]], [[[-65.057505, 18.403756], [-65.057841, 18.404132], [-65.057909, 18.404198], [-65.057992, 18.404247], [-65.058249, 18.404283], [-65.058322, 18.404237], [-65.058649, 18.40392], [-65.058705, 18.403849], [-65.058789, 18.403685], [-65.058799, 18.403592], [-65.058599, 18.403312], [-65.05854, 18.403244], [-65.058143, 18.40319], [-65.058052, 18.403209], [-65.057497, 18.403394], [-65.057416, 18.403439], [-65.057405, 18.403525], [-65.057464, 18.403682], [-65.057505, 18.403756]]], [[[-64.914268, 18.405903], [-64.915553, 18.405995], [-64.916445, 18.405688], [-64.917331, 18.405006], [-64.917375, 18.404921], [-64.917392, 18.404838], [-64.91743, 18.404349], [-64.917314, 18.404113], [-64.916039, 18.402522], [-64.914667, 18.401575], [-64.912998, 18.398392], [-64.913163, 18.398086], [-64.91326, 18.397832], [-64.913309, 18.397656], [-64.91334, 18.397479], [-64.913409, 18.396778], [-64.913329, 18.396269], [-64.912743, 18.394545], [-64.910945, 18.391608], [-64.908498, 18.38854], [-64.90769, 18.387553], [-64.907622, 18.387496], [-64.907245, 18.387359], [-64.907154, 18.387344], [-64.906339, 18.387436], [-64.906064, 18.387522], [-64.905814, 18.387651], [-64.905278, 18.387954], [-64.905196, 18.388005], [-64.900277, 18.392474], [-64.900217, 18.392581], [-64.900109, 18.393307], [-64.900118, 18.394179], [-64.900122, 18.394506], [-64.900419, 18.395476], [-64.900775, 18.396479], [-64.900921, 18.396813], [-64.901097, 18.397133], [-64.904755, 18.402214], [-64.905151, 18.402715], [-64.905265, 18.402859], [-64.905403, 18.402982], [-64.905701, 18.403208], [-64.905953, 18.403328], [-64.908608, 18.404396], [-64.911715, 18.405493], [-64.914268, 18.405903]]], [[[-65.059227, 18.406389], [-65.062446, 18.404852], [-65.062526, 18.404797], [-65.062565, 18.404715], [-65.062556, 18.404626], [-65.062527, 18.40454], [-65.062449, 18.404374], [-65.062347, 18.404223], [-65.062122, 18.403953], [-65.06199, 18.40382], [-65.061706, 18.403604], [-65.061407, 18.403397], [-65.060962, 18.403268], [-65.060377, 18.403101], [-65.060189, 18.403063], [-65.060099, 18.403078], [-65.058905, 18.403679], [-65.058834, 18.40374], [-65.058225, 18.40441], [-65.05814, 18.40457], [-65.058084, 18.404746], [-65.058167, 18.405009], [-65.058204, 18.405091], [-65.058856, 18.406216], [-65.059068, 18.406376], [-65.059227, 18.406389]]], [[[-65.049379, 18.409176], [-65.049598, 18.409219], [-65.049708, 18.409098], [-65.049724, 18.408458], [-65.049867, 18.407883], [-65.049822, 18.407798], [-65.049753, 18.407725], [-65.049543, 18.407559], [-65.049241, 18.407895], [-65.049103, 18.408103], [-65.049091, 18.408187], [-65.049159, 18.409073], [-65.049222, 18.409144], [-65.049294, 18.409201], [-65.049379, 18.409176]]], [[[-64.906362, 18.412368], [-64.908663, 18.41293], [-64.909041, 18.412847], [-64.910291, 18.411498], [-64.910337, 18.411422], [-64.910356, 18.411333], [-64.910355, 18.41124], [-64.910191, 18.410724], [-64.91005, 18.410292], [-64.909872, 18.409875], [-64.909142, 18.408671], [-64.908405, 18.407532], [-64.907232, 18.406939], [-64.905616, 18.406146], [-64.905357, 18.406036], [-64.905169, 18.406013], [-64.904944, 18.406013], [-64.904578, 18.406105], [-64.904401, 18.406173], [-64.90378, 18.406583], [-64.903708, 18.406641], [-64.903583, 18.406777], [-64.90286, 18.407813], [-64.902827, 18.407894], [-64.902641, 18.408592], [-64.902536, 18.409562], [-64.902683, 18.409867], [-64.90437, 18.41137], [-64.906362, 18.412368]]], [[[-64.907559, 18.414711], [-64.90846, 18.415135], [-64.908555, 18.415128], [-64.9092, 18.414853], [-64.909231, 18.414779], [-64.909081, 18.414166], [-64.909005, 18.414117], [-64.908188, 18.413651], [-64.908097, 18.413618], [-64.908008, 18.413633], [-64.907922, 18.41368], [-64.907793, 18.41381], [-64.907572, 18.41411], [-64.90753, 18.41419], [-64.90752, 18.414275], [-64.907505, 18.414544], [-64.907506, 18.414632], [-64.907559, 18.414711]]]]}, "properties": {"OBJECTID": 60, "NAME": "US Virgin Islands", "ABBR": "VI", "Shape_Length": 2.9204365590651538, "Shape_Area": 0.02990320879247756}}]}